
*** Running vivado
    with args -log design_1_axi_slave_bridge_s1_0.vds -m64 -product Vivado -mode batch -messageDb vivado.pb -notrace -source design_1_axi_slave_bridge_s1_0.tcl



****** Vivado v2024.2 (64-bit)
  **** SW Build 5239630 on Fri Nov 08 22:35:27 MST 2024
  **** IP Build 5239520 on Sun Nov 10 16:12:51 MST 2024
  **** SharedData Build 5239561 on Fri Nov 08 14:39:27 MST 2024
  **** Start of session at: Sun Dec 21 14:58:57 2025
    ** Copyright 1986-2022 Xilinx, Inc. All Rights Reserved.
    ** Copyright 2022-2024 Advanced Micro Devices, Inc. All Rights Reserved.

source design_1_axi_slave_bridge_s1_0.tcl -notrace
create_project: Time (s): cpu = 00:00:05 ; elapsed = 00:00:05 . Memory (MB): peak = 388.594 ; gain = 87.086
INFO: [IP_Flow 19-234] Refreshing IP repositories
INFO: [IP_Flow 19-1700] Loaded user IP repository 'c:/Users/Nguyen Ha Hai/axi4-system-suite/synthesis/ip_repo'.
INFO: [IP_Flow 19-2313] Loaded Vivado IP repository 'D:/Xilink/Vivado/2024.2/data/ip'.
WARNING: [IP_Flow 19-4995] The host OS only allows 260 characters in a normal path. The IP cache path is more than 80 characters. If you experience issues with IP caching, please consider changing the IP cache to a location with a shorter path. Alternately consider using the OS subst command to map part of the path to a drive letter. 
Current IP cache path is c:/Users/Nguyen Ha Hai/axi4-system-suite/synthesis/scripts/vivado/axi4_system_sv_kv260/axi4_system_sv_kv260.cache/ip 
INFO: [IP_Flow 19-6924] IPCACHE: Running cache check for IP inst: design_1_axi_slave_bridge_s1_0
Command: synth_design -top design_1_axi_slave_bridge_s1_0 -part xczu5ev-sfvc784-1-e -incremental_mode off -mode out_of_context
Starting synth_design
Attempting to get a license for feature 'Synthesis' and/or device 'xczu5ev'
INFO: [Common 17-349] Got license for feature 'Synthesis' and/or device 'xczu5ev'
INFO: [Device 21-403] Loading part xczu5ev-sfvc784-1-e
INFO: [Synth 8-7079] Multithreading enabled for synth_design using a maximum of 2 processes.
INFO: [Synth 8-7078] Launching helper process for spawning children vivado processes
INFO: [Synth 8-7075] Helper process launched with PID 19724
---------------------------------------------------------------------------------
Starting RTL Elaboration : Time (s): cpu = 00:00:10 ; elapsed = 00:00:10 . Memory (MB): peak = 1642.160 ; gain = 179.172
---------------------------------------------------------------------------------
INFO: [Synth 8-6157] synthesizing module 'design_1_axi_slave_bridge_s1_0' [c:/Users/Nguyen Ha Hai/axi4-system-suite/synthesis/scripts/vivado/axi4_system_sv_kv260/axi4_system_sv_kv260.gen/sources_1/bd/design_1/ip/design_1_axi_slave_bridge_s1_0/synth/design_1_axi_slave_bridge_s1_0.sv:53]
INFO: [Synth 8-6157] synthesizing module 'axi_slave_bridge' [c:/Users/Nguyen Ha Hai/axi4-system-suite/synthesis/scripts/vivado/axi4_system_sv_kv260/axi4_system_sv_kv260.gen/sources_1/bd/design_1/ipshared/dceb/src/axi_slave_bridge.sv:19]
INFO: [Synth 8-6155] done synthesizing module 'axi_slave_bridge' (0#1) [c:/Users/Nguyen Ha Hai/axi4-system-suite/synthesis/scripts/vivado/axi4_system_sv_kv260/axi4_system_sv_kv260.gen/sources_1/bd/design_1/ipshared/dceb/src/axi_slave_bridge.sv:19]
INFO: [Synth 8-6155] done synthesizing module 'design_1_axi_slave_bridge_s1_0' (0#1) [c:/Users/Nguyen Ha Hai/axi4-system-suite/synthesis/scripts/vivado/axi4_system_sv_kv260/axi4_system_sv_kv260.gen/sources_1/bd/design_1/ip/design_1_axi_slave_bridge_s1_0/synth/design_1_axi_slave_bridge_s1_0.sv:53]
WARNING: [Synth 8-7129] Port ACLK in module axi_slave_bridge is either unconnected or has no load
WARNING: [Synth 8-7129] Port ARESETN in module axi_slave_bridge is either unconnected or has no load
WARNING: [Synth 8-7129] Port s_axi_awsize[2] in module axi_slave_bridge is either unconnected or has no load
WARNING: [Synth 8-7129] Port s_axi_awsize[1] in module axi_slave_bridge is either unconnected or has no load
WARNING: [Synth 8-7129] Port s_axi_awsize[0] in module axi_slave_bridge is either unconnected or has no load
WARNING: [Synth 8-7129] Port s_axi_awburst[1] in module axi_slave_bridge is either unconnected or has no load
WARNING: [Synth 8-7129] Port s_axi_awburst[0] in module axi_slave_bridge is either unconnected or has no load
WARNING: [Synth 8-7129] Port s_axi_wlast in module axi_slave_bridge is either unconnected or has no load
WARNING: [Synth 8-7129] Port s_axi_arsize[2] in module axi_slave_bridge is either unconnected or has no load
WARNING: [Synth 8-7129] Port s_axi_arsize[1] in module axi_slave_bridge is either unconnected or has no load
WARNING: [Synth 8-7129] Port s_axi_arsize[0] in module axi_slave_bridge is either unconnected or has no load
WARNING: [Synth 8-7129] Port s_axi_arburst[1] in module axi_slave_bridge is either unconnected or has no load
WARNING: [Synth 8-7129] Port s_axi_arburst[0] in module axi_slave_bridge is either unconnected or has no load
---------------------------------------------------------------------------------
Finished RTL Elaboration : Time (s): cpu = 00:00:12 ; elapsed = 00:00:13 . Memory (MB): peak = 1753.082 ; gain = 290.094
---------------------------------------------------------------------------------
---------------------------------------------------------------------------------
Start Handling Custom Attributes
---------------------------------------------------------------------------------
---------------------------------------------------------------------------------
Finished Handling Custom Attributes : Time (s): cpu = 00:00:13 ; elapsed = 00:00:14 . Memory (MB): peak = 1753.082 ; gain = 290.094
---------------------------------------------------------------------------------
---------------------------------------------------------------------------------
Finished RTL Optimization Phase 1 : Time (s): cpu = 00:00:13 ; elapsed = 00:00:14 . Memory (MB): peak = 1753.082 ; gain = 290.094
---------------------------------------------------------------------------------
Netlist sorting complete. Time (s): cpu = 00:00:00 ; elapsed = 00:00:00.006 . Memory (MB): peak = 1753.082 ; gain = 0.000
INFO: [Project 1-570] Preparing netlist for logic optimization

Processing XDC Constraints
Initializing timing engine
CRITICAL WARNING: [Designutils 20-1280] Could not find module 'design_1_axi_master_bridge_1_0'. The XDC file c:/Users/Nguyen Ha Hai/axi4-system-suite/synthesis/scripts/vivado/axi4_system_sv_kv260/axi4_system_sv_kv260.gen/sources_1/bd/design_1/ip/design_1_axi_slave_bridge_s1_0/src/design_1_axi_master_bridge_1_0/src/axi_interconnect.xdc will not be read for any cell of this module.
CRITICAL WARNING: [Designutils 20-1280] Could not find module 'design_1_axi_master_bridge_0_0'. The XDC file c:/Users/Nguyen Ha Hai/axi4-system-suite/synthesis/scripts/vivado/axi4_system_sv_kv260/axi4_system_sv_kv260.gen/sources_1/bd/design_1/ip/design_1_axi_slave_bridge_s1_0/src/design_1_axi_master_bridge_0_0/src/axi_interconnect.xdc will not be read for any cell of this module.
Parsing XDC File [c:/Users/Nguyen Ha Hai/axi4-system-suite/synthesis/scripts/vivado/axi4_system_sv_kv260/axi4_system_sv_kv260.gen/sources_1/bd/design_1/ip/design_1_axi_slave_bridge_s1_0/src/axi_interconnect.xdc] for cell 'inst'
create_clock: Time (s): cpu = 00:00:09 ; elapsed = 00:00:09 . Memory (MB): peak = 1795.973 ; gain = 0.234
WARNING: [Vivado 12-584] No ports matched 'M0_AWADDR*'. [c:/Users/Nguyen Ha Hai/axi4-system-suite/synthesis/scripts/vivado/axi4_system_sv_kv260/axi4_system_sv_kv260.gen/sources_1/bd/design_1/ip/design_1_axi_slave_bridge_s1_0/src/axi_interconnect.xdc:11]
CRITICAL WARNING: [Vivado 12-4739] set_input_delay:No valid object(s) found for '-objects [get_ports M0_AWADDR*]'. [c:/Users/Nguyen Ha Hai/axi4-system-suite/synthesis/scripts/vivado/axi4_system_sv_kv260/axi4_system_sv_kv260.gen/sources_1/bd/design_1/ip/design_1_axi_slave_bridge_s1_0/src/axi_interconnect.xdc:11]
Resolution: Check if the specified object(s) exists in the current design. If it does, ensure that the correct design hierarchy was specified for the object. If you are working with clocks, make sure create_clock was used to create the clock object before it is referenced.
WARNING: [Vivado 12-584] No ports matched 'M0_AWADDR*'. [c:/Users/Nguyen Ha Hai/axi4-system-suite/synthesis/scripts/vivado/axi4_system_sv_kv260/axi4_system_sv_kv260.gen/sources_1/bd/design_1/ip/design_1_axi_slave_bridge_s1_0/src/axi_interconnect.xdc:12]
CRITICAL WARNING: [Vivado 12-4739] set_input_delay:No valid object(s) found for '-objects [get_ports M0_AWADDR*]'. [c:/Users/Nguyen Ha Hai/axi4-system-suite/synthesis/scripts/vivado/axi4_system_sv_kv260/axi4_system_sv_kv260.gen/sources_1/bd/design_1/ip/design_1_axi_slave_bridge_s1_0/src/axi_interconnect.xdc:12]
Resolution: Check if the specified object(s) exists in the current design. If it does, ensure that the correct design hierarchy was specified for the object. If you are working with clocks, make sure create_clock was used to create the clock object before it is referenced.
WARNING: [Vivado 12-584] No ports matched 'M0_ARADDR*'. [c:/Users/Nguyen Ha Hai/axi4-system-suite/synthesis/scripts/vivado/axi4_system_sv_kv260/axi4_system_sv_kv260.gen/sources_1/bd/design_1/ip/design_1_axi_slave_bridge_s1_0/src/axi_interconnect.xdc:13]
CRITICAL WARNING: [Vivado 12-4739] set_input_delay:No valid object(s) found for '-objects [get_ports M0_ARADDR*]'. [c:/Users/Nguyen Ha Hai/axi4-system-suite/synthesis/scripts/vivado/axi4_system_sv_kv260/axi4_system_sv_kv260.gen/sources_1/bd/design_1/ip/design_1_axi_slave_bridge_s1_0/src/axi_interconnect.xdc:13]
Resolution: Check if the specified object(s) exists in the current design. If it does, ensure that the correct design hierarchy was specified for the object. If you are working with clocks, make sure create_clock was used to create the clock object before it is referenced.
WARNING: [Vivado 12-584] No ports matched 'M0_ARADDR*'. [c:/Users/Nguyen Ha Hai/axi4-system-suite/synthesis/scripts/vivado/axi4_system_sv_kv260/axi4_system_sv_kv260.gen/sources_1/bd/design_1/ip/design_1_axi_slave_bridge_s1_0/src/axi_interconnect.xdc:14]
CRITICAL WARNING: [Vivado 12-4739] set_input_delay:No valid object(s) found for '-objects [get_ports M0_ARADDR*]'. [c:/Users/Nguyen Ha Hai/axi4-system-suite/synthesis/scripts/vivado/axi4_system_sv_kv260/axi4_system_sv_kv260.gen/sources_1/bd/design_1/ip/design_1_axi_slave_bridge_s1_0/src/axi_interconnect.xdc:14]
Resolution: Check if the specified object(s) exists in the current design. If it does, ensure that the correct design hierarchy was specified for the object. If you are working with clocks, make sure create_clock was used to create the clock object before it is referenced.
WARNING: [Vivado 12-584] No ports matched 'M0_WDATA*'. [c:/Users/Nguyen Ha Hai/axi4-system-suite/synthesis/scripts/vivado/axi4_system_sv_kv260/axi4_system_sv_kv260.gen/sources_1/bd/design_1/ip/design_1_axi_slave_bridge_s1_0/src/axi_interconnect.xdc:16]
CRITICAL WARNING: [Vivado 12-4739] set_input_delay:No valid object(s) found for '-objects [get_ports M0_WDATA*]'. [c:/Users/Nguyen Ha Hai/axi4-system-suite/synthesis/scripts/vivado/axi4_system_sv_kv260/axi4_system_sv_kv260.gen/sources_1/bd/design_1/ip/design_1_axi_slave_bridge_s1_0/src/axi_interconnect.xdc:16]
Resolution: Check if the specified object(s) exists in the current design. If it does, ensure that the correct design hierarchy was specified for the object. If you are working with clocks, make sure create_clock was used to create the clock object before it is referenced.
WARNING: [Vivado 12-584] No ports matched 'M0_WDATA*'. [c:/Users/Nguyen Ha Hai/axi4-system-suite/synthesis/scripts/vivado/axi4_system_sv_kv260/axi4_system_sv_kv260.gen/sources_1/bd/design_1/ip/design_1_axi_slave_bridge_s1_0/src/axi_interconnect.xdc:17]
CRITICAL WARNING: [Vivado 12-4739] set_input_delay:No valid object(s) found for '-objects [get_ports M0_WDATA*]'. [c:/Users/Nguyen Ha Hai/axi4-system-suite/synthesis/scripts/vivado/axi4_system_sv_kv260/axi4_system_sv_kv260.gen/sources_1/bd/design_1/ip/design_1_axi_slave_bridge_s1_0/src/axi_interconnect.xdc:17]
Resolution: Check if the specified object(s) exists in the current design. If it does, ensure that the correct design hierarchy was specified for the object. If you are working with clocks, make sure create_clock was used to create the clock object before it is referenced.
WARNING: [Vivado 12-584] No ports matched 'M0_AWVALID'. [c:/Users/Nguyen Ha Hai/axi4-system-suite/synthesis/scripts/vivado/axi4_system_sv_kv260/axi4_system_sv_kv260.gen/sources_1/bd/design_1/ip/design_1_axi_slave_bridge_s1_0/src/axi_interconnect.xdc:19]
CRITICAL WARNING: [Vivado 12-4739] set_input_delay:No valid object(s) found for '-objects [get_ports M0_AWVALID]'. [c:/Users/Nguyen Ha Hai/axi4-system-suite/synthesis/scripts/vivado/axi4_system_sv_kv260/axi4_system_sv_kv260.gen/sources_1/bd/design_1/ip/design_1_axi_slave_bridge_s1_0/src/axi_interconnect.xdc:19]
Resolution: Check if the specified object(s) exists in the current design. If it does, ensure that the correct design hierarchy was specified for the object. If you are working with clocks, make sure create_clock was used to create the clock object before it is referenced.
WARNING: [Vivado 12-584] No ports matched 'M0_AWVALID'. [c:/Users/Nguyen Ha Hai/axi4-system-suite/synthesis/scripts/vivado/axi4_system_sv_kv260/axi4_system_sv_kv260.gen/sources_1/bd/design_1/ip/design_1_axi_slave_bridge_s1_0/src/axi_interconnect.xdc:20]
CRITICAL WARNING: [Vivado 12-4739] set_input_delay:No valid object(s) found for '-objects [get_ports M0_AWVALID]'. [c:/Users/Nguyen Ha Hai/axi4-system-suite/synthesis/scripts/vivado/axi4_system_sv_kv260/axi4_system_sv_kv260.gen/sources_1/bd/design_1/ip/design_1_axi_slave_bridge_s1_0/src/axi_interconnect.xdc:20]
Resolution: Check if the specified object(s) exists in the current design. If it does, ensure that the correct design hierarchy was specified for the object. If you are working with clocks, make sure create_clock was used to create the clock object before it is referenced.
WARNING: [Vivado 12-584] No ports matched 'M0_ARVALID'. [c:/Users/Nguyen Ha Hai/axi4-system-suite/synthesis/scripts/vivado/axi4_system_sv_kv260/axi4_system_sv_kv260.gen/sources_1/bd/design_1/ip/design_1_axi_slave_bridge_s1_0/src/axi_interconnect.xdc:21]
CRITICAL WARNING: [Vivado 12-4739] set_input_delay:No valid object(s) found for '-objects [get_ports M0_ARVALID]'. [c:/Users/Nguyen Ha Hai/axi4-system-suite/synthesis/scripts/vivado/axi4_system_sv_kv260/axi4_system_sv_kv260.gen/sources_1/bd/design_1/ip/design_1_axi_slave_bridge_s1_0/src/axi_interconnect.xdc:21]
Resolution: Check if the specified object(s) exists in the current design. If it does, ensure that the correct design hierarchy was specified for the object. If you are working with clocks, make sure create_clock was used to create the clock object before it is referenced.
WARNING: [Vivado 12-584] No ports matched 'M0_ARVALID'. [c:/Users/Nguyen Ha Hai/axi4-system-suite/synthesis/scripts/vivado/axi4_system_sv_kv260/axi4_system_sv_kv260.gen/sources_1/bd/design_1/ip/design_1_axi_slave_bridge_s1_0/src/axi_interconnect.xdc:22]
CRITICAL WARNING: [Vivado 12-4739] set_input_delay:No valid object(s) found for '-objects [get_ports M0_ARVALID]'. [c:/Users/Nguyen Ha Hai/axi4-system-suite/synthesis/scripts/vivado/axi4_system_sv_kv260/axi4_system_sv_kv260.gen/sources_1/bd/design_1/ip/design_1_axi_slave_bridge_s1_0/src/axi_interconnect.xdc:22]
Resolution: Check if the specified object(s) exists in the current design. If it does, ensure that the correct design hierarchy was specified for the object. If you are working with clocks, make sure create_clock was used to create the clock object before it is referenced.
WARNING: [Vivado 12-584] No ports matched 'M0_WVALID'. [c:/Users/Nguyen Ha Hai/axi4-system-suite/synthesis/scripts/vivado/axi4_system_sv_kv260/axi4_system_sv_kv260.gen/sources_1/bd/design_1/ip/design_1_axi_slave_bridge_s1_0/src/axi_interconnect.xdc:23]
CRITICAL WARNING: [Vivado 12-4739] set_input_delay:No valid object(s) found for '-objects [get_ports M0_WVALID]'. [c:/Users/Nguyen Ha Hai/axi4-system-suite/synthesis/scripts/vivado/axi4_system_sv_kv260/axi4_system_sv_kv260.gen/sources_1/bd/design_1/ip/design_1_axi_slave_bridge_s1_0/src/axi_interconnect.xdc:23]
Resolution: Check if the specified object(s) exists in the current design. If it does, ensure that the correct design hierarchy was specified for the object. If you are working with clocks, make sure create_clock was used to create the clock object before it is referenced.
WARNING: [Vivado 12-584] No ports matched 'M0_WVALID'. [c:/Users/Nguyen Ha Hai/axi4-system-suite/synthesis/scripts/vivado/axi4_system_sv_kv260/axi4_system_sv_kv260.gen/sources_1/bd/design_1/ip/design_1_axi_slave_bridge_s1_0/src/axi_interconnect.xdc:24]
CRITICAL WARNING: [Vivado 12-4739] set_input_delay:No valid object(s) found for '-objects [get_ports M0_WVALID]'. [c:/Users/Nguyen Ha Hai/axi4-system-suite/synthesis/scripts/vivado/axi4_system_sv_kv260/axi4_system_sv_kv260.gen/sources_1/bd/design_1/ip/design_1_axi_slave_bridge_s1_0/src/axi_interconnect.xdc:24]
Resolution: Check if the specified object(s) exists in the current design. If it does, ensure that the correct design hierarchy was specified for the object. If you are working with clocks, make sure create_clock was used to create the clock object before it is referenced.
WARNING: [Vivado 12-584] No ports matched 'M0_BREADY'. [c:/Users/Nguyen Ha Hai/axi4-system-suite/synthesis/scripts/vivado/axi4_system_sv_kv260/axi4_system_sv_kv260.gen/sources_1/bd/design_1/ip/design_1_axi_slave_bridge_s1_0/src/axi_interconnect.xdc:25]
CRITICAL WARNING: [Vivado 12-4739] set_input_delay:No valid object(s) found for '-objects [get_ports M0_BREADY]'. [c:/Users/Nguyen Ha Hai/axi4-system-suite/synthesis/scripts/vivado/axi4_system_sv_kv260/axi4_system_sv_kv260.gen/sources_1/bd/design_1/ip/design_1_axi_slave_bridge_s1_0/src/axi_interconnect.xdc:25]
Resolution: Check if the specified object(s) exists in the current design. If it does, ensure that the correct design hierarchy was specified for the object. If you are working with clocks, make sure create_clock was used to create the clock object before it is referenced.
WARNING: [Vivado 12-584] No ports matched 'M0_BREADY'. [c:/Users/Nguyen Ha Hai/axi4-system-suite/synthesis/scripts/vivado/axi4_system_sv_kv260/axi4_system_sv_kv260.gen/sources_1/bd/design_1/ip/design_1_axi_slave_bridge_s1_0/src/axi_interconnect.xdc:26]
CRITICAL WARNING: [Vivado 12-4739] set_input_delay:No valid object(s) found for '-objects [get_ports M0_BREADY]'. [c:/Users/Nguyen Ha Hai/axi4-system-suite/synthesis/scripts/vivado/axi4_system_sv_kv260/axi4_system_sv_kv260.gen/sources_1/bd/design_1/ip/design_1_axi_slave_bridge_s1_0/src/axi_interconnect.xdc:26]
Resolution: Check if the specified object(s) exists in the current design. If it does, ensure that the correct design hierarchy was specified for the object. If you are working with clocks, make sure create_clock was used to create the clock object before it is referenced.
WARNING: [Vivado 12-584] No ports matched 'M0_RREADY'. [c:/Users/Nguyen Ha Hai/axi4-system-suite/synthesis/scripts/vivado/axi4_system_sv_kv260/axi4_system_sv_kv260.gen/sources_1/bd/design_1/ip/design_1_axi_slave_bridge_s1_0/src/axi_interconnect.xdc:27]
CRITICAL WARNING: [Vivado 12-4739] set_input_delay:No valid object(s) found for '-objects [get_ports M0_RREADY]'. [c:/Users/Nguyen Ha Hai/axi4-system-suite/synthesis/scripts/vivado/axi4_system_sv_kv260/axi4_system_sv_kv260.gen/sources_1/bd/design_1/ip/design_1_axi_slave_bridge_s1_0/src/axi_interconnect.xdc:27]
Resolution: Check if the specified object(s) exists in the current design. If it does, ensure that the correct design hierarchy was specified for the object. If you are working with clocks, make sure create_clock was used to create the clock object before it is referenced.
WARNING: [Vivado 12-584] No ports matched 'M0_RREADY'. [c:/Users/Nguyen Ha Hai/axi4-system-suite/synthesis/scripts/vivado/axi4_system_sv_kv260/axi4_system_sv_kv260.gen/sources_1/bd/design_1/ip/design_1_axi_slave_bridge_s1_0/src/axi_interconnect.xdc:28]
CRITICAL WARNING: [Vivado 12-4739] set_input_delay:No valid object(s) found for '-objects [get_ports M0_RREADY]'. [c:/Users/Nguyen Ha Hai/axi4-system-suite/synthesis/scripts/vivado/axi4_system_sv_kv260/axi4_system_sv_kv260.gen/sources_1/bd/design_1/ip/design_1_axi_slave_bridge_s1_0/src/axi_interconnect.xdc:28]
Resolution: Check if the specified object(s) exists in the current design. If it does, ensure that the correct design hierarchy was specified for the object. If you are working with clocks, make sure create_clock was used to create the clock object before it is referenced.
WARNING: [Vivado 12-584] No ports matched 'M1_AWADDR*'. [c:/Users/Nguyen Ha Hai/axi4-system-suite/synthesis/scripts/vivado/axi4_system_sv_kv260/axi4_system_sv_kv260.gen/sources_1/bd/design_1/ip/design_1_axi_slave_bridge_s1_0/src/axi_interconnect.xdc:30]
CRITICAL WARNING: [Vivado 12-4739] set_input_delay:No valid object(s) found for '-objects [get_ports M1_AWADDR*]'. [c:/Users/Nguyen Ha Hai/axi4-system-suite/synthesis/scripts/vivado/axi4_system_sv_kv260/axi4_system_sv_kv260.gen/sources_1/bd/design_1/ip/design_1_axi_slave_bridge_s1_0/src/axi_interconnect.xdc:30]
Resolution: Check if the specified object(s) exists in the current design. If it does, ensure that the correct design hierarchy was specified for the object. If you are working with clocks, make sure create_clock was used to create the clock object before it is referenced.
WARNING: [Vivado 12-584] No ports matched 'M1_AWADDR*'. [c:/Users/Nguyen Ha Hai/axi4-system-suite/synthesis/scripts/vivado/axi4_system_sv_kv260/axi4_system_sv_kv260.gen/sources_1/bd/design_1/ip/design_1_axi_slave_bridge_s1_0/src/axi_interconnect.xdc:31]
CRITICAL WARNING: [Vivado 12-4739] set_input_delay:No valid object(s) found for '-objects [get_ports M1_AWADDR*]'. [c:/Users/Nguyen Ha Hai/axi4-system-suite/synthesis/scripts/vivado/axi4_system_sv_kv260/axi4_system_sv_kv260.gen/sources_1/bd/design_1/ip/design_1_axi_slave_bridge_s1_0/src/axi_interconnect.xdc:31]
Resolution: Check if the specified object(s) exists in the current design. If it does, ensure that the correct design hierarchy was specified for the object. If you are working with clocks, make sure create_clock was used to create the clock object before it is referenced.
WARNING: [Vivado 12-584] No ports matched 'M1_ARADDR*'. [c:/Users/Nguyen Ha Hai/axi4-system-suite/synthesis/scripts/vivado/axi4_system_sv_kv260/axi4_system_sv_kv260.gen/sources_1/bd/design_1/ip/design_1_axi_slave_bridge_s1_0/src/axi_interconnect.xdc:32]
CRITICAL WARNING: [Vivado 12-4739] set_input_delay:No valid object(s) found for '-objects [get_ports M1_ARADDR*]'. [c:/Users/Nguyen Ha Hai/axi4-system-suite/synthesis/scripts/vivado/axi4_system_sv_kv260/axi4_system_sv_kv260.gen/sources_1/bd/design_1/ip/design_1_axi_slave_bridge_s1_0/src/axi_interconnect.xdc:32]
Resolution: Check if the specified object(s) exists in the current design. If it does, ensure that the correct design hierarchy was specified for the object. If you are working with clocks, make sure create_clock was used to create the clock object before it is referenced.
WARNING: [Vivado 12-584] No ports matched 'M1_ARADDR*'. [c:/Users/Nguyen Ha Hai/axi4-system-suite/synthesis/scripts/vivado/axi4_system_sv_kv260/axi4_system_sv_kv260.gen/sources_1/bd/design_1/ip/design_1_axi_slave_bridge_s1_0/src/axi_interconnect.xdc:33]
CRITICAL WARNING: [Vivado 12-4739] set_input_delay:No valid object(s) found for '-objects [get_ports M1_ARADDR*]'. [c:/Users/Nguyen Ha Hai/axi4-system-suite/synthesis/scripts/vivado/axi4_system_sv_kv260/axi4_system_sv_kv260.gen/sources_1/bd/design_1/ip/design_1_axi_slave_bridge_s1_0/src/axi_interconnect.xdc:33]
Resolution: Check if the specified object(s) exists in the current design. If it does, ensure that the correct design hierarchy was specified for the object. If you are working with clocks, make sure create_clock was used to create the clock object before it is referenced.
WARNING: [Vivado 12-584] No ports matched 'M1_WDATA*'. [c:/Users/Nguyen Ha Hai/axi4-system-suite/synthesis/scripts/vivado/axi4_system_sv_kv260/axi4_system_sv_kv260.gen/sources_1/bd/design_1/ip/design_1_axi_slave_bridge_s1_0/src/axi_interconnect.xdc:34]
CRITICAL WARNING: [Vivado 12-4739] set_input_delay:No valid object(s) found for '-objects [get_ports M1_WDATA*]'. [c:/Users/Nguyen Ha Hai/axi4-system-suite/synthesis/scripts/vivado/axi4_system_sv_kv260/axi4_system_sv_kv260.gen/sources_1/bd/design_1/ip/design_1_axi_slave_bridge_s1_0/src/axi_interconnect.xdc:34]
Resolution: Check if the specified object(s) exists in the current design. If it does, ensure that the correct design hierarchy was specified for the object. If you are working with clocks, make sure create_clock was used to create the clock object before it is referenced.
WARNING: [Vivado 12-584] No ports matched 'M1_WDATA*'. [c:/Users/Nguyen Ha Hai/axi4-system-suite/synthesis/scripts/vivado/axi4_system_sv_kv260/axi4_system_sv_kv260.gen/sources_1/bd/design_1/ip/design_1_axi_slave_bridge_s1_0/src/axi_interconnect.xdc:35]
CRITICAL WARNING: [Vivado 12-4739] set_input_delay:No valid object(s) found for '-objects [get_ports M1_WDATA*]'. [c:/Users/Nguyen Ha Hai/axi4-system-suite/synthesis/scripts/vivado/axi4_system_sv_kv260/axi4_system_sv_kv260.gen/sources_1/bd/design_1/ip/design_1_axi_slave_bridge_s1_0/src/axi_interconnect.xdc:35]
Resolution: Check if the specified object(s) exists in the current design. If it does, ensure that the correct design hierarchy was specified for the object. If you are working with clocks, make sure create_clock was used to create the clock object before it is referenced.
WARNING: [Vivado 12-584] No ports matched 'M1_AWVALID'. [c:/Users/Nguyen Ha Hai/axi4-system-suite/synthesis/scripts/vivado/axi4_system_sv_kv260/axi4_system_sv_kv260.gen/sources_1/bd/design_1/ip/design_1_axi_slave_bridge_s1_0/src/axi_interconnect.xdc:36]
CRITICAL WARNING: [Vivado 12-4739] set_input_delay:No valid object(s) found for '-objects [get_ports M1_AWVALID]'. [c:/Users/Nguyen Ha Hai/axi4-system-suite/synthesis/scripts/vivado/axi4_system_sv_kv260/axi4_system_sv_kv260.gen/sources_1/bd/design_1/ip/design_1_axi_slave_bridge_s1_0/src/axi_interconnect.xdc:36]
Resolution: Check if the specified object(s) exists in the current design. If it does, ensure that the correct design hierarchy was specified for the object. If you are working with clocks, make sure create_clock was used to create the clock object before it is referenced.
WARNING: [Vivado 12-584] No ports matched 'M1_AWVALID'. [c:/Users/Nguyen Ha Hai/axi4-system-suite/synthesis/scripts/vivado/axi4_system_sv_kv260/axi4_system_sv_kv260.gen/sources_1/bd/design_1/ip/design_1_axi_slave_bridge_s1_0/src/axi_interconnect.xdc:37]
CRITICAL WARNING: [Vivado 12-4739] set_input_delay:No valid object(s) found for '-objects [get_ports M1_AWVALID]'. [c:/Users/Nguyen Ha Hai/axi4-system-suite/synthesis/scripts/vivado/axi4_system_sv_kv260/axi4_system_sv_kv260.gen/sources_1/bd/design_1/ip/design_1_axi_slave_bridge_s1_0/src/axi_interconnect.xdc:37]
Resolution: Check if the specified object(s) exists in the current design. If it does, ensure that the correct design hierarchy was specified for the object. If you are working with clocks, make sure create_clock was used to create the clock object before it is referenced.
WARNING: [Vivado 12-584] No ports matched 'M1_ARVALID'. [c:/Users/Nguyen Ha Hai/axi4-system-suite/synthesis/scripts/vivado/axi4_system_sv_kv260/axi4_system_sv_kv260.gen/sources_1/bd/design_1/ip/design_1_axi_slave_bridge_s1_0/src/axi_interconnect.xdc:38]
CRITICAL WARNING: [Vivado 12-4739] set_input_delay:No valid object(s) found for '-objects [get_ports M1_ARVALID]'. [c:/Users/Nguyen Ha Hai/axi4-system-suite/synthesis/scripts/vivado/axi4_system_sv_kv260/axi4_system_sv_kv260.gen/sources_1/bd/design_1/ip/design_1_axi_slave_bridge_s1_0/src/axi_interconnect.xdc:38]
Resolution: Check if the specified object(s) exists in the current design. If it does, ensure that the correct design hierarchy was specified for the object. If you are working with clocks, make sure create_clock was used to create the clock object before it is referenced.
WARNING: [Vivado 12-584] No ports matched 'M1_ARVALID'. [c:/Users/Nguyen Ha Hai/axi4-system-suite/synthesis/scripts/vivado/axi4_system_sv_kv260/axi4_system_sv_kv260.gen/sources_1/bd/design_1/ip/design_1_axi_slave_bridge_s1_0/src/axi_interconnect.xdc:39]
CRITICAL WARNING: [Vivado 12-4739] set_input_delay:No valid object(s) found for '-objects [get_ports M1_ARVALID]'. [c:/Users/Nguyen Ha Hai/axi4-system-suite/synthesis/scripts/vivado/axi4_system_sv_kv260/axi4_system_sv_kv260.gen/sources_1/bd/design_1/ip/design_1_axi_slave_bridge_s1_0/src/axi_interconnect.xdc:39]
Resolution: Check if the specified object(s) exists in the current design. If it does, ensure that the correct design hierarchy was specified for the object. If you are working with clocks, make sure create_clock was used to create the clock object before it is referenced.
WARNING: [Vivado 12-584] No ports matched 'M1_WVALID'. [c:/Users/Nguyen Ha Hai/axi4-system-suite/synthesis/scripts/vivado/axi4_system_sv_kv260/axi4_system_sv_kv260.gen/sources_1/bd/design_1/ip/design_1_axi_slave_bridge_s1_0/src/axi_interconnect.xdc:40]
CRITICAL WARNING: [Vivado 12-4739] set_input_delay:No valid object(s) found for '-objects [get_ports M1_WVALID]'. [c:/Users/Nguyen Ha Hai/axi4-system-suite/synthesis/scripts/vivado/axi4_system_sv_kv260/axi4_system_sv_kv260.gen/sources_1/bd/design_1/ip/design_1_axi_slave_bridge_s1_0/src/axi_interconnect.xdc:40]
Resolution: Check if the specified object(s) exists in the current design. If it does, ensure that the correct design hierarchy was specified for the object. If you are working with clocks, make sure create_clock was used to create the clock object before it is referenced.
WARNING: [Vivado 12-584] No ports matched 'M1_WVALID'. [c:/Users/Nguyen Ha Hai/axi4-system-suite/synthesis/scripts/vivado/axi4_system_sv_kv260/axi4_system_sv_kv260.gen/sources_1/bd/design_1/ip/design_1_axi_slave_bridge_s1_0/src/axi_interconnect.xdc:41]
CRITICAL WARNING: [Vivado 12-4739] set_input_delay:No valid object(s) found for '-objects [get_ports M1_WVALID]'. [c:/Users/Nguyen Ha Hai/axi4-system-suite/synthesis/scripts/vivado/axi4_system_sv_kv260/axi4_system_sv_kv260.gen/sources_1/bd/design_1/ip/design_1_axi_slave_bridge_s1_0/src/axi_interconnect.xdc:41]
Resolution: Check if the specified object(s) exists in the current design. If it does, ensure that the correct design hierarchy was specified for the object. If you are working with clocks, make sure create_clock was used to create the clock object before it is referenced.
WARNING: [Vivado 12-584] No ports matched 'M1_BREADY'. [c:/Users/Nguyen Ha Hai/axi4-system-suite/synthesis/scripts/vivado/axi4_system_sv_kv260/axi4_system_sv_kv260.gen/sources_1/bd/design_1/ip/design_1_axi_slave_bridge_s1_0/src/axi_interconnect.xdc:42]
CRITICAL WARNING: [Vivado 12-4739] set_input_delay:No valid object(s) found for '-objects [get_ports M1_BREADY]'. [c:/Users/Nguyen Ha Hai/axi4-system-suite/synthesis/scripts/vivado/axi4_system_sv_kv260/axi4_system_sv_kv260.gen/sources_1/bd/design_1/ip/design_1_axi_slave_bridge_s1_0/src/axi_interconnect.xdc:42]
Resolution: Check if the specified object(s) exists in the current design. If it does, ensure that the correct design hierarchy was specified for the object. If you are working with clocks, make sure create_clock was used to create the clock object before it is referenced.
WARNING: [Vivado 12-584] No ports matched 'M1_BREADY'. [c:/Users/Nguyen Ha Hai/axi4-system-suite/synthesis/scripts/vivado/axi4_system_sv_kv260/axi4_system_sv_kv260.gen/sources_1/bd/design_1/ip/design_1_axi_slave_bridge_s1_0/src/axi_interconnect.xdc:43]
CRITICAL WARNING: [Vivado 12-4739] set_input_delay:No valid object(s) found for '-objects [get_ports M1_BREADY]'. [c:/Users/Nguyen Ha Hai/axi4-system-suite/synthesis/scripts/vivado/axi4_system_sv_kv260/axi4_system_sv_kv260.gen/sources_1/bd/design_1/ip/design_1_axi_slave_bridge_s1_0/src/axi_interconnect.xdc:43]
Resolution: Check if the specified object(s) exists in the current design. If it does, ensure that the correct design hierarchy was specified for the object. If you are working with clocks, make sure create_clock was used to create the clock object before it is referenced.
WARNING: [Vivado 12-584] No ports matched 'M1_RREADY'. [c:/Users/Nguyen Ha Hai/axi4-system-suite/synthesis/scripts/vivado/axi4_system_sv_kv260/axi4_system_sv_kv260.gen/sources_1/bd/design_1/ip/design_1_axi_slave_bridge_s1_0/src/axi_interconnect.xdc:44]
CRITICAL WARNING: [Vivado 12-4739] set_input_delay:No valid object(s) found for '-objects [get_ports M1_RREADY]'. [c:/Users/Nguyen Ha Hai/axi4-system-suite/synthesis/scripts/vivado/axi4_system_sv_kv260/axi4_system_sv_kv260.gen/sources_1/bd/design_1/ip/design_1_axi_slave_bridge_s1_0/src/axi_interconnect.xdc:44]
Resolution: Check if the specified object(s) exists in the current design. If it does, ensure that the correct design hierarchy was specified for the object. If you are working with clocks, make sure create_clock was used to create the clock object before it is referenced.
WARNING: [Vivado 12-584] No ports matched 'M1_RREADY'. [c:/Users/Nguyen Ha Hai/axi4-system-suite/synthesis/scripts/vivado/axi4_system_sv_kv260/axi4_system_sv_kv260.gen/sources_1/bd/design_1/ip/design_1_axi_slave_bridge_s1_0/src/axi_interconnect.xdc:45]
CRITICAL WARNING: [Vivado 12-4739] set_input_delay:No valid object(s) found for '-objects [get_ports M1_RREADY]'. [c:/Users/Nguyen Ha Hai/axi4-system-suite/synthesis/scripts/vivado/axi4_system_sv_kv260/axi4_system_sv_kv260.gen/sources_1/bd/design_1/ip/design_1_axi_slave_bridge_s1_0/src/axi_interconnect.xdc:45]
Resolution: Check if the specified object(s) exists in the current design. If it does, ensure that the correct design hierarchy was specified for the object. If you are working with clocks, make sure create_clock was used to create the clock object before it is referenced.
WARNING: [Vivado 12-584] No ports matched 'S0_AWADDR*'. [c:/Users/Nguyen Ha Hai/axi4-system-suite/synthesis/scripts/vivado/axi4_system_sv_kv260/axi4_system_sv_kv260.gen/sources_1/bd/design_1/ip/design_1_axi_slave_bridge_s1_0/src/axi_interconnect.xdc:47]
CRITICAL WARNING: [Vivado 12-4739] set_output_delay:No valid object(s) found for '-objects [get_ports S0_AWADDR*]'. [c:/Users/Nguyen Ha Hai/axi4-system-suite/synthesis/scripts/vivado/axi4_system_sv_kv260/axi4_system_sv_kv260.gen/sources_1/bd/design_1/ip/design_1_axi_slave_bridge_s1_0/src/axi_interconnect.xdc:47]
Resolution: Check if the specified object(s) exists in the current design. If it does, ensure that the correct design hierarchy was specified for the object. If you are working with clocks, make sure create_clock was used to create the clock object before it is referenced.
WARNING: [Vivado 12-584] No ports matched 'S0_AWADDR*'. [c:/Users/Nguyen Ha Hai/axi4-system-suite/synthesis/scripts/vivado/axi4_system_sv_kv260/axi4_system_sv_kv260.gen/sources_1/bd/design_1/ip/design_1_axi_slave_bridge_s1_0/src/axi_interconnect.xdc:48]
CRITICAL WARNING: [Vivado 12-4739] set_output_delay:No valid object(s) found for '-objects [get_ports S0_AWADDR*]'. [c:/Users/Nguyen Ha Hai/axi4-system-suite/synthesis/scripts/vivado/axi4_system_sv_kv260/axi4_system_sv_kv260.gen/sources_1/bd/design_1/ip/design_1_axi_slave_bridge_s1_0/src/axi_interconnect.xdc:48]
Resolution: Check if the specified object(s) exists in the current design. If it does, ensure that the correct design hierarchy was specified for the object. If you are working with clocks, make sure create_clock was used to create the clock object before it is referenced.
WARNING: [Vivado 12-584] No ports matched 'S0_ARADDR*'. [c:/Users/Nguyen Ha Hai/axi4-system-suite/synthesis/scripts/vivado/axi4_system_sv_kv260/axi4_system_sv_kv260.gen/sources_1/bd/design_1/ip/design_1_axi_slave_bridge_s1_0/src/axi_interconnect.xdc:49]
CRITICAL WARNING: [Vivado 12-4739] set_output_delay:No valid object(s) found for '-objects [get_ports S0_ARADDR*]'. [c:/Users/Nguyen Ha Hai/axi4-system-suite/synthesis/scripts/vivado/axi4_system_sv_kv260/axi4_system_sv_kv260.gen/sources_1/bd/design_1/ip/design_1_axi_slave_bridge_s1_0/src/axi_interconnect.xdc:49]
Resolution: Check if the specified object(s) exists in the current design. If it does, ensure that the correct design hierarchy was specified for the object. If you are working with clocks, make sure create_clock was used to create the clock object before it is referenced.
WARNING: [Vivado 12-584] No ports matched 'S0_ARADDR*'. [c:/Users/Nguyen Ha Hai/axi4-system-suite/synthesis/scripts/vivado/axi4_system_sv_kv260/axi4_system_sv_kv260.gen/sources_1/bd/design_1/ip/design_1_axi_slave_bridge_s1_0/src/axi_interconnect.xdc:50]
CRITICAL WARNING: [Vivado 12-4739] set_output_delay:No valid object(s) found for '-objects [get_ports S0_ARADDR*]'. [c:/Users/Nguyen Ha Hai/axi4-system-suite/synthesis/scripts/vivado/axi4_system_sv_kv260/axi4_system_sv_kv260.gen/sources_1/bd/design_1/ip/design_1_axi_slave_bridge_s1_0/src/axi_interconnect.xdc:50]
Resolution: Check if the specified object(s) exists in the current design. If it does, ensure that the correct design hierarchy was specified for the object. If you are working with clocks, make sure create_clock was used to create the clock object before it is referenced.
WARNING: [Vivado 12-584] No ports matched 'S0_WDATA*'. [c:/Users/Nguyen Ha Hai/axi4-system-suite/synthesis/scripts/vivado/axi4_system_sv_kv260/axi4_system_sv_kv260.gen/sources_1/bd/design_1/ip/design_1_axi_slave_bridge_s1_0/src/axi_interconnect.xdc:51]
CRITICAL WARNING: [Vivado 12-4739] set_output_delay:No valid object(s) found for '-objects [get_ports S0_WDATA*]'. [c:/Users/Nguyen Ha Hai/axi4-system-suite/synthesis/scripts/vivado/axi4_system_sv_kv260/axi4_system_sv_kv260.gen/sources_1/bd/design_1/ip/design_1_axi_slave_bridge_s1_0/src/axi_interconnect.xdc:51]
Resolution: Check if the specified object(s) exists in the current design. If it does, ensure that the correct design hierarchy was specified for the object. If you are working with clocks, make sure create_clock was used to create the clock object before it is referenced.
WARNING: [Vivado 12-584] No ports matched 'S0_WDATA*'. [c:/Users/Nguyen Ha Hai/axi4-system-suite/synthesis/scripts/vivado/axi4_system_sv_kv260/axi4_system_sv_kv260.gen/sources_1/bd/design_1/ip/design_1_axi_slave_bridge_s1_0/src/axi_interconnect.xdc:52]
CRITICAL WARNING: [Vivado 12-4739] set_output_delay:No valid object(s) found for '-objects [get_ports S0_WDATA*]'. [c:/Users/Nguyen Ha Hai/axi4-system-suite/synthesis/scripts/vivado/axi4_system_sv_kv260/axi4_system_sv_kv260.gen/sources_1/bd/design_1/ip/design_1_axi_slave_bridge_s1_0/src/axi_interconnect.xdc:52]
Resolution: Check if the specified object(s) exists in the current design. If it does, ensure that the correct design hierarchy was specified for the object. If you are working with clocks, make sure create_clock was used to create the clock object before it is referenced.
WARNING: [Vivado 12-584] No ports matched 'S0_AWVALID'. [c:/Users/Nguyen Ha Hai/axi4-system-suite/synthesis/scripts/vivado/axi4_system_sv_kv260/axi4_system_sv_kv260.gen/sources_1/bd/design_1/ip/design_1_axi_slave_bridge_s1_0/src/axi_interconnect.xdc:53]
CRITICAL WARNING: [Vivado 12-4739] set_output_delay:No valid object(s) found for '-objects [get_ports S0_AWVALID]'. [c:/Users/Nguyen Ha Hai/axi4-system-suite/synthesis/scripts/vivado/axi4_system_sv_kv260/axi4_system_sv_kv260.gen/sources_1/bd/design_1/ip/design_1_axi_slave_bridge_s1_0/src/axi_interconnect.xdc:53]
Resolution: Check if the specified object(s) exists in the current design. If it does, ensure that the correct design hierarchy was specified for the object. If you are working with clocks, make sure create_clock was used to create the clock object before it is referenced.
WARNING: [Vivado 12-584] No ports matched 'S0_AWVALID'. [c:/Users/Nguyen Ha Hai/axi4-system-suite/synthesis/scripts/vivado/axi4_system_sv_kv260/axi4_system_sv_kv260.gen/sources_1/bd/design_1/ip/design_1_axi_slave_bridge_s1_0/src/axi_interconnect.xdc:54]
CRITICAL WARNING: [Vivado 12-4739] set_output_delay:No valid object(s) found for '-objects [get_ports S0_AWVALID]'. [c:/Users/Nguyen Ha Hai/axi4-system-suite/synthesis/scripts/vivado/axi4_system_sv_kv260/axi4_system_sv_kv260.gen/sources_1/bd/design_1/ip/design_1_axi_slave_bridge_s1_0/src/axi_interconnect.xdc:54]
Resolution: Check if the specified object(s) exists in the current design. If it does, ensure that the correct design hierarchy was specified for the object. If you are working with clocks, make sure create_clock was used to create the clock object before it is referenced.
WARNING: [Vivado 12-584] No ports matched 'S0_ARVALID'. [c:/Users/Nguyen Ha Hai/axi4-system-suite/synthesis/scripts/vivado/axi4_system_sv_kv260/axi4_system_sv_kv260.gen/sources_1/bd/design_1/ip/design_1_axi_slave_bridge_s1_0/src/axi_interconnect.xdc:55]
CRITICAL WARNING: [Vivado 12-4739] set_output_delay:No valid object(s) found for '-objects [get_ports S0_ARVALID]'. [c:/Users/Nguyen Ha Hai/axi4-system-suite/synthesis/scripts/vivado/axi4_system_sv_kv260/axi4_system_sv_kv260.gen/sources_1/bd/design_1/ip/design_1_axi_slave_bridge_s1_0/src/axi_interconnect.xdc:55]
Resolution: Check if the specified object(s) exists in the current design. If it does, ensure that the correct design hierarchy was specified for the object. If you are working with clocks, make sure create_clock was used to create the clock object before it is referenced.
WARNING: [Vivado 12-584] No ports matched 'S0_ARVALID'. [c:/Users/Nguyen Ha Hai/axi4-system-suite/synthesis/scripts/vivado/axi4_system_sv_kv260/axi4_system_sv_kv260.gen/sources_1/bd/design_1/ip/design_1_axi_slave_bridge_s1_0/src/axi_interconnect.xdc:56]
CRITICAL WARNING: [Vivado 12-4739] set_output_delay:No valid object(s) found for '-objects [get_ports S0_ARVALID]'. [c:/Users/Nguyen Ha Hai/axi4-system-suite/synthesis/scripts/vivado/axi4_system_sv_kv260/axi4_system_sv_kv260.gen/sources_1/bd/design_1/ip/design_1_axi_slave_bridge_s1_0/src/axi_interconnect.xdc:56]
Resolution: Check if the specified object(s) exists in the current design. If it does, ensure that the correct design hierarchy was specified for the object. If you are working with clocks, make sure create_clock was used to create the clock object before it is referenced.
WARNING: [Vivado 12-584] No ports matched 'S0_WVALID'. [c:/Users/Nguyen Ha Hai/axi4-system-suite/synthesis/scripts/vivado/axi4_system_sv_kv260/axi4_system_sv_kv260.gen/sources_1/bd/design_1/ip/design_1_axi_slave_bridge_s1_0/src/axi_interconnect.xdc:57]
CRITICAL WARNING: [Vivado 12-4739] set_output_delay:No valid object(s) found for '-objects [get_ports S0_WVALID]'. [c:/Users/Nguyen Ha Hai/axi4-system-suite/synthesis/scripts/vivado/axi4_system_sv_kv260/axi4_system_sv_kv260.gen/sources_1/bd/design_1/ip/design_1_axi_slave_bridge_s1_0/src/axi_interconnect.xdc:57]
Resolution: Check if the specified object(s) exists in the current design. If it does, ensure that the correct design hierarchy was specified for the object. If you are working with clocks, make sure create_clock was used to create the clock object before it is referenced.
WARNING: [Vivado 12-584] No ports matched 'S0_WVALID'. [c:/Users/Nguyen Ha Hai/axi4-system-suite/synthesis/scripts/vivado/axi4_system_sv_kv260/axi4_system_sv_kv260.gen/sources_1/bd/design_1/ip/design_1_axi_slave_bridge_s1_0/src/axi_interconnect.xdc:58]
CRITICAL WARNING: [Vivado 12-4739] set_output_delay:No valid object(s) found for '-objects [get_ports S0_WVALID]'. [c:/Users/Nguyen Ha Hai/axi4-system-suite/synthesis/scripts/vivado/axi4_system_sv_kv260/axi4_system_sv_kv260.gen/sources_1/bd/design_1/ip/design_1_axi_slave_bridge_s1_0/src/axi_interconnect.xdc:58]
Resolution: Check if the specified object(s) exists in the current design. If it does, ensure that the correct design hierarchy was specified for the object. If you are working with clocks, make sure create_clock was used to create the clock object before it is referenced.
WARNING: [Vivado 12-584] No ports matched 'S0_BREADY'. [c:/Users/Nguyen Ha Hai/axi4-system-suite/synthesis/scripts/vivado/axi4_system_sv_kv260/axi4_system_sv_kv260.gen/sources_1/bd/design_1/ip/design_1_axi_slave_bridge_s1_0/src/axi_interconnect.xdc:59]
CRITICAL WARNING: [Vivado 12-4739] set_output_delay:No valid object(s) found for '-objects [get_ports S0_BREADY]'. [c:/Users/Nguyen Ha Hai/axi4-system-suite/synthesis/scripts/vivado/axi4_system_sv_kv260/axi4_system_sv_kv260.gen/sources_1/bd/design_1/ip/design_1_axi_slave_bridge_s1_0/src/axi_interconnect.xdc:59]
Resolution: Check if the specified object(s) exists in the current design. If it does, ensure that the correct design hierarchy was specified for the object. If you are working with clocks, make sure create_clock was used to create the clock object before it is referenced.
WARNING: [Vivado 12-584] No ports matched 'S0_BREADY'. [c:/Users/Nguyen Ha Hai/axi4-system-suite/synthesis/scripts/vivado/axi4_system_sv_kv260/axi4_system_sv_kv260.gen/sources_1/bd/design_1/ip/design_1_axi_slave_bridge_s1_0/src/axi_interconnect.xdc:60]
CRITICAL WARNING: [Vivado 12-4739] set_output_delay:No valid object(s) found for '-objects [get_ports S0_BREADY]'. [c:/Users/Nguyen Ha Hai/axi4-system-suite/synthesis/scripts/vivado/axi4_system_sv_kv260/axi4_system_sv_kv260.gen/sources_1/bd/design_1/ip/design_1_axi_slave_bridge_s1_0/src/axi_interconnect.xdc:60]
Resolution: Check if the specified object(s) exists in the current design. If it does, ensure that the correct design hierarchy was specified for the object. If you are working with clocks, make sure create_clock was used to create the clock object before it is referenced.
WARNING: [Vivado 12-584] No ports matched 'S0_RREADY'. [c:/Users/Nguyen Ha Hai/axi4-system-suite/synthesis/scripts/vivado/axi4_system_sv_kv260/axi4_system_sv_kv260.gen/sources_1/bd/design_1/ip/design_1_axi_slave_bridge_s1_0/src/axi_interconnect.xdc:61]
CRITICAL WARNING: [Vivado 12-4739] set_output_delay:No valid object(s) found for '-objects [get_ports S0_RREADY]'. [c:/Users/Nguyen Ha Hai/axi4-system-suite/synthesis/scripts/vivado/axi4_system_sv_kv260/axi4_system_sv_kv260.gen/sources_1/bd/design_1/ip/design_1_axi_slave_bridge_s1_0/src/axi_interconnect.xdc:61]
Resolution: Check if the specified object(s) exists in the current design. If it does, ensure that the correct design hierarchy was specified for the object. If you are working with clocks, make sure create_clock was used to create the clock object before it is referenced.
WARNING: [Vivado 12-584] No ports matched 'S0_RREADY'. [c:/Users/Nguyen Ha Hai/axi4-system-suite/synthesis/scripts/vivado/axi4_system_sv_kv260/axi4_system_sv_kv260.gen/sources_1/bd/design_1/ip/design_1_axi_slave_bridge_s1_0/src/axi_interconnect.xdc:62]
CRITICAL WARNING: [Vivado 12-4739] set_output_delay:No valid object(s) found for '-objects [get_ports S0_RREADY]'. [c:/Users/Nguyen Ha Hai/axi4-system-suite/synthesis/scripts/vivado/axi4_system_sv_kv260/axi4_system_sv_kv260.gen/sources_1/bd/design_1/ip/design_1_axi_slave_bridge_s1_0/src/axi_interconnect.xdc:62]
Resolution: Check if the specified object(s) exists in the current design. If it does, ensure that the correct design hierarchy was specified for the object. If you are working with clocks, make sure create_clock was used to create the clock object before it is referenced.
WARNING: [Vivado 12-584] No ports matched 'S1_AWADDR*'. [c:/Users/Nguyen Ha Hai/axi4-system-suite/synthesis/scripts/vivado/axi4_system_sv_kv260/axi4_system_sv_kv260.gen/sources_1/bd/design_1/ip/design_1_axi_slave_bridge_s1_0/src/axi_interconnect.xdc:64]
CRITICAL WARNING: [Vivado 12-4739] set_output_delay:No valid object(s) found for '-objects [get_ports S1_AWADDR*]'. [c:/Users/Nguyen Ha Hai/axi4-system-suite/synthesis/scripts/vivado/axi4_system_sv_kv260/axi4_system_sv_kv260.gen/sources_1/bd/design_1/ip/design_1_axi_slave_bridge_s1_0/src/axi_interconnect.xdc:64]
Resolution: Check if the specified object(s) exists in the current design. If it does, ensure that the correct design hierarchy was specified for the object. If you are working with clocks, make sure create_clock was used to create the clock object before it is referenced.
WARNING: [Vivado 12-584] No ports matched 'S1_AWADDR*'. [c:/Users/Nguyen Ha Hai/axi4-system-suite/synthesis/scripts/vivado/axi4_system_sv_kv260/axi4_system_sv_kv260.gen/sources_1/bd/design_1/ip/design_1_axi_slave_bridge_s1_0/src/axi_interconnect.xdc:65]
CRITICAL WARNING: [Vivado 12-4739] set_output_delay:No valid object(s) found for '-objects [get_ports S1_AWADDR*]'. [c:/Users/Nguyen Ha Hai/axi4-system-suite/synthesis/scripts/vivado/axi4_system_sv_kv260/axi4_system_sv_kv260.gen/sources_1/bd/design_1/ip/design_1_axi_slave_bridge_s1_0/src/axi_interconnect.xdc:65]
Resolution: Check if the specified object(s) exists in the current design. If it does, ensure that the correct design hierarchy was specified for the object. If you are working with clocks, make sure create_clock was used to create the clock object before it is referenced.
WARNING: [Vivado 12-584] No ports matched 'S1_ARADDR*'. [c:/Users/Nguyen Ha Hai/axi4-system-suite/synthesis/scripts/vivado/axi4_system_sv_kv260/axi4_system_sv_kv260.gen/sources_1/bd/design_1/ip/design_1_axi_slave_bridge_s1_0/src/axi_interconnect.xdc:66]
CRITICAL WARNING: [Vivado 12-4739] set_output_delay:No valid object(s) found for '-objects [get_ports S1_ARADDR*]'. [c:/Users/Nguyen Ha Hai/axi4-system-suite/synthesis/scripts/vivado/axi4_system_sv_kv260/axi4_system_sv_kv260.gen/sources_1/bd/design_1/ip/design_1_axi_slave_bridge_s1_0/src/axi_interconnect.xdc:66]
Resolution: Check if the specified object(s) exists in the current design. If it does, ensure that the correct design hierarchy was specified for the object. If you are working with clocks, make sure create_clock was used to create the clock object before it is referenced.
WARNING: [Vivado 12-584] No ports matched 'S1_ARADDR*'. [c:/Users/Nguyen Ha Hai/axi4-system-suite/synthesis/scripts/vivado/axi4_system_sv_kv260/axi4_system_sv_kv260.gen/sources_1/bd/design_1/ip/design_1_axi_slave_bridge_s1_0/src/axi_interconnect.xdc:67]
CRITICAL WARNING: [Vivado 12-4739] set_output_delay:No valid object(s) found for '-objects [get_ports S1_ARADDR*]'. [c:/Users/Nguyen Ha Hai/axi4-system-suite/synthesis/scripts/vivado/axi4_system_sv_kv260/axi4_system_sv_kv260.gen/sources_1/bd/design_1/ip/design_1_axi_slave_bridge_s1_0/src/axi_interconnect.xdc:67]
Resolution: Check if the specified object(s) exists in the current design. If it does, ensure that the correct design hierarchy was specified for the object. If you are working with clocks, make sure create_clock was used to create the clock object before it is referenced.
WARNING: [Vivado 12-584] No ports matched 'S1_WDATA*'. [c:/Users/Nguyen Ha Hai/axi4-system-suite/synthesis/scripts/vivado/axi4_system_sv_kv260/axi4_system_sv_kv260.gen/sources_1/bd/design_1/ip/design_1_axi_slave_bridge_s1_0/src/axi_interconnect.xdc:68]
CRITICAL WARNING: [Vivado 12-4739] set_output_delay:No valid object(s) found for '-objects [get_ports S1_WDATA*]'. [c:/Users/Nguyen Ha Hai/axi4-system-suite/synthesis/scripts/vivado/axi4_system_sv_kv260/axi4_system_sv_kv260.gen/sources_1/bd/design_1/ip/design_1_axi_slave_bridge_s1_0/src/axi_interconnect.xdc:68]
Resolution: Check if the specified object(s) exists in the current design. If it does, ensure that the correct design hierarchy was specified for the object. If you are working with clocks, make sure create_clock was used to create the clock object before it is referenced.
WARNING: [Vivado 12-584] No ports matched 'S1_WDATA*'. [c:/Users/Nguyen Ha Hai/axi4-system-suite/synthesis/scripts/vivado/axi4_system_sv_kv260/axi4_system_sv_kv260.gen/sources_1/bd/design_1/ip/design_1_axi_slave_bridge_s1_0/src/axi_interconnect.xdc:69]
CRITICAL WARNING: [Vivado 12-4739] set_output_delay:No valid object(s) found for '-objects [get_ports S1_WDATA*]'. [c:/Users/Nguyen Ha Hai/axi4-system-suite/synthesis/scripts/vivado/axi4_system_sv_kv260/axi4_system_sv_kv260.gen/sources_1/bd/design_1/ip/design_1_axi_slave_bridge_s1_0/src/axi_interconnect.xdc:69]
Resolution: Check if the specified object(s) exists in the current design. If it does, ensure that the correct design hierarchy was specified for the object. If you are working with clocks, make sure create_clock was used to create the clock object before it is referenced.
WARNING: [Vivado 12-584] No ports matched 'S1_AWVALID'. [c:/Users/Nguyen Ha Hai/axi4-system-suite/synthesis/scripts/vivado/axi4_system_sv_kv260/axi4_system_sv_kv260.gen/sources_1/bd/design_1/ip/design_1_axi_slave_bridge_s1_0/src/axi_interconnect.xdc:70]
CRITICAL WARNING: [Vivado 12-4739] set_output_delay:No valid object(s) found for '-objects [get_ports S1_AWVALID]'. [c:/Users/Nguyen Ha Hai/axi4-system-suite/synthesis/scripts/vivado/axi4_system_sv_kv260/axi4_system_sv_kv260.gen/sources_1/bd/design_1/ip/design_1_axi_slave_bridge_s1_0/src/axi_interconnect.xdc:70]
Resolution: Check if the specified object(s) exists in the current design. If it does, ensure that the correct design hierarchy was specified for the object. If you are working with clocks, make sure create_clock was used to create the clock object before it is referenced.
WARNING: [Vivado 12-584] No ports matched 'S1_AWVALID'. [c:/Users/Nguyen Ha Hai/axi4-system-suite/synthesis/scripts/vivado/axi4_system_sv_kv260/axi4_system_sv_kv260.gen/sources_1/bd/design_1/ip/design_1_axi_slave_bridge_s1_0/src/axi_interconnect.xdc:71]
CRITICAL WARNING: [Vivado 12-4739] set_output_delay:No valid object(s) found for '-objects [get_ports S1_AWVALID]'. [c:/Users/Nguyen Ha Hai/axi4-system-suite/synthesis/scripts/vivado/axi4_system_sv_kv260/axi4_system_sv_kv260.gen/sources_1/bd/design_1/ip/design_1_axi_slave_bridge_s1_0/src/axi_interconnect.xdc:71]
Resolution: Check if the specified object(s) exists in the current design. If it does, ensure that the correct design hierarchy was specified for the object. If you are working with clocks, make sure create_clock was used to create the clock object before it is referenced.
WARNING: [Vivado 12-584] No ports matched 'S1_ARVALID'. [c:/Users/Nguyen Ha Hai/axi4-system-suite/synthesis/scripts/vivado/axi4_system_sv_kv260/axi4_system_sv_kv260.gen/sources_1/bd/design_1/ip/design_1_axi_slave_bridge_s1_0/src/axi_interconnect.xdc:72]
CRITICAL WARNING: [Vivado 12-4739] set_output_delay:No valid object(s) found for '-objects [get_ports S1_ARVALID]'. [c:/Users/Nguyen Ha Hai/axi4-system-suite/synthesis/scripts/vivado/axi4_system_sv_kv260/axi4_system_sv_kv260.gen/sources_1/bd/design_1/ip/design_1_axi_slave_bridge_s1_0/src/axi_interconnect.xdc:72]
Resolution: Check if the specified object(s) exists in the current design. If it does, ensure that the correct design hierarchy was specified for the object. If you are working with clocks, make sure create_clock was used to create the clock object before it is referenced.
WARNING: [Vivado 12-584] No ports matched 'S1_ARVALID'. [c:/Users/Nguyen Ha Hai/axi4-system-suite/synthesis/scripts/vivado/axi4_system_sv_kv260/axi4_system_sv_kv260.gen/sources_1/bd/design_1/ip/design_1_axi_slave_bridge_s1_0/src/axi_interconnect.xdc:73]
CRITICAL WARNING: [Vivado 12-4739] set_output_delay:No valid object(s) found for '-objects [get_ports S1_ARVALID]'. [c:/Users/Nguyen Ha Hai/axi4-system-suite/synthesis/scripts/vivado/axi4_system_sv_kv260/axi4_system_sv_kv260.gen/sources_1/bd/design_1/ip/design_1_axi_slave_bridge_s1_0/src/axi_interconnect.xdc:73]
Resolution: Check if the specified object(s) exists in the current design. If it does, ensure that the correct design hierarchy was specified for the object. If you are working with clocks, make sure create_clock was used to create the clock object before it is referenced.
WARNING: [Vivado 12-584] No ports matched 'S1_WVALID'. [c:/Users/Nguyen Ha Hai/axi4-system-suite/synthesis/scripts/vivado/axi4_system_sv_kv260/axi4_system_sv_kv260.gen/sources_1/bd/design_1/ip/design_1_axi_slave_bridge_s1_0/src/axi_interconnect.xdc:74]
CRITICAL WARNING: [Vivado 12-4739] set_output_delay:No valid object(s) found for '-objects [get_ports S1_WVALID]'. [c:/Users/Nguyen Ha Hai/axi4-system-suite/synthesis/scripts/vivado/axi4_system_sv_kv260/axi4_system_sv_kv260.gen/sources_1/bd/design_1/ip/design_1_axi_slave_bridge_s1_0/src/axi_interconnect.xdc:74]
Resolution: Check if the specified object(s) exists in the current design. If it does, ensure that the correct design hierarchy was specified for the object. If you are working with clocks, make sure create_clock was used to create the clock object before it is referenced.
WARNING: [Vivado 12-584] No ports matched 'S1_WVALID'. [c:/Users/Nguyen Ha Hai/axi4-system-suite/synthesis/scripts/vivado/axi4_system_sv_kv260/axi4_system_sv_kv260.gen/sources_1/bd/design_1/ip/design_1_axi_slave_bridge_s1_0/src/axi_interconnect.xdc:75]
CRITICAL WARNING: [Vivado 12-4739] set_output_delay:No valid object(s) found for '-objects [get_ports S1_WVALID]'. [c:/Users/Nguyen Ha Hai/axi4-system-suite/synthesis/scripts/vivado/axi4_system_sv_kv260/axi4_system_sv_kv260.gen/sources_1/bd/design_1/ip/design_1_axi_slave_bridge_s1_0/src/axi_interconnect.xdc:75]
Resolution: Check if the specified object(s) exists in the current design. If it does, ensure that the correct design hierarchy was specified for the object. If you are working with clocks, make sure create_clock was used to create the clock object before it is referenced.
WARNING: [Vivado 12-584] No ports matched 'S1_BREADY'. [c:/Users/Nguyen Ha Hai/axi4-system-suite/synthesis/scripts/vivado/axi4_system_sv_kv260/axi4_system_sv_kv260.gen/sources_1/bd/design_1/ip/design_1_axi_slave_bridge_s1_0/src/axi_interconnect.xdc:76]
CRITICAL WARNING: [Vivado 12-4739] set_output_delay:No valid object(s) found for '-objects [get_ports S1_BREADY]'. [c:/Users/Nguyen Ha Hai/axi4-system-suite/synthesis/scripts/vivado/axi4_system_sv_kv260/axi4_system_sv_kv260.gen/sources_1/bd/design_1/ip/design_1_axi_slave_bridge_s1_0/src/axi_interconnect.xdc:76]
Resolution: Check if the specified object(s) exists in the current design. If it does, ensure that the correct design hierarchy was specified for the object. If you are working with clocks, make sure create_clock was used to create the clock object before it is referenced.
WARNING: [Vivado 12-584] No ports matched 'S1_BREADY'. [c:/Users/Nguyen Ha Hai/axi4-system-suite/synthesis/scripts/vivado/axi4_system_sv_kv260/axi4_system_sv_kv260.gen/sources_1/bd/design_1/ip/design_1_axi_slave_bridge_s1_0/src/axi_interconnect.xdc:77]
CRITICAL WARNING: [Vivado 12-4739] set_output_delay:No valid object(s) found for '-objects [get_ports S1_BREADY]'. [c:/Users/Nguyen Ha Hai/axi4-system-suite/synthesis/scripts/vivado/axi4_system_sv_kv260/axi4_system_sv_kv260.gen/sources_1/bd/design_1/ip/design_1_axi_slave_bridge_s1_0/src/axi_interconnect.xdc:77]
Resolution: Check if the specified object(s) exists in the current design. If it does, ensure that the correct design hierarchy was specified for the object. If you are working with clocks, make sure create_clock was used to create the clock object before it is referenced.
WARNING: [Vivado 12-584] No ports matched 'S1_RREADY'. [c:/Users/Nguyen Ha Hai/axi4-system-suite/synthesis/scripts/vivado/axi4_system_sv_kv260/axi4_system_sv_kv260.gen/sources_1/bd/design_1/ip/design_1_axi_slave_bridge_s1_0/src/axi_interconnect.xdc:78]
CRITICAL WARNING: [Vivado 12-4739] set_output_delay:No valid object(s) found for '-objects [get_ports S1_RREADY]'. [c:/Users/Nguyen Ha Hai/axi4-system-suite/synthesis/scripts/vivado/axi4_system_sv_kv260/axi4_system_sv_kv260.gen/sources_1/bd/design_1/ip/design_1_axi_slave_bridge_s1_0/src/axi_interconnect.xdc:78]
Resolution: Check if the specified object(s) exists in the current design. If it does, ensure that the correct design hierarchy was specified for the object. If you are working with clocks, make sure create_clock was used to create the clock object before it is referenced.
WARNING: [Vivado 12-584] No ports matched 'S1_RREADY'. [c:/Users/Nguyen Ha Hai/axi4-system-suite/synthesis/scripts/vivado/axi4_system_sv_kv260/axi4_system_sv_kv260.gen/sources_1/bd/design_1/ip/design_1_axi_slave_bridge_s1_0/src/axi_interconnect.xdc:79]
CRITICAL WARNING: [Vivado 12-4739] set_output_delay:No valid object(s) found for '-objects [get_ports S1_RREADY]'. [c:/Users/Nguyen Ha Hai/axi4-system-suite/synthesis/scripts/vivado/axi4_system_sv_kv260/axi4_system_sv_kv260.gen/sources_1/bd/design_1/ip/design_1_axi_slave_bridge_s1_0/src/axi_interconnect.xdc:79]
Resolution: Check if the specified object(s) exists in the current design. If it does, ensure that the correct design hierarchy was specified for the object. If you are working with clocks, make sure create_clock was used to create the clock object before it is referenced.
WARNING: [Vivado 12-584] No ports matched 'S2_AWADDR*'. [c:/Users/Nguyen Ha Hai/axi4-system-suite/synthesis/scripts/vivado/axi4_system_sv_kv260/axi4_system_sv_kv260.gen/sources_1/bd/design_1/ip/design_1_axi_slave_bridge_s1_0/src/axi_interconnect.xdc:81]
CRITICAL WARNING: [Vivado 12-4739] set_output_delay:No valid object(s) found for '-objects [get_ports S2_AWADDR*]'. [c:/Users/Nguyen Ha Hai/axi4-system-suite/synthesis/scripts/vivado/axi4_system_sv_kv260/axi4_system_sv_kv260.gen/sources_1/bd/design_1/ip/design_1_axi_slave_bridge_s1_0/src/axi_interconnect.xdc:81]
Resolution: Check if the specified object(s) exists in the current design. If it does, ensure that the correct design hierarchy was specified for the object. If you are working with clocks, make sure create_clock was used to create the clock object before it is referenced.
WARNING: [Vivado 12-584] No ports matched 'S2_AWADDR*'. [c:/Users/Nguyen Ha Hai/axi4-system-suite/synthesis/scripts/vivado/axi4_system_sv_kv260/axi4_system_sv_kv260.gen/sources_1/bd/design_1/ip/design_1_axi_slave_bridge_s1_0/src/axi_interconnect.xdc:82]
CRITICAL WARNING: [Vivado 12-4739] set_output_delay:No valid object(s) found for '-objects [get_ports S2_AWADDR*]'. [c:/Users/Nguyen Ha Hai/axi4-system-suite/synthesis/scripts/vivado/axi4_system_sv_kv260/axi4_system_sv_kv260.gen/sources_1/bd/design_1/ip/design_1_axi_slave_bridge_s1_0/src/axi_interconnect.xdc:82]
Resolution: Check if the specified object(s) exists in the current design. If it does, ensure that the correct design hierarchy was specified for the object. If you are working with clocks, make sure create_clock was used to create the clock object before it is referenced.
WARNING: [Vivado 12-584] No ports matched 'S2_ARADDR*'. [c:/Users/Nguyen Ha Hai/axi4-system-suite/synthesis/scripts/vivado/axi4_system_sv_kv260/axi4_system_sv_kv260.gen/sources_1/bd/design_1/ip/design_1_axi_slave_bridge_s1_0/src/axi_interconnect.xdc:83]
CRITICAL WARNING: [Vivado 12-4739] set_output_delay:No valid object(s) found for '-objects [get_ports S2_ARADDR*]'. [c:/Users/Nguyen Ha Hai/axi4-system-suite/synthesis/scripts/vivado/axi4_system_sv_kv260/axi4_system_sv_kv260.gen/sources_1/bd/design_1/ip/design_1_axi_slave_bridge_s1_0/src/axi_interconnect.xdc:83]
Resolution: Check if the specified object(s) exists in the current design. If it does, ensure that the correct design hierarchy was specified for the object. If you are working with clocks, make sure create_clock was used to create the clock object before it is referenced.
WARNING: [Vivado 12-584] No ports matched 'S2_ARADDR*'. [c:/Users/Nguyen Ha Hai/axi4-system-suite/synthesis/scripts/vivado/axi4_system_sv_kv260/axi4_system_sv_kv260.gen/sources_1/bd/design_1/ip/design_1_axi_slave_bridge_s1_0/src/axi_interconnect.xdc:84]
CRITICAL WARNING: [Vivado 12-4739] set_output_delay:No valid object(s) found for '-objects [get_ports S2_ARADDR*]'. [c:/Users/Nguyen Ha Hai/axi4-system-suite/synthesis/scripts/vivado/axi4_system_sv_kv260/axi4_system_sv_kv260.gen/sources_1/bd/design_1/ip/design_1_axi_slave_bridge_s1_0/src/axi_interconnect.xdc:84]
Resolution: Check if the specified object(s) exists in the current design. If it does, ensure that the correct design hierarchy was specified for the object. If you are working with clocks, make sure create_clock was used to create the clock object before it is referenced.
WARNING: [Vivado 12-584] No ports matched 'S2_WDATA*'. [c:/Users/Nguyen Ha Hai/axi4-system-suite/synthesis/scripts/vivado/axi4_system_sv_kv260/axi4_system_sv_kv260.gen/sources_1/bd/design_1/ip/design_1_axi_slave_bridge_s1_0/src/axi_interconnect.xdc:85]
CRITICAL WARNING: [Vivado 12-4739] set_output_delay:No valid object(s) found for '-objects [get_ports S2_WDATA*]'. [c:/Users/Nguyen Ha Hai/axi4-system-suite/synthesis/scripts/vivado/axi4_system_sv_kv260/axi4_system_sv_kv260.gen/sources_1/bd/design_1/ip/design_1_axi_slave_bridge_s1_0/src/axi_interconnect.xdc:85]
Resolution: Check if the specified object(s) exists in the current design. If it does, ensure that the correct design hierarchy was specified for the object. If you are working with clocks, make sure create_clock was used to create the clock object before it is referenced.
WARNING: [Vivado 12-584] No ports matched 'S2_WDATA*'. [c:/Users/Nguyen Ha Hai/axi4-system-suite/synthesis/scripts/vivado/axi4_system_sv_kv260/axi4_system_sv_kv260.gen/sources_1/bd/design_1/ip/design_1_axi_slave_bridge_s1_0/src/axi_interconnect.xdc:86]
CRITICAL WARNING: [Vivado 12-4739] set_output_delay:No valid object(s) found for '-objects [get_ports S2_WDATA*]'. [c:/Users/Nguyen Ha Hai/axi4-system-suite/synthesis/scripts/vivado/axi4_system_sv_kv260/axi4_system_sv_kv260.gen/sources_1/bd/design_1/ip/design_1_axi_slave_bridge_s1_0/src/axi_interconnect.xdc:86]
Resolution: Check if the specified object(s) exists in the current design. If it does, ensure that the correct design hierarchy was specified for the object. If you are working with clocks, make sure create_clock was used to create the clock object before it is referenced.
WARNING: [Vivado 12-584] No ports matched 'S2_AWVALID'. [c:/Users/Nguyen Ha Hai/axi4-system-suite/synthesis/scripts/vivado/axi4_system_sv_kv260/axi4_system_sv_kv260.gen/sources_1/bd/design_1/ip/design_1_axi_slave_bridge_s1_0/src/axi_interconnect.xdc:87]
CRITICAL WARNING: [Vivado 12-4739] set_output_delay:No valid object(s) found for '-objects [get_ports S2_AWVALID]'. [c:/Users/Nguyen Ha Hai/axi4-system-suite/synthesis/scripts/vivado/axi4_system_sv_kv260/axi4_system_sv_kv260.gen/sources_1/bd/design_1/ip/design_1_axi_slave_bridge_s1_0/src/axi_interconnect.xdc:87]
Resolution: Check if the specified object(s) exists in the current design. If it does, ensure that the correct design hierarchy was specified for the object. If you are working with clocks, make sure create_clock was used to create the clock object before it is referenced.
WARNING: [Vivado 12-584] No ports matched 'S2_AWVALID'. [c:/Users/Nguyen Ha Hai/axi4-system-suite/synthesis/scripts/vivado/axi4_system_sv_kv260/axi4_system_sv_kv260.gen/sources_1/bd/design_1/ip/design_1_axi_slave_bridge_s1_0/src/axi_interconnect.xdc:88]
CRITICAL WARNING: [Vivado 12-4739] set_output_delay:No valid object(s) found for '-objects [get_ports S2_AWVALID]'. [c:/Users/Nguyen Ha Hai/axi4-system-suite/synthesis/scripts/vivado/axi4_system_sv_kv260/axi4_system_sv_kv260.gen/sources_1/bd/design_1/ip/design_1_axi_slave_bridge_s1_0/src/axi_interconnect.xdc:88]
Resolution: Check if the specified object(s) exists in the current design. If it does, ensure that the correct design hierarchy was specified for the object. If you are working with clocks, make sure create_clock was used to create the clock object before it is referenced.
WARNING: [Vivado 12-584] No ports matched 'S2_ARVALID'. [c:/Users/Nguyen Ha Hai/axi4-system-suite/synthesis/scripts/vivado/axi4_system_sv_kv260/axi4_system_sv_kv260.gen/sources_1/bd/design_1/ip/design_1_axi_slave_bridge_s1_0/src/axi_interconnect.xdc:89]
CRITICAL WARNING: [Vivado 12-4739] set_output_delay:No valid object(s) found for '-objects [get_ports S2_ARVALID]'. [c:/Users/Nguyen Ha Hai/axi4-system-suite/synthesis/scripts/vivado/axi4_system_sv_kv260/axi4_system_sv_kv260.gen/sources_1/bd/design_1/ip/design_1_axi_slave_bridge_s1_0/src/axi_interconnect.xdc:89]
Resolution: Check if the specified object(s) exists in the current design. If it does, ensure that the correct design hierarchy was specified for the object. If you are working with clocks, make sure create_clock was used to create the clock object before it is referenced.
WARNING: [Vivado 12-584] No ports matched 'S2_ARVALID'. [c:/Users/Nguyen Ha Hai/axi4-system-suite/synthesis/scripts/vivado/axi4_system_sv_kv260/axi4_system_sv_kv260.gen/sources_1/bd/design_1/ip/design_1_axi_slave_bridge_s1_0/src/axi_interconnect.xdc:90]
CRITICAL WARNING: [Vivado 12-4739] set_output_delay:No valid object(s) found for '-objects [get_ports S2_ARVALID]'. [c:/Users/Nguyen Ha Hai/axi4-system-suite/synthesis/scripts/vivado/axi4_system_sv_kv260/axi4_system_sv_kv260.gen/sources_1/bd/design_1/ip/design_1_axi_slave_bridge_s1_0/src/axi_interconnect.xdc:90]
Resolution: Check if the specified object(s) exists in the current design. If it does, ensure that the correct design hierarchy was specified for the object. If you are working with clocks, make sure create_clock was used to create the clock object before it is referenced.
WARNING: [Vivado 12-584] No ports matched 'S2_WVALID'. [c:/Users/Nguyen Ha Hai/axi4-system-suite/synthesis/scripts/vivado/axi4_system_sv_kv260/axi4_system_sv_kv260.gen/sources_1/bd/design_1/ip/design_1_axi_slave_bridge_s1_0/src/axi_interconnect.xdc:91]
CRITICAL WARNING: [Vivado 12-4739] set_output_delay:No valid object(s) found for '-objects [get_ports S2_WVALID]'. [c:/Users/Nguyen Ha Hai/axi4-system-suite/synthesis/scripts/vivado/axi4_system_sv_kv260/axi4_system_sv_kv260.gen/sources_1/bd/design_1/ip/design_1_axi_slave_bridge_s1_0/src/axi_interconnect.xdc:91]
Resolution: Check if the specified object(s) exists in the current design. If it does, ensure that the correct design hierarchy was specified for the object. If you are working with clocks, make sure create_clock was used to create the clock object before it is referenced.
WARNING: [Vivado 12-584] No ports matched 'S2_WVALID'. [c:/Users/Nguyen Ha Hai/axi4-system-suite/synthesis/scripts/vivado/axi4_system_sv_kv260/axi4_system_sv_kv260.gen/sources_1/bd/design_1/ip/design_1_axi_slave_bridge_s1_0/src/axi_interconnect.xdc:92]
CRITICAL WARNING: [Vivado 12-4739] set_output_delay:No valid object(s) found for '-objects [get_ports S2_WVALID]'. [c:/Users/Nguyen Ha Hai/axi4-system-suite/synthesis/scripts/vivado/axi4_system_sv_kv260/axi4_system_sv_kv260.gen/sources_1/bd/design_1/ip/design_1_axi_slave_bridge_s1_0/src/axi_interconnect.xdc:92]
Resolution: Check if the specified object(s) exists in the current design. If it does, ensure that the correct design hierarchy was specified for the object. If you are working with clocks, make sure create_clock was used to create the clock object before it is referenced.
WARNING: [Vivado 12-584] No ports matched 'S2_BREADY'. [c:/Users/Nguyen Ha Hai/axi4-system-suite/synthesis/scripts/vivado/axi4_system_sv_kv260/axi4_system_sv_kv260.gen/sources_1/bd/design_1/ip/design_1_axi_slave_bridge_s1_0/src/axi_interconnect.xdc:93]
CRITICAL WARNING: [Vivado 12-4739] set_output_delay:No valid object(s) found for '-objects [get_ports S2_BREADY]'. [c:/Users/Nguyen Ha Hai/axi4-system-suite/synthesis/scripts/vivado/axi4_system_sv_kv260/axi4_system_sv_kv260.gen/sources_1/bd/design_1/ip/design_1_axi_slave_bridge_s1_0/src/axi_interconnect.xdc:93]
Resolution: Check if the specified object(s) exists in the current design. If it does, ensure that the correct design hierarchy was specified for the object. If you are working with clocks, make sure create_clock was used to create the clock object before it is referenced.
WARNING: [Vivado 12-584] No ports matched 'S2_BREADY'. [c:/Users/Nguyen Ha Hai/axi4-system-suite/synthesis/scripts/vivado/axi4_system_sv_kv260/axi4_system_sv_kv260.gen/sources_1/bd/design_1/ip/design_1_axi_slave_bridge_s1_0/src/axi_interconnect.xdc:94]
CRITICAL WARNING: [Vivado 12-4739] set_output_delay:No valid object(s) found for '-objects [get_ports S2_BREADY]'. [c:/Users/Nguyen Ha Hai/axi4-system-suite/synthesis/scripts/vivado/axi4_system_sv_kv260/axi4_system_sv_kv260.gen/sources_1/bd/design_1/ip/design_1_axi_slave_bridge_s1_0/src/axi_interconnect.xdc:94]
Resolution: Check if the specified object(s) exists in the current design. If it does, ensure that the correct design hierarchy was specified for the object. If you are working with clocks, make sure create_clock was used to create the clock object before it is referenced.
WARNING: [Vivado 12-584] No ports matched 'S2_RREADY'. [c:/Users/Nguyen Ha Hai/axi4-system-suite/synthesis/scripts/vivado/axi4_system_sv_kv260/axi4_system_sv_kv260.gen/sources_1/bd/design_1/ip/design_1_axi_slave_bridge_s1_0/src/axi_interconnect.xdc:95]
CRITICAL WARNING: [Vivado 12-4739] set_output_delay:No valid object(s) found for '-objects [get_ports S2_RREADY]'. [c:/Users/Nguyen Ha Hai/axi4-system-suite/synthesis/scripts/vivado/axi4_system_sv_kv260/axi4_system_sv_kv260.gen/sources_1/bd/design_1/ip/design_1_axi_slave_bridge_s1_0/src/axi_interconnect.xdc:95]
Resolution: Check if the specified object(s) exists in the current design. If it does, ensure that the correct design hierarchy was specified for the object. If you are working with clocks, make sure create_clock was used to create the clock object before it is referenced.
WARNING: [Vivado 12-584] No ports matched 'S2_RREADY'. [c:/Users/Nguyen Ha Hai/axi4-system-suite/synthesis/scripts/vivado/axi4_system_sv_kv260/axi4_system_sv_kv260.gen/sources_1/bd/design_1/ip/design_1_axi_slave_bridge_s1_0/src/axi_interconnect.xdc:96]
CRITICAL WARNING: [Vivado 12-4739] set_output_delay:No valid object(s) found for '-objects [get_ports S2_RREADY]'. [c:/Users/Nguyen Ha Hai/axi4-system-suite/synthesis/scripts/vivado/axi4_system_sv_kv260/axi4_system_sv_kv260.gen/sources_1/bd/design_1/ip/design_1_axi_slave_bridge_s1_0/src/axi_interconnect.xdc:96]
Resolution: Check if the specified object(s) exists in the current design. If it does, ensure that the correct design hierarchy was specified for the object. If you are working with clocks, make sure create_clock was used to create the clock object before it is referenced.
WARNING: [Vivado 12-584] No ports matched 'S3_AWADDR*'. [c:/Users/Nguyen Ha Hai/axi4-system-suite/synthesis/scripts/vivado/axi4_system_sv_kv260/axi4_system_sv_kv260.gen/sources_1/bd/design_1/ip/design_1_axi_slave_bridge_s1_0/src/axi_interconnect.xdc:98]
CRITICAL WARNING: [Vivado 12-4739] set_output_delay:No valid object(s) found for '-objects [get_ports S3_AWADDR*]'. [c:/Users/Nguyen Ha Hai/axi4-system-suite/synthesis/scripts/vivado/axi4_system_sv_kv260/axi4_system_sv_kv260.gen/sources_1/bd/design_1/ip/design_1_axi_slave_bridge_s1_0/src/axi_interconnect.xdc:98]
Resolution: Check if the specified object(s) exists in the current design. If it does, ensure that the correct design hierarchy was specified for the object. If you are working with clocks, make sure create_clock was used to create the clock object before it is referenced.
WARNING: [Vivado 12-584] No ports matched 'S3_AWADDR*'. [c:/Users/Nguyen Ha Hai/axi4-system-suite/synthesis/scripts/vivado/axi4_system_sv_kv260/axi4_system_sv_kv260.gen/sources_1/bd/design_1/ip/design_1_axi_slave_bridge_s1_0/src/axi_interconnect.xdc:99]
CRITICAL WARNING: [Vivado 12-4739] set_output_delay:No valid object(s) found for '-objects [get_ports S3_AWADDR*]'. [c:/Users/Nguyen Ha Hai/axi4-system-suite/synthesis/scripts/vivado/axi4_system_sv_kv260/axi4_system_sv_kv260.gen/sources_1/bd/design_1/ip/design_1_axi_slave_bridge_s1_0/src/axi_interconnect.xdc:99]
Resolution: Check if the specified object(s) exists in the current design. If it does, ensure that the correct design hierarchy was specified for the object. If you are working with clocks, make sure create_clock was used to create the clock object before it is referenced.
WARNING: [Vivado 12-584] No ports matched 'S3_ARADDR*'. [c:/Users/Nguyen Ha Hai/axi4-system-suite/synthesis/scripts/vivado/axi4_system_sv_kv260/axi4_system_sv_kv260.gen/sources_1/bd/design_1/ip/design_1_axi_slave_bridge_s1_0/src/axi_interconnect.xdc:100]
CRITICAL WARNING: [Vivado 12-4739] set_output_delay:No valid object(s) found for '-objects [get_ports S3_ARADDR*]'. [c:/Users/Nguyen Ha Hai/axi4-system-suite/synthesis/scripts/vivado/axi4_system_sv_kv260/axi4_system_sv_kv260.gen/sources_1/bd/design_1/ip/design_1_axi_slave_bridge_s1_0/src/axi_interconnect.xdc:100]
Resolution: Check if the specified object(s) exists in the current design. If it does, ensure that the correct design hierarchy was specified for the object. If you are working with clocks, make sure create_clock was used to create the clock object before it is referenced.
WARNING: [Vivado 12-584] No ports matched 'S3_ARADDR*'. [c:/Users/Nguyen Ha Hai/axi4-system-suite/synthesis/scripts/vivado/axi4_system_sv_kv260/axi4_system_sv_kv260.gen/sources_1/bd/design_1/ip/design_1_axi_slave_bridge_s1_0/src/axi_interconnect.xdc:101]
CRITICAL WARNING: [Vivado 12-4739] set_output_delay:No valid object(s) found for '-objects [get_ports S3_ARADDR*]'. [c:/Users/Nguyen Ha Hai/axi4-system-suite/synthesis/scripts/vivado/axi4_system_sv_kv260/axi4_system_sv_kv260.gen/sources_1/bd/design_1/ip/design_1_axi_slave_bridge_s1_0/src/axi_interconnect.xdc:101]
Resolution: Check if the specified object(s) exists in the current design. If it does, ensure that the correct design hierarchy was specified for the object. If you are working with clocks, make sure create_clock was used to create the clock object before it is referenced.
WARNING: [Vivado 12-584] No ports matched 'S3_WDATA*'. [c:/Users/Nguyen Ha Hai/axi4-system-suite/synthesis/scripts/vivado/axi4_system_sv_kv260/axi4_system_sv_kv260.gen/sources_1/bd/design_1/ip/design_1_axi_slave_bridge_s1_0/src/axi_interconnect.xdc:102]
CRITICAL WARNING: [Vivado 12-4739] set_output_delay:No valid object(s) found for '-objects [get_ports S3_WDATA*]'. [c:/Users/Nguyen Ha Hai/axi4-system-suite/synthesis/scripts/vivado/axi4_system_sv_kv260/axi4_system_sv_kv260.gen/sources_1/bd/design_1/ip/design_1_axi_slave_bridge_s1_0/src/axi_interconnect.xdc:102]
Resolution: Check if the specified object(s) exists in the current design. If it does, ensure that the correct design hierarchy was specified for the object. If you are working with clocks, make sure create_clock was used to create the clock object before it is referenced.
WARNING: [Vivado 12-584] No ports matched 'S3_WDATA*'. [c:/Users/Nguyen Ha Hai/axi4-system-suite/synthesis/scripts/vivado/axi4_system_sv_kv260/axi4_system_sv_kv260.gen/sources_1/bd/design_1/ip/design_1_axi_slave_bridge_s1_0/src/axi_interconnect.xdc:103]
CRITICAL WARNING: [Vivado 12-4739] set_output_delay:No valid object(s) found for '-objects [get_ports S3_WDATA*]'. [c:/Users/Nguyen Ha Hai/axi4-system-suite/synthesis/scripts/vivado/axi4_system_sv_kv260/axi4_system_sv_kv260.gen/sources_1/bd/design_1/ip/design_1_axi_slave_bridge_s1_0/src/axi_interconnect.xdc:103]
Resolution: Check if the specified object(s) exists in the current design. If it does, ensure that the correct design hierarchy was specified for the object. If you are working with clocks, make sure create_clock was used to create the clock object before it is referenced.
WARNING: [Vivado 12-584] No ports matched 'S3_AWVALID'. [c:/Users/Nguyen Ha Hai/axi4-system-suite/synthesis/scripts/vivado/axi4_system_sv_kv260/axi4_system_sv_kv260.gen/sources_1/bd/design_1/ip/design_1_axi_slave_bridge_s1_0/src/axi_interconnect.xdc:104]
CRITICAL WARNING: [Vivado 12-4739] set_output_delay:No valid object(s) found for '-objects [get_ports S3_AWVALID]'. [c:/Users/Nguyen Ha Hai/axi4-system-suite/synthesis/scripts/vivado/axi4_system_sv_kv260/axi4_system_sv_kv260.gen/sources_1/bd/design_1/ip/design_1_axi_slave_bridge_s1_0/src/axi_interconnect.xdc:104]
Resolution: Check if the specified object(s) exists in the current design. If it does, ensure that the correct design hierarchy was specified for the object. If you are working with clocks, make sure create_clock was used to create the clock object before it is referenced.
WARNING: [Vivado 12-584] No ports matched 'S3_AWVALID'. [c:/Users/Nguyen Ha Hai/axi4-system-suite/synthesis/scripts/vivado/axi4_system_sv_kv260/axi4_system_sv_kv260.gen/sources_1/bd/design_1/ip/design_1_axi_slave_bridge_s1_0/src/axi_interconnect.xdc:105]
CRITICAL WARNING: [Vivado 12-4739] set_output_delay:No valid object(s) found for '-objects [get_ports S3_AWVALID]'. [c:/Users/Nguyen Ha Hai/axi4-system-suite/synthesis/scripts/vivado/axi4_system_sv_kv260/axi4_system_sv_kv260.gen/sources_1/bd/design_1/ip/design_1_axi_slave_bridge_s1_0/src/axi_interconnect.xdc:105]
Resolution: Check if the specified object(s) exists in the current design. If it does, ensure that the correct design hierarchy was specified for the object. If you are working with clocks, make sure create_clock was used to create the clock object before it is referenced.
WARNING: [Vivado 12-584] No ports matched 'S3_ARVALID'. [c:/Users/Nguyen Ha Hai/axi4-system-suite/synthesis/scripts/vivado/axi4_system_sv_kv260/axi4_system_sv_kv260.gen/sources_1/bd/design_1/ip/design_1_axi_slave_bridge_s1_0/src/axi_interconnect.xdc:106]
CRITICAL WARNING: [Vivado 12-4739] set_output_delay:No valid object(s) found for '-objects [get_ports S3_ARVALID]'. [c:/Users/Nguyen Ha Hai/axi4-system-suite/synthesis/scripts/vivado/axi4_system_sv_kv260/axi4_system_sv_kv260.gen/sources_1/bd/design_1/ip/design_1_axi_slave_bridge_s1_0/src/axi_interconnect.xdc:106]
Resolution: Check if the specified object(s) exists in the current design. If it does, ensure that the correct design hierarchy was specified for the object. If you are working with clocks, make sure create_clock was used to create the clock object before it is referenced.
WARNING: [Vivado 12-584] No ports matched 'S3_ARVALID'. [c:/Users/Nguyen Ha Hai/axi4-system-suite/synthesis/scripts/vivado/axi4_system_sv_kv260/axi4_system_sv_kv260.gen/sources_1/bd/design_1/ip/design_1_axi_slave_bridge_s1_0/src/axi_interconnect.xdc:107]
CRITICAL WARNING: [Vivado 12-4739] set_output_delay:No valid object(s) found for '-objects [get_ports S3_ARVALID]'. [c:/Users/Nguyen Ha Hai/axi4-system-suite/synthesis/scripts/vivado/axi4_system_sv_kv260/axi4_system_sv_kv260.gen/sources_1/bd/design_1/ip/design_1_axi_slave_bridge_s1_0/src/axi_interconnect.xdc:107]
Resolution: Check if the specified object(s) exists in the current design. If it does, ensure that the correct design hierarchy was specified for the object. If you are working with clocks, make sure create_clock was used to create the clock object before it is referenced.
WARNING: [Vivado 12-584] No ports matched 'S3_WVALID'. [c:/Users/Nguyen Ha Hai/axi4-system-suite/synthesis/scripts/vivado/axi4_system_sv_kv260/axi4_system_sv_kv260.gen/sources_1/bd/design_1/ip/design_1_axi_slave_bridge_s1_0/src/axi_interconnect.xdc:108]
CRITICAL WARNING: [Vivado 12-4739] set_output_delay:No valid object(s) found for '-objects [get_ports S3_WVALID]'. [c:/Users/Nguyen Ha Hai/axi4-system-suite/synthesis/scripts/vivado/axi4_system_sv_kv260/axi4_system_sv_kv260.gen/sources_1/bd/design_1/ip/design_1_axi_slave_bridge_s1_0/src/axi_interconnect.xdc:108]
Resolution: Check if the specified object(s) exists in the current design. If it does, ensure that the correct design hierarchy was specified for the object. If you are working with clocks, make sure create_clock was used to create the clock object before it is referenced.
WARNING: [Vivado 12-584] No ports matched 'S3_WVALID'. [c:/Users/Nguyen Ha Hai/axi4-system-suite/synthesis/scripts/vivado/axi4_system_sv_kv260/axi4_system_sv_kv260.gen/sources_1/bd/design_1/ip/design_1_axi_slave_bridge_s1_0/src/axi_interconnect.xdc:109]
CRITICAL WARNING: [Vivado 12-4739] set_output_delay:No valid object(s) found for '-objects [get_ports S3_WVALID]'. [c:/Users/Nguyen Ha Hai/axi4-system-suite/synthesis/scripts/vivado/axi4_system_sv_kv260/axi4_system_sv_kv260.gen/sources_1/bd/design_1/ip/design_1_axi_slave_bridge_s1_0/src/axi_interconnect.xdc:109]
Resolution: Check if the specified object(s) exists in the current design. If it does, ensure that the correct design hierarchy was specified for the object. If you are working with clocks, make sure create_clock was used to create the clock object before it is referenced.
WARNING: [Vivado 12-584] No ports matched 'S3_BREADY'. [c:/Users/Nguyen Ha Hai/axi4-system-suite/synthesis/scripts/vivado/axi4_system_sv_kv260/axi4_system_sv_kv260.gen/sources_1/bd/design_1/ip/design_1_axi_slave_bridge_s1_0/src/axi_interconnect.xdc:110]
CRITICAL WARNING: [Vivado 12-4739] set_output_delay:No valid object(s) found for '-objects [get_ports S3_BREADY]'. [c:/Users/Nguyen Ha Hai/axi4-system-suite/synthesis/scripts/vivado/axi4_system_sv_kv260/axi4_system_sv_kv260.gen/sources_1/bd/design_1/ip/design_1_axi_slave_bridge_s1_0/src/axi_interconnect.xdc:110]
Resolution: Check if the specified object(s) exists in the current design. If it does, ensure that the correct design hierarchy was specified for the object. If you are working with clocks, make sure create_clock was used to create the clock object before it is referenced.
WARNING: [Vivado 12-584] No ports matched 'S3_BREADY'. [c:/Users/Nguyen Ha Hai/axi4-system-suite/synthesis/scripts/vivado/axi4_system_sv_kv260/axi4_system_sv_kv260.gen/sources_1/bd/design_1/ip/design_1_axi_slave_bridge_s1_0/src/axi_interconnect.xdc:111]
CRITICAL WARNING: [Vivado 12-4739] set_output_delay:No valid object(s) found for '-objects [get_ports S3_BREADY]'. [c:/Users/Nguyen Ha Hai/axi4-system-suite/synthesis/scripts/vivado/axi4_system_sv_kv260/axi4_system_sv_kv260.gen/sources_1/bd/design_1/ip/design_1_axi_slave_bridge_s1_0/src/axi_interconnect.xdc:111]
Resolution: Check if the specified object(s) exists in the current design. If it does, ensure that the correct design hierarchy was specified for the object. If you are working with clocks, make sure create_clock was used to create the clock object before it is referenced.
WARNING: [Vivado 12-584] No ports matched 'S3_RREADY'. [c:/Users/Nguyen Ha Hai/axi4-system-suite/synthesis/scripts/vivado/axi4_system_sv_kv260/axi4_system_sv_kv260.gen/sources_1/bd/design_1/ip/design_1_axi_slave_bridge_s1_0/src/axi_interconnect.xdc:112]
CRITICAL WARNING: [Vivado 12-4739] set_output_delay:No valid object(s) found for '-objects [get_ports S3_RREADY]'. [c:/Users/Nguyen Ha Hai/axi4-system-suite/synthesis/scripts/vivado/axi4_system_sv_kv260/axi4_system_sv_kv260.gen/sources_1/bd/design_1/ip/design_1_axi_slave_bridge_s1_0/src/axi_interconnect.xdc:112]
Resolution: Check if the specified object(s) exists in the current design. If it does, ensure that the correct design hierarchy was specified for the object. If you are working with clocks, make sure create_clock was used to create the clock object before it is referenced.
WARNING: [Vivado 12-584] No ports matched 'S3_RREADY'. [c:/Users/Nguyen Ha Hai/axi4-system-suite/synthesis/scripts/vivado/axi4_system_sv_kv260/axi4_system_sv_kv260.gen/sources_1/bd/design_1/ip/design_1_axi_slave_bridge_s1_0/src/axi_interconnect.xdc:113]
CRITICAL WARNING: [Vivado 12-4739] set_output_delay:No valid object(s) found for '-objects [get_ports S3_RREADY]'. [c:/Users/Nguyen Ha Hai/axi4-system-suite/synthesis/scripts/vivado/axi4_system_sv_kv260/axi4_system_sv_kv260.gen/sources_1/bd/design_1/ip/design_1_axi_slave_bridge_s1_0/src/axi_interconnect.xdc:113]
Resolution: Check if the specified object(s) exists in the current design. If it does, ensure that the correct design hierarchy was specified for the object. If you are working with clocks, make sure create_clock was used to create the clock object before it is referenced.
Finished Parsing XDC File [c:/Users/Nguyen Ha Hai/axi4-system-suite/synthesis/scripts/vivado/axi4_system_sv_kv260/axi4_system_sv_kv260.gen/sources_1/bd/design_1/ip/design_1_axi_slave_bridge_s1_0/src/axi_interconnect.xdc] for cell 'inst'
Parsing XDC File [C:/Users/Nguyen Ha Hai/axi4-system-suite/synthesis/scripts/vivado/axi4_system_sv_kv260/axi4_system_sv_kv260.runs/design_1_axi_slave_bridge_s1_0_synth_1/dont_touch.xdc]
Finished Parsing XDC File [C:/Users/Nguyen Ha Hai/axi4-system-suite/synthesis/scripts/vivado/axi4_system_sv_kv260/axi4_system_sv_kv260.runs/design_1_axi_slave_bridge_s1_0_synth_1/dont_touch.xdc]
INFO: [Project 1-236] Implementation specific constraints were found while reading constraint file [C:/Users/Nguyen Ha Hai/axi4-system-suite/synthesis/scripts/vivado/axi4_system_sv_kv260/axi4_system_sv_kv260.runs/design_1_axi_slave_bridge_s1_0_synth_1/dont_touch.xdc]. These constraints will be ignored for synthesis but will be used in implementation. Impacted constraints are listed in the file [.Xil/design_1_axi_slave_bridge_s1_0_propImpl.xdc].
Resolution: To avoid this warning, move constraints listed in [.Xil/design_1_axi_slave_bridge_s1_0_propImpl.xdc] to another XDC file and exclude this new file from synthesis with the used_in_synthesis property (File Properties dialog in GUI) and re-run elaboration/synthesis.
Completed Processing XDC Constraints

Netlist sorting complete. Time (s): cpu = 00:00:00 ; elapsed = 00:00:00 . Memory (MB): peak = 1795.973 ; gain = 0.000
INFO: [Project 1-111] Unisim Transformation Summary:
No Unisim elements were transformed.

Constraint Validation Runtime : Time (s): cpu = 00:00:00 ; elapsed = 00:00:00.046 . Memory (MB): peak = 1796.027 ; gain = 0.055
INFO: [Designutils 20-5008] Incremental synthesis strategy off
---------------------------------------------------------------------------------
Finished Constraint Validation : Time (s): cpu = 00:00:35 ; elapsed = 00:00:37 . Memory (MB): peak = 1796.027 ; gain = 333.039
---------------------------------------------------------------------------------
---------------------------------------------------------------------------------
Start Loading Part and Timing Information
---------------------------------------------------------------------------------
Loading part: xczu5ev-sfvc784-1-e
INFO: [Synth 8-6742] Reading net delay rules and data
---------------------------------------------------------------------------------
Finished Loading Part and Timing Information : Time (s): cpu = 00:00:35 ; elapsed = 00:00:37 . Memory (MB): peak = 1796.027 ; gain = 333.039
---------------------------------------------------------------------------------
---------------------------------------------------------------------------------
Start Applying 'set_property' XDC Constraints
---------------------------------------------------------------------------------
Applied set_property KEEP_HIERARCHY = SOFT for inst. (constraint file  {C:/Users/Nguyen Ha Hai/axi4-system-suite/synthesis/scripts/vivado/axi4_system_sv_kv260/axi4_system_sv_kv260.runs/design_1_axi_slave_bridge_s1_0_synth_1/dont_touch.xdc}, line 18).
---------------------------------------------------------------------------------
Finished applying 'set_property' XDC Constraints : Time (s): cpu = 00:00:35 ; elapsed = 00:00:37 . Memory (MB): peak = 1796.027 ; gain = 333.039
---------------------------------------------------------------------------------
---------------------------------------------------------------------------------
Finished RTL Optimization Phase 2 : Time (s): cpu = 00:00:35 ; elapsed = 00:00:37 . Memory (MB): peak = 1796.027 ; gain = 333.039
---------------------------------------------------------------------------------
---------------------------------------------------------------------------------
Start RTL Component Statistics 
---------------------------------------------------------------------------------
Detailed RTL Component Info : 
---------------------------------------------------------------------------------
Finished RTL Component Statistics 
---------------------------------------------------------------------------------
---------------------------------------------------------------------------------
Start Part Resource Summary
---------------------------------------------------------------------------------
Part Resources:
DSPs: 1248 (col length:96)
BRAMs: 288 (col length: RAMB18 96 RAMB36 48)
---------------------------------------------------------------------------------
Finished Part Resource Summary
---------------------------------------------------------------------------------
---------------------------------------------------------------------------------
Start Cross Boundary and Area Optimization
---------------------------------------------------------------------------------
WARNING: [Synth 8-7080] Parallel synthesis criteria is not met
WARNING: [Synth 8-7129] Port ACLK in module axi_slave_bridge is either unconnected or has no load
WARNING: [Synth 8-7129] Port ARESETN in module axi_slave_bridge is either unconnected or has no load
WARNING: [Synth 8-7129] Port s_axi_awsize[2] in module axi_slave_bridge is either unconnected or has no load
WARNING: [Synth 8-7129] Port s_axi_awsize[1] in module axi_slave_bridge is either unconnected or has no load
WARNING: [Synth 8-7129] Port s_axi_awsize[0] in module axi_slave_bridge is either unconnected or has no load
WARNING: [Synth 8-7129] Port s_axi_awburst[1] in module axi_slave_bridge is either unconnected or has no load
WARNING: [Synth 8-7129] Port s_axi_awburst[0] in module axi_slave_bridge is either unconnected or has no load
WARNING: [Synth 8-7129] Port s_axi_wlast in module axi_slave_bridge is either unconnected or has no load
WARNING: [Synth 8-7129] Port s_axi_arsize[2] in module axi_slave_bridge is either unconnected or has no load
WARNING: [Synth 8-7129] Port s_axi_arsize[1] in module axi_slave_bridge is either unconnected or has no load
WARNING: [Synth 8-7129] Port s_axi_arsize[0] in module axi_slave_bridge is either unconnected or has no load
WARNING: [Synth 8-7129] Port s_axi_arburst[1] in module axi_slave_bridge is either unconnected or has no load
WARNING: [Synth 8-7129] Port s_axi_arburst[0] in module axi_slave_bridge is either unconnected or has no load
---------------------------------------------------------------------------------
Finished Cross Boundary and Area Optimization : Time (s): cpu = 00:00:38 ; elapsed = 00:00:40 . Memory (MB): peak = 1797.410 ; gain = 334.422
---------------------------------------------------------------------------------
---------------------------------------------------------------------------------
Start Applying XDC Timing Constraints
---------------------------------------------------------------------------------
---------------------------------------------------------------------------------
Finished Applying XDC Timing Constraints : Time (s): cpu = 00:00:55 ; elapsed = 00:00:59 . Memory (MB): peak = 2496.375 ; gain = 1033.387
---------------------------------------------------------------------------------
---------------------------------------------------------------------------------
Start Timing Optimization
---------------------------------------------------------------------------------
---------------------------------------------------------------------------------
Finished Timing Optimization : Time (s): cpu = 00:00:55 ; elapsed = 00:00:59 . Memory (MB): peak = 2496.441 ; gain = 1033.453
---------------------------------------------------------------------------------
---------------------------------------------------------------------------------
Start Technology Mapping
---------------------------------------------------------------------------------
---------------------------------------------------------------------------------
Finished Technology Mapping : Time (s): cpu = 00:00:55 ; elapsed = 00:00:59 . Memory (MB): peak = 2506.109 ; gain = 1043.121
---------------------------------------------------------------------------------
---------------------------------------------------------------------------------
Start IO Insertion
---------------------------------------------------------------------------------
---------------------------------------------------------------------------------
Start Flattening Before IO Insertion
---------------------------------------------------------------------------------
---------------------------------------------------------------------------------
Finished Flattening Before IO Insertion
---------------------------------------------------------------------------------
---------------------------------------------------------------------------------
Start Final Netlist Cleanup
---------------------------------------------------------------------------------
---------------------------------------------------------------------------------
Finished Final Netlist Cleanup
---------------------------------------------------------------------------------
---------------------------------------------------------------------------------
Finished IO Insertion : Time (s): cpu = 00:01:02 ; elapsed = 00:01:06 . Memory (MB): peak = 2723.176 ; gain = 1260.188
---------------------------------------------------------------------------------
---------------------------------------------------------------------------------
Start Renaming Generated Instances
---------------------------------------------------------------------------------
---------------------------------------------------------------------------------
Finished Renaming Generated Instances : Time (s): cpu = 00:01:02 ; elapsed = 00:01:06 . Memory (MB): peak = 2723.176 ; gain = 1260.188
---------------------------------------------------------------------------------
---------------------------------------------------------------------------------
Start Rebuilding User Hierarchy
---------------------------------------------------------------------------------
---------------------------------------------------------------------------------
Finished Rebuilding User Hierarchy : Time (s): cpu = 00:01:02 ; elapsed = 00:01:06 . Memory (MB): peak = 2723.176 ; gain = 1260.188
---------------------------------------------------------------------------------
---------------------------------------------------------------------------------
Start Renaming Generated Ports
---------------------------------------------------------------------------------
---------------------------------------------------------------------------------
Finished Renaming Generated Ports : Time (s): cpu = 00:01:02 ; elapsed = 00:01:06 . Memory (MB): peak = 2723.176 ; gain = 1260.188
---------------------------------------------------------------------------------
---------------------------------------------------------------------------------
Start Handling Custom Attributes
---------------------------------------------------------------------------------
---------------------------------------------------------------------------------
Finished Handling Custom Attributes : Time (s): cpu = 00:01:02 ; elapsed = 00:01:06 . Memory (MB): peak = 2723.176 ; gain = 1260.188
---------------------------------------------------------------------------------
---------------------------------------------------------------------------------
Start Renaming Generated Nets
---------------------------------------------------------------------------------
---------------------------------------------------------------------------------
Finished Renaming Generated Nets : Time (s): cpu = 00:01:02 ; elapsed = 00:01:06 . Memory (MB): peak = 2723.176 ; gain = 1260.188
---------------------------------------------------------------------------------
---------------------------------------------------------------------------------
Start Writing Synthesis Report
---------------------------------------------------------------------------------

Report BlackBoxes: 
+-+--------------+----------+
| |BlackBox name |Instances |
+-+--------------+----------+
+-+--------------+----------+

Report Cell Usage: 
+------+-----+------+
|      |Cell |Count |
+------+-----+------+
|1     |LUT4 |     2|
|2     |LUT6 |     6|
+------+-----+------+
---------------------------------------------------------------------------------
Finished Writing Synthesis Report : Time (s): cpu = 00:01:02 ; elapsed = 00:01:06 . Memory (MB): peak = 2723.176 ; gain = 1260.188
---------------------------------------------------------------------------------
Synthesis finished with 0 errors, 0 critical warnings and 14 warnings.
Synthesis Optimization Runtime : Time (s): cpu = 00:00:39 ; elapsed = 00:00:55 . Memory (MB): peak = 2723.176 ; gain = 1217.242
Synthesis Optimization Complete : Time (s): cpu = 00:01:03 ; elapsed = 00:01:07 . Memory (MB): peak = 2723.176 ; gain = 1260.188
INFO: [Project 1-571] Translating synthesized netlist
Netlist sorting complete. Time (s): cpu = 00:00:00 ; elapsed = 00:00:00.005 . Memory (MB): peak = 2723.176 ; gain = 0.000
INFO: [Project 1-570] Preparing netlist for logic optimization
INFO: [Opt 31-138] Pushed 0 inverter(s) to 0 load pin(s).
Netlist sorting complete. Time (s): cpu = 00:00:00 ; elapsed = 00:00:00.001 . Memory (MB): peak = 2723.176 ; gain = 0.000
INFO: [Project 1-111] Unisim Transformation Summary:
No Unisim elements were transformed.

Synth Design complete | Checksum: 125eeb9d
INFO: [Common 17-83] Releasing license: Synthesis
23 Infos, 124 Warnings, 98 Critical Warnings and 0 Errors encountered.
synth_design completed successfully
synth_design: Time (s): cpu = 00:01:14 ; elapsed = 00:01:21 . Memory (MB): peak = 2723.176 ; gain = 2273.777
INFO: [Common 17-1381] The checkpoint 'C:/Users/Nguyen Ha Hai/axi4-system-suite/synthesis/scripts/vivado/axi4_system_sv_kv260/axi4_system_sv_kv260.runs/design_1_axi_slave_bridge_s1_0_synth_1/design_1_axi_slave_bridge_s1_0.dcp' has been generated.
INFO: [runtcl-6] Synthesis results are not added to the cache due to CRITICAL_WARNING
INFO: [Common 17-1381] The checkpoint 'C:/Users/Nguyen Ha Hai/axi4-system-suite/synthesis/scripts/vivado/axi4_system_sv_kv260/axi4_system_sv_kv260.runs/design_1_axi_slave_bridge_s1_0_synth_1/design_1_axi_slave_bridge_s1_0.dcp' has been generated.
INFO: [Vivado 12-24828] Executing command : report_utilization -file design_1_axi_slave_bridge_s1_0_utilization_synth.rpt -pb design_1_axi_slave_bridge_s1_0_utilization_synth.pb
INFO: [Common 17-206] Exiting Vivado at Sun Dec 21 15:00:35 2025...
