Copyright 1986-2022 Xilinx, Inc. All Rights Reserved. Copyright 2022-2024 Advanced Micro Devices, Inc. All Rights Reserved.
--------------------------------------------------------------------------------------------------------------------------------------------------------------------------------------------------------------------------------------------------
| Tool Version      : Vivado v.2024.2 (win64) Build 5239630 Fri Nov 08 22:35:27 MST 2024
| Date              : Tue Dec 23 01:42:12 2025
| Host              : NGUYEN-HA-HAI running 64-bit major release  (build 9200)
| Command           : report_timing_summary -max_paths 10 -report_unconstrained -file design_1_wrapper_timing_summary_routed.rpt -pb design_1_wrapper_timing_summary_routed.pb -rpx design_1_wrapper_timing_summary_routed.rpx -warn_on_violation
| Design            : design_1_wrapper
| Device            : xczu5ev-sfvc784
| Speed File        : -1  PRODUCTION 1.30 05-15-2022
| Design State      : Routed
| Temperature Grade : E
--------------------------------------------------------------------------------------------------------------------------------------------------------------------------------------------------------------------------------------------------

Timing Summary Report

------------------------------------------------------------------------------------------------
| Timer Settings
| --------------
------------------------------------------------------------------------------------------------

  Enable Multi Corner Analysis               :  Yes
  Enable Pessimism Removal                   :  Yes
  Pessimism Removal Resolution               :  Nearest Common Node
  Enable Input Delay Default Clock           :  No
  Enable Preset / Clear Arcs                 :  No
  Disable Flight Delays                      :  No
  Ignore I/O Paths                           :  No
  Timing Early Launch at Borrowing Latches   :  No
  Borrow Time for Max Delay Exceptions       :  Yes
  Merge Timing Exceptions                    :  Yes
  Inter-SLR Compensation                     :  Conservative

  Corner  Analyze    Analyze    
  Name    Max Paths  Min Paths  
  ------  ---------  ---------  
  Slow    Yes        Yes        
  Fast    Yes        Yes        


------------------------------------------------------------------------------------------------
| Report Methodology
| ------------------
------------------------------------------------------------------------------------------------

Rule    Severity  Description                                             Violations  
------  --------  ------------------------------------------------------  ----------  
XDCC-1  Warning   Scoped Clock constraint overwritten with the same name  11          
XDCC-7  Warning   Scoped Clock constraint overwritten on the same source  6           

Note: This report is based on the most recent report_methodology run and may not be up-to-date. Run report_methodology on the current design for the latest report.



check_timing report

Table of Contents
-----------------
1. checking no_clock (0)
2. checking constant_clock (0)
3. checking pulse_width_clock (0)
4. checking unconstrained_internal_endpoints (0)
5. checking no_input_delay (0)
6. checking no_output_delay (0)
7. checking multiple_clock (0)
8. checking generated_clocks (0)
9. checking loops (0)
10. checking partial_input_delay (0)
11. checking partial_output_delay (0)
12. checking latch_loops (0)

1. checking no_clock (0)
------------------------
 There are 0 register/latch pins with no clock.


2. checking constant_clock (0)
------------------------------
 There are 0 register/latch pins with constant_clock.


3. checking pulse_width_clock (0)
---------------------------------
 There are 0 register/latch pins which need pulse_width check


4. checking unconstrained_internal_endpoints (0)
------------------------------------------------
 There are 0 pins that are not constrained for maximum delay.

 There are 0 pins that are not constrained for maximum delay due to constant clock.


5. checking no_input_delay (0)
------------------------------
 There are 0 input ports with no input delay specified.

 There are 0 input ports with no input delay but user has a false path constraint.


6. checking no_output_delay (0)
-------------------------------
 There are 0 ports with no output delay specified.

 There are 0 ports with no output delay but user has a false path constraint

 There are 0 ports with no output delay but with a timing clock defined on it or propagating through it


7. checking multiple_clock (0)
------------------------------
 There are 0 register/latch pins with multiple clocks.


8. checking generated_clocks (0)
--------------------------------
 There are 0 generated clocks that are not connected to a clock source.


9. checking loops (0)
---------------------
 There are 0 combinational loops in the design.


10. checking partial_input_delay (0)
------------------------------------
 There are 0 input ports with partial input delay specified.


11. checking partial_output_delay (0)
-------------------------------------
 There are 0 ports with partial output delay specified.


12. checking latch_loops (0)
----------------------------
 There are 0 combinational latch loops in the design through latch input



------------------------------------------------------------------------------------------------
| Design Timing Summary
| ---------------------
------------------------------------------------------------------------------------------------

    WNS(ns)      TNS(ns)  TNS Failing Endpoints  TNS Total Endpoints      WHS(ns)      THS(ns)  THS Failing Endpoints  THS Total Endpoints     WPWS(ns)     TPWS(ns)  TPWS Failing Endpoints  TPWS Total Endpoints  
    -------      -------  ---------------------  -------------------      -------      -------  ---------------------  -------------------     --------     --------  ----------------------  --------------------  
      4.897        0.000                      0                 3167        0.015        0.000                      0                 3167        3.500        0.000                       0                  1324  


All user specified timing constraints are met.


------------------------------------------------------------------------------------------------
| Clock Summary
| -------------
------------------------------------------------------------------------------------------------

Clock     Waveform(ns)       Period(ns)      Frequency(MHz)
-----     ------------       ----------      --------------
ACLK      {0.000 5.000}      10.000          100.000         
clk_pl_0  {0.000 5.000}      10.000          100.000         


------------------------------------------------------------------------------------------------
| Intra Clock Table
| -----------------
------------------------------------------------------------------------------------------------

Clock             WNS(ns)      TNS(ns)  TNS Failing Endpoints  TNS Total Endpoints      WHS(ns)      THS(ns)  THS Failing Endpoints  THS Total Endpoints     WPWS(ns)     TPWS(ns)  TPWS Failing Endpoints  TPWS Total Endpoints  
-----             -------      -------  ---------------------  -------------------      -------      -------  ---------------------  -------------------     --------     --------  ----------------------  --------------------  
clk_pl_0            4.897        0.000                      0                 3129        0.015        0.000                      0                 3129        3.500        0.000                       0                  1324  


------------------------------------------------------------------------------------------------
| Inter Clock Table
| -----------------
------------------------------------------------------------------------------------------------

From Clock    To Clock          WNS(ns)      TNS(ns)  TNS Failing Endpoints  TNS Total Endpoints      WHS(ns)      THS(ns)  THS Failing Endpoints  THS Total Endpoints  
----------    --------          -------      -------  ---------------------  -------------------      -------      -------  ---------------------  -------------------  


------------------------------------------------------------------------------------------------
| Other Path Groups Table
| -----------------------
------------------------------------------------------------------------------------------------

Path Group         From Clock         To Clock               WNS(ns)      TNS(ns)  TNS Failing Endpoints  TNS Total Endpoints      WHS(ns)      THS(ns)  THS Failing Endpoints  THS Total Endpoints  
----------         ----------         --------               -------      -------  ---------------------  -------------------      -------      -------  ---------------------  -------------------  
**async_default**  clk_pl_0           clk_pl_0                 8.713        0.000                      0                   38        0.095        0.000                      0                   38  


------------------------------------------------------------------------------------------------
| User Ignored Path Table
| -----------------------
------------------------------------------------------------------------------------------------

Path Group    From Clock    To Clock    
----------    ----------    --------    
(none)                      clk_pl_0      
(none)        clk_pl_0      clk_pl_0      


------------------------------------------------------------------------------------------------
| Unconstrained Path Table
| ------------------------
------------------------------------------------------------------------------------------------

Path Group    From Clock    To Clock    
----------    ----------    --------    


------------------------------------------------------------------------------------------------
| Timing Details
| --------------
------------------------------------------------------------------------------------------------


---------------------------------------------------------------------------------------------------
From Clock:  clk_pl_0
  To Clock:  clk_pl_0

Setup :            0  Failing Endpoints,  Worst Slack        4.897ns,  Total Violation        0.000ns
Hold  :            0  Failing Endpoints,  Worst Slack        0.015ns,  Total Violation        0.000ns
PW    :            0  Failing Endpoints,  Worst Slack        3.500ns,  Total Violation        0.000ns
---------------------------------------------------------------------------------------------------


Max Delay Paths
--------------------------------------------------------------------------------------
Slack (MET) :             4.897ns  (required time - arrival time)
  Source:                 design_1_i/zynq_ultra_ps_e_0/inst/PS8_i/MAXIGP1ACLK
                            (rising edge-triggered cell PS8 clocked by clk_pl_0  {rise@0.000ns fall@5.000ns period=10.000ns})
  Destination:            design_1_i/zynq_ultra_ps_e_0/inst/PS8_i/MAXIGP0ARREADY
                            (rising edge-triggered cell PS8 clocked by clk_pl_0  {rise@0.000ns fall@5.000ns period=10.000ns})
  Path Group:             clk_pl_0
  Path Type:              Setup (Max at Slow Process Corner)
  Requirement:            10.000ns  (clk_pl_0 rise@10.000ns - clk_pl_0 rise@0.000ns)
  Data Path Delay:        3.811ns  (logic 1.416ns (37.158%)  route 2.395ns (62.842%))
  Logic Levels:           5  (LUT2=1 LUT4=1 LUT5=1 LUT6=2)
  Clock Path Skew:        -0.185ns (DCD - SCD + CPR)
    Destination Clock Delay (DCD):    2.262ns = ( 12.262 - 10.000 ) 
    Source Clock Delay      (SCD):    2.605ns
    Clock Pessimism Removal (CPR):    0.158ns
  Clock Uncertainty:      0.174ns  ((TSJ^2 + DJ^2)^1/2) / 2 + PE
    Total System Jitter     (TSJ):    0.071ns
    Discrete Jitter          (DJ):    0.340ns
    Phase Error              (PE):    0.000ns
  Clock Net Delay (Source):      2.398ns (routing 1.302ns, distribution 1.096ns)
  Clock Net Delay (Destination): 2.095ns (routing 1.184ns, distribution 0.911ns)

    Location             Delay type                Incr(ns)  Path(ns)    Netlist Resource(s)
  -------------------------------------------------------------------    -------------------
                         (clock clk_pl_0 rise edge)
                                                      0.000     0.000 r  
    PS8_X0Y0             PS8                          0.000     0.000 r  design_1_i/zynq_ultra_ps_e_0/inst/PS8_i/PLCLK[0]
                         net (fo=1, routed)           0.178     0.178    design_1_i/zynq_ultra_ps_e_0/inst/pl_clk_unbuffered[0]
    BUFG_PS_X0Y80        BUFG_PS (Prop_BUFG_PS_I_O)
                                                      0.029     0.207 r  design_1_i/zynq_ultra_ps_e_0/inst/buffer_pl_clk_0.PL_CLK_0_BUFG/O
    X1Y1 (CLOCK_ROOT)    net (fo=1324, routed)        2.398     2.605    design_1_i/zynq_ultra_ps_e_0/inst/maxihpm1_fpd_aclk
    PS8_X0Y0             PS8                                          r  design_1_i/zynq_ultra_ps_e_0/inst/PS8_i/MAXIGP1ACLK
  -------------------------------------------------------------------    -------------------
    PS8_X0Y0             PS8 (Prop_PS8_MAXIGP1ACLK_MAXIGP1ARADDR[30])
                                                      0.619     3.224 r  design_1_i/zynq_ultra_ps_e_0/inst/PS8_i/MAXIGP1ARADDR[30]
                         net (fo=17, routed)          0.783     4.007    design_1_i/axi_interconnect_0/inst/u_full_interconnect/u_AR_Channel_Controller_Top/u_Read_Arbiter/M1_ARADDR[30]
    SLICE_X3Y112         LUT5 (Prop_G6LUT_SLICEL_I4_O)
                                                      0.178     4.185 f  design_1_i/axi_interconnect_0/inst/u_full_interconnect/u_AR_Channel_Controller_Top/u_Read_Arbiter/S2_ARADDR[31]_INST_0/O
                         net (fo=11, routed)          0.265     4.450    design_1_i/axi_interconnect_0/inst/u_full_interconnect/u_AR_Channel_Controller_Top/u_Read_Arbiter/M0_ARADDR_31_sn_1
    SLICE_X1Y111         LUT4 (Prop_D5LUT_SLICEM_I0_O)
                                                      0.195     4.645 f  design_1_i/axi_interconnect_0/inst/u_full_interconnect/u_AR_Channel_Controller_Top/u_Read_Arbiter/S2_ARLEN[5]_INST_0/O
                         net (fo=2, routed)           0.394     5.039    design_1_i/axi_slave_bridge_s2/inst/s_axi_arlen[5]
    SLICE_X4Y107         LUT6 (Prop_E6LUT_SLICEM_I4_O)
                                                      0.148     5.187 r  design_1_i/axi_slave_bridge_s2/inst/s_axi_arready_INST_0/O
                         net (fo=2, routed)           0.239     5.426    design_1_i/axi_interconnect_0/inst/u_full_interconnect/u_AR_Channel_Controller_Top/u_Read_Arbiter/S2_ARREADY
    SLICE_X3Y111         LUT6 (Prop_G6LUT_SLICEL_I0_O)
                                                      0.100     5.526 r  design_1_i/axi_interconnect_0/inst/u_full_interconnect/u_AR_Channel_Controller_Top/u_Read_Arbiter/M0_ARREADY_INST_0_i_1/O
                         net (fo=3, routed)           0.310     5.836    design_1_i/axi_interconnect_0/inst/u_full_interconnect/u_AR_Channel_Controller_Top/u_Read_Arbiter/Sel_Slave_Ready
    SLICE_X1Y106         LUT2 (Prop_B5LUT_SLICEM_I0_O)
                                                      0.176     6.012 r  design_1_i/axi_interconnect_0/inst/u_full_interconnect/u_AR_Channel_Controller_Top/u_Read_Arbiter/M0_ARREADY_INST_0/O
                         net (fo=2, routed)           0.404     6.416    design_1_i/zynq_ultra_ps_e_0/inst/maxigp0_arready
    PS8_X0Y0             PS8                                          r  design_1_i/zynq_ultra_ps_e_0/inst/PS8_i/MAXIGP0ARREADY
  -------------------------------------------------------------------    -------------------

                         (clock clk_pl_0 rise edge)
                                                     10.000    10.000 r  
    PS8_X0Y0             PS8                          0.000    10.000 r  design_1_i/zynq_ultra_ps_e_0/inst/PS8_i/PLCLK[0]
                         net (fo=1, routed)           0.140    10.140    design_1_i/zynq_ultra_ps_e_0/inst/pl_clk_unbuffered[0]
    BUFG_PS_X0Y80        BUFG_PS (Prop_BUFG_PS_I_O)
                                                      0.027    10.167 r  design_1_i/zynq_ultra_ps_e_0/inst/buffer_pl_clk_0.PL_CLK_0_BUFG/O
    X1Y1 (CLOCK_ROOT)    net (fo=1324, routed)        2.095    12.262    design_1_i/zynq_ultra_ps_e_0/inst/maxihpm0_fpd_aclk
    PS8_X0Y0             PS8                                          r  design_1_i/zynq_ultra_ps_e_0/inst/PS8_i/MAXIGP0ACLK
                         clock pessimism              0.158    12.420    
                         clock uncertainty           -0.174    12.246    
    PS8_X0Y0             PS8 (Setup_PS8_MAXIGP0ACLK_MAXIGP0ARREADY)
                                                     -0.934    11.312    design_1_i/zynq_ultra_ps_e_0/inst/PS8_i
  -------------------------------------------------------------------
                         required time                         11.312    
                         arrival time                          -6.416    
  -------------------------------------------------------------------
                         slack                                  4.897    

Slack (MET) :             5.099ns  (required time - arrival time)
  Source:                 design_1_i/zynq_ultra_ps_e_0/inst/PS8_i/MAXIGP1ACLK
                            (rising edge-triggered cell PS8 clocked by clk_pl_0  {rise@0.000ns fall@5.000ns period=10.000ns})
  Destination:            design_1_i/zynq_ultra_ps_e_0/inst/PS8_i/MAXIGP1ARREADY
                            (rising edge-triggered cell PS8 clocked by clk_pl_0  {rise@0.000ns fall@5.000ns period=10.000ns})
  Path Group:             clk_pl_0
  Path Type:              Setup (Max at Slow Process Corner)
  Requirement:            10.000ns  (clk_pl_0 rise@10.000ns - clk_pl_0 rise@0.000ns)
  Data Path Delay:        3.932ns  (logic 1.362ns (34.638%)  route 2.570ns (65.362%))
  Logic Levels:           5  (LUT2=1 LUT4=1 LUT5=1 LUT6=2)
  Clock Path Skew:        0.000ns (DCD - SCD + CPR)
    Destination Clock Delay (DCD):    2.308ns = ( 12.308 - 10.000 ) 
    Source Clock Delay      (SCD):    2.605ns
    Clock Pessimism Removal (CPR):    0.297ns
  Clock Uncertainty:      0.174ns  ((TSJ^2 + DJ^2)^1/2) / 2 + PE
    Total System Jitter     (TSJ):    0.071ns
    Discrete Jitter          (DJ):    0.340ns
    Phase Error              (PE):    0.000ns
  Clock Net Delay (Source):      2.398ns (routing 1.302ns, distribution 1.096ns)
  Clock Net Delay (Destination): 2.141ns (routing 1.184ns, distribution 0.957ns)

    Location             Delay type                Incr(ns)  Path(ns)    Netlist Resource(s)
  -------------------------------------------------------------------    -------------------
                         (clock clk_pl_0 rise edge)
                                                      0.000     0.000 r  
    PS8_X0Y0             PS8                          0.000     0.000 r  design_1_i/zynq_ultra_ps_e_0/inst/PS8_i/PLCLK[0]
                         net (fo=1, routed)           0.178     0.178    design_1_i/zynq_ultra_ps_e_0/inst/pl_clk_unbuffered[0]
    BUFG_PS_X0Y80        BUFG_PS (Prop_BUFG_PS_I_O)
                                                      0.029     0.207 r  design_1_i/zynq_ultra_ps_e_0/inst/buffer_pl_clk_0.PL_CLK_0_BUFG/O
    X1Y1 (CLOCK_ROOT)    net (fo=1324, routed)        2.398     2.605    design_1_i/zynq_ultra_ps_e_0/inst/maxihpm1_fpd_aclk
    PS8_X0Y0             PS8                                          r  design_1_i/zynq_ultra_ps_e_0/inst/PS8_i/MAXIGP1ACLK
  -------------------------------------------------------------------    -------------------
    PS8_X0Y0             PS8 (Prop_PS8_MAXIGP1ACLK_MAXIGP1ARADDR[30])
                                                      0.619     3.224 r  design_1_i/zynq_ultra_ps_e_0/inst/PS8_i/MAXIGP1ARADDR[30]
                         net (fo=17, routed)          0.783     4.007    design_1_i/axi_interconnect_0/inst/u_full_interconnect/u_AR_Channel_Controller_Top/u_Read_Arbiter/M1_ARADDR[30]
    SLICE_X3Y112         LUT5 (Prop_G6LUT_SLICEL_I4_O)
                                                      0.178     4.185 f  design_1_i/axi_interconnect_0/inst/u_full_interconnect/u_AR_Channel_Controller_Top/u_Read_Arbiter/S2_ARADDR[31]_INST_0/O
                         net (fo=11, routed)          0.265     4.450    design_1_i/axi_interconnect_0/inst/u_full_interconnect/u_AR_Channel_Controller_Top/u_Read_Arbiter/M0_ARADDR_31_sn_1
    SLICE_X1Y111         LUT4 (Prop_D5LUT_SLICEM_I0_O)
                                                      0.195     4.645 f  design_1_i/axi_interconnect_0/inst/u_full_interconnect/u_AR_Channel_Controller_Top/u_Read_Arbiter/S2_ARLEN[5]_INST_0/O
                         net (fo=2, routed)           0.394     5.039    design_1_i/axi_slave_bridge_s2/inst/s_axi_arlen[5]
    SLICE_X4Y107         LUT6 (Prop_E6LUT_SLICEM_I4_O)
                                                      0.148     5.187 r  design_1_i/axi_slave_bridge_s2/inst/s_axi_arready_INST_0/O
                         net (fo=2, routed)           0.239     5.426    design_1_i/axi_interconnect_0/inst/u_full_interconnect/u_AR_Channel_Controller_Top/u_Read_Arbiter/S2_ARREADY
    SLICE_X3Y111         LUT6 (Prop_G6LUT_SLICEL_I0_O)
                                                      0.100     5.526 r  design_1_i/axi_interconnect_0/inst/u_full_interconnect/u_AR_Channel_Controller_Top/u_Read_Arbiter/M0_ARREADY_INST_0_i_1/O
                         net (fo=3, routed)           0.247     5.773    design_1_i/axi_interconnect_0/inst/u_full_interconnect/u_AR_Channel_Controller_Top/u_Read_Arbiter/Sel_Slave_Ready
    SLICE_X1Y111         LUT2 (Prop_A5LUT_SLICEM_I1_O)
                                                      0.122     5.895 r  design_1_i/axi_interconnect_0/inst/u_full_interconnect/u_AR_Channel_Controller_Top/u_Read_Arbiter/M1_ARREADY_INST_0/O
                         net (fo=2, routed)           0.642     6.537    design_1_i/zynq_ultra_ps_e_0/inst/maxigp1_arready
    PS8_X0Y0             PS8                                          r  design_1_i/zynq_ultra_ps_e_0/inst/PS8_i/MAXIGP1ARREADY
  -------------------------------------------------------------------    -------------------

                         (clock clk_pl_0 rise edge)
                                                     10.000    10.000 r  
    PS8_X0Y0             PS8                          0.000    10.000 r  design_1_i/zynq_ultra_ps_e_0/inst/PS8_i/PLCLK[0]
                         net (fo=1, routed)           0.140    10.140    design_1_i/zynq_ultra_ps_e_0/inst/pl_clk_unbuffered[0]
    BUFG_PS_X0Y80        BUFG_PS (Prop_BUFG_PS_I_O)
                                                      0.027    10.167 r  design_1_i/zynq_ultra_ps_e_0/inst/buffer_pl_clk_0.PL_CLK_0_BUFG/O
    X1Y1 (CLOCK_ROOT)    net (fo=1324, routed)        2.141    12.308    design_1_i/zynq_ultra_ps_e_0/inst/maxihpm1_fpd_aclk
    PS8_X0Y0             PS8                                          r  design_1_i/zynq_ultra_ps_e_0/inst/PS8_i/MAXIGP1ACLK
                         clock pessimism              0.297    12.605    
                         clock uncertainty           -0.174    12.431    
    PS8_X0Y0             PS8 (Setup_PS8_MAXIGP1ACLK_MAXIGP1ARREADY)
                                                     -0.795    11.636    design_1_i/zynq_ultra_ps_e_0/inst/PS8_i
  -------------------------------------------------------------------
                         required time                         11.636    
                         arrival time                          -6.537    
  -------------------------------------------------------------------
                         slack                                  5.099    

Slack (MET) :             5.114ns  (required time - arrival time)
  Source:                 design_1_i/zynq_ultra_ps_e_0/inst/PS8_i/MAXIGP1ACLK
                            (rising edge-triggered cell PS8 clocked by clk_pl_0  {rise@0.000ns fall@5.000ns period=10.000ns})
  Destination:            design_1_i/zynq_ultra_ps_e_0/inst/PS8_i/MAXIGP1WREADY
                            (rising edge-triggered cell PS8 clocked by clk_pl_0  {rise@0.000ns fall@5.000ns period=10.000ns})
  Path Group:             clk_pl_0
  Path Type:              Setup (Max at Slow Process Corner)
  Requirement:            10.000ns  (clk_pl_0 rise@10.000ns - clk_pl_0 rise@0.000ns)
  Data Path Delay:        3.743ns  (logic 1.156ns (30.885%)  route 2.587ns (69.115%))
  Logic Levels:           5  (LUT4=2 LUT5=1 LUT6=2)
  Clock Path Skew:        0.000ns (DCD - SCD + CPR)
    Destination Clock Delay (DCD):    2.308ns = ( 12.308 - 10.000 ) 
    Source Clock Delay      (SCD):    2.605ns
    Clock Pessimism Removal (CPR):    0.297ns
  Clock Uncertainty:      0.174ns  ((TSJ^2 + DJ^2)^1/2) / 2 + PE
    Total System Jitter     (TSJ):    0.071ns
    Discrete Jitter          (DJ):    0.340ns
    Phase Error              (PE):    0.000ns
  Clock Net Delay (Source):      2.398ns (routing 1.302ns, distribution 1.096ns)
  Clock Net Delay (Destination): 2.141ns (routing 1.184ns, distribution 0.957ns)

    Location             Delay type                Incr(ns)  Path(ns)    Netlist Resource(s)
  -------------------------------------------------------------------    -------------------
                         (clock clk_pl_0 rise edge)
                                                      0.000     0.000 r  
    PS8_X0Y0             PS8                          0.000     0.000 r  design_1_i/zynq_ultra_ps_e_0/inst/PS8_i/PLCLK[0]
                         net (fo=1, routed)           0.178     0.178    design_1_i/zynq_ultra_ps_e_0/inst/pl_clk_unbuffered[0]
    BUFG_PS_X0Y80        BUFG_PS (Prop_BUFG_PS_I_O)
                                                      0.029     0.207 r  design_1_i/zynq_ultra_ps_e_0/inst/buffer_pl_clk_0.PL_CLK_0_BUFG/O
    X1Y1 (CLOCK_ROOT)    net (fo=1324, routed)        2.398     2.605    design_1_i/zynq_ultra_ps_e_0/inst/maxihpm1_fpd_aclk
    PS8_X0Y0             PS8                                          r  design_1_i/zynq_ultra_ps_e_0/inst/PS8_i/MAXIGP1ACLK
  -------------------------------------------------------------------    -------------------
    PS8_X0Y0             PS8 (Prop_PS8_MAXIGP1ACLK_MAXIGP1AWADDR[31])
                                                      0.598     3.203 r  design_1_i/zynq_ultra_ps_e_0/inst/PS8_i/MAXIGP1AWADDR[31]
                         net (fo=4, routed)           0.955     4.158    design_1_i/axi_interconnect_0/inst/u_full_interconnect/u_AW_Channel_Controller_Top/u_Qos_Arbiter/M1_AWADDR[31]
    SLICE_X1Y101         LUT5 (Prop_C6LUT_SLICEM_I4_O)
                                                      0.147     4.305 f  design_1_i/axi_interconnect_0/inst/u_full_interconnect/u_AW_Channel_Controller_Top/u_Qos_Arbiter/S1_AWADDR[30]_INST_0/O
                         net (fo=17, routed)          0.246     4.551    design_1_i/axi_interconnect_0/inst/u_full_interconnect/u_AW_Channel_Controller_Top/u_Qos_Arbiter/M0_AWADDR_30_sn_1
    SLICE_X0Y101         LUT4 (Prop_D5LUT_SLICEL_I3_O)
                                                      0.136     4.687 f  design_1_i/axi_interconnect_0/inst/u_full_interconnect/u_AW_Channel_Controller_Top/u_Qos_Arbiter/S1_AWLEN[1]_INST_0/O
                         net (fo=1, routed)           0.318     5.005    design_1_i/axi_slave_bridge_s1/inst/s_axi_awlen[1]
    SLICE_X0Y101         LUT4 (Prop_E6LUT_SLICEL_I0_O)
                                                      0.148     5.153 f  design_1_i/axi_slave_bridge_s1/inst/s_axi_awready_INST_0_i_1/O
                         net (fo=4, routed)           0.103     5.256    design_1_i/axi_slave_bridge_s1/inst/s_axi_awready_INST_0_i_1_n_0
    SLICE_X0Y102         LUT6 (Prop_B6LUT_SLICEL_I1_O)
                                                      0.064     5.320 r  design_1_i/axi_slave_bridge_s1/inst/s_axi_wready_INST_0/O
                         net (fo=3, routed)           0.290     5.610    design_1_i/axi_interconnect_0/inst/u_full_interconnect/u_WD_Channel_Controller_Top/u_Queue2/S1_WREADY
    SLICE_X3Y100         LUT6 (Prop_G6LUT_SLICEL_I3_O)
                                                      0.063     5.673 r  design_1_i/axi_interconnect_0/inst/u_full_interconnect/u_WD_Channel_Controller_Top/u_Queue2/M1_WREADY_INST_0/O
                         net (fo=1, routed)           0.675     6.348    design_1_i/zynq_ultra_ps_e_0/inst/maxigp1_wready
    PS8_X0Y0             PS8                                          r  design_1_i/zynq_ultra_ps_e_0/inst/PS8_i/MAXIGP1WREADY
  -------------------------------------------------------------------    -------------------

                         (clock clk_pl_0 rise edge)
                                                     10.000    10.000 r  
    PS8_X0Y0             PS8                          0.000    10.000 r  design_1_i/zynq_ultra_ps_e_0/inst/PS8_i/PLCLK[0]
                         net (fo=1, routed)           0.140    10.140    design_1_i/zynq_ultra_ps_e_0/inst/pl_clk_unbuffered[0]
    BUFG_PS_X0Y80        BUFG_PS (Prop_BUFG_PS_I_O)
                                                      0.027    10.167 r  design_1_i/zynq_ultra_ps_e_0/inst/buffer_pl_clk_0.PL_CLK_0_BUFG/O
    X1Y1 (CLOCK_ROOT)    net (fo=1324, routed)        2.141    12.308    design_1_i/zynq_ultra_ps_e_0/inst/maxihpm1_fpd_aclk
    PS8_X0Y0             PS8                                          r  design_1_i/zynq_ultra_ps_e_0/inst/PS8_i/MAXIGP1ACLK
                         clock pessimism              0.297    12.605    
                         clock uncertainty           -0.174    12.431    
    PS8_X0Y0             PS8 (Setup_PS8_MAXIGP1ACLK_MAXIGP1WREADY)
                                                     -0.969    11.462    design_1_i/zynq_ultra_ps_e_0/inst/PS8_i
  -------------------------------------------------------------------
                         required time                         11.462    
                         arrival time                          -6.348    
  -------------------------------------------------------------------
                         slack                                  5.114    

Slack (MET) :             5.357ns  (required time - arrival time)
  Source:                 design_1_i/zynq_ultra_ps_e_0/inst/PS8_i/MAXIGP1ACLK
                            (rising edge-triggered cell PS8 clocked by clk_pl_0  {rise@0.000ns fall@5.000ns period=10.000ns})
  Destination:            design_1_i/axi_master_bridge_0/inst/arid_reg_reg[0]/CE
                            (rising edge-triggered cell FDRE clocked by clk_pl_0  {rise@0.000ns fall@5.000ns period=10.000ns})
  Path Group:             clk_pl_0
  Path Type:              Setup (Max at Slow Process Corner)
  Requirement:            10.000ns  (clk_pl_0 rise@10.000ns - clk_pl_0 rise@0.000ns)
  Data Path Delay:        4.256ns  (logic 1.587ns (37.289%)  route 2.669ns (62.711%))
  Logic Levels:           6  (LUT2=2 LUT4=1 LUT5=1 LUT6=2)
  Clock Path Skew:        -0.170ns (DCD - SCD + CPR)
    Destination Clock Delay (DCD):    2.277ns = ( 12.277 - 10.000 ) 
    Source Clock Delay      (SCD):    2.605ns
    Clock Pessimism Removal (CPR):    0.158ns
  Clock Uncertainty:      0.174ns  ((TSJ^2 + DJ^2)^1/2) / 2 + PE
    Total System Jitter     (TSJ):    0.071ns
    Discrete Jitter          (DJ):    0.340ns
    Phase Error              (PE):    0.000ns
  Clock Net Delay (Source):      2.398ns (routing 1.302ns, distribution 1.096ns)
  Clock Net Delay (Destination): 2.110ns (routing 1.184ns, distribution 0.926ns)

    Location             Delay type                Incr(ns)  Path(ns)    Netlist Resource(s)
  -------------------------------------------------------------------    -------------------
                         (clock clk_pl_0 rise edge)
                                                      0.000     0.000 r  
    PS8_X0Y0             PS8                          0.000     0.000 r  design_1_i/zynq_ultra_ps_e_0/inst/PS8_i/PLCLK[0]
                         net (fo=1, routed)           0.178     0.178    design_1_i/zynq_ultra_ps_e_0/inst/pl_clk_unbuffered[0]
    BUFG_PS_X0Y80        BUFG_PS (Prop_BUFG_PS_I_O)
                                                      0.029     0.207 r  design_1_i/zynq_ultra_ps_e_0/inst/buffer_pl_clk_0.PL_CLK_0_BUFG/O
    X1Y1 (CLOCK_ROOT)    net (fo=1324, routed)        2.398     2.605    design_1_i/zynq_ultra_ps_e_0/inst/maxihpm1_fpd_aclk
    PS8_X0Y0             PS8                                          r  design_1_i/zynq_ultra_ps_e_0/inst/PS8_i/MAXIGP1ACLK
  -------------------------------------------------------------------    -------------------
    PS8_X0Y0             PS8 (Prop_PS8_MAXIGP1ACLK_MAXIGP1ARADDR[30])
                                                      0.619     3.224 r  design_1_i/zynq_ultra_ps_e_0/inst/PS8_i/MAXIGP1ARADDR[30]
                         net (fo=17, routed)          0.783     4.007    design_1_i/axi_interconnect_0/inst/u_full_interconnect/u_AR_Channel_Controller_Top/u_Read_Arbiter/M1_ARADDR[30]
    SLICE_X3Y112         LUT5 (Prop_G6LUT_SLICEL_I4_O)
                                                      0.178     4.185 f  design_1_i/axi_interconnect_0/inst/u_full_interconnect/u_AR_Channel_Controller_Top/u_Read_Arbiter/S2_ARADDR[31]_INST_0/O
                         net (fo=11, routed)          0.265     4.450    design_1_i/axi_interconnect_0/inst/u_full_interconnect/u_AR_Channel_Controller_Top/u_Read_Arbiter/M0_ARADDR_31_sn_1
    SLICE_X1Y111         LUT4 (Prop_D5LUT_SLICEM_I0_O)
                                                      0.195     4.645 f  design_1_i/axi_interconnect_0/inst/u_full_interconnect/u_AR_Channel_Controller_Top/u_Read_Arbiter/S2_ARLEN[5]_INST_0/O
                         net (fo=2, routed)           0.394     5.039    design_1_i/axi_slave_bridge_s2/inst/s_axi_arlen[5]
    SLICE_X4Y107         LUT6 (Prop_E6LUT_SLICEM_I4_O)
                                                      0.148     5.187 r  design_1_i/axi_slave_bridge_s2/inst/s_axi_arready_INST_0/O
                         net (fo=2, routed)           0.239     5.426    design_1_i/axi_interconnect_0/inst/u_full_interconnect/u_AR_Channel_Controller_Top/u_Read_Arbiter/S2_ARREADY
    SLICE_X3Y111         LUT6 (Prop_G6LUT_SLICEL_I0_O)
                                                      0.100     5.526 r  design_1_i/axi_interconnect_0/inst/u_full_interconnect/u_AR_Channel_Controller_Top/u_Read_Arbiter/M0_ARREADY_INST_0_i_1/O
                         net (fo=3, routed)           0.310     5.836    design_1_i/axi_interconnect_0/inst/u_full_interconnect/u_AR_Channel_Controller_Top/u_Read_Arbiter/Sel_Slave_Ready
    SLICE_X1Y106         LUT2 (Prop_B5LUT_SLICEM_I0_O)
                                                      0.176     6.012 r  design_1_i/axi_interconnect_0/inst/u_full_interconnect/u_AR_Channel_Controller_Top/u_Read_Arbiter/M0_ARREADY_INST_0/O
                         net (fo=2, routed)           0.172     6.184    design_1_i/axi_master_bridge_0/inst/m_axi_arready
    SLICE_X1Y104         LUT2 (Prop_A5LUT_SLICEM_I1_O)
                                                      0.171     6.355 r  design_1_i/axi_master_bridge_0/inst/arid_reg[15]_i_1/O
                         net (fo=16, routed)          0.506     6.861    design_1_i/axi_master_bridge_0/inst/arid_reg0
    SLICE_X0Y93          FDRE                                         r  design_1_i/axi_master_bridge_0/inst/arid_reg_reg[0]/CE
  -------------------------------------------------------------------    -------------------

                         (clock clk_pl_0 rise edge)
                                                     10.000    10.000 r  
    PS8_X0Y0             PS8                          0.000    10.000 r  design_1_i/zynq_ultra_ps_e_0/inst/PS8_i/PLCLK[0]
                         net (fo=1, routed)           0.140    10.140    design_1_i/zynq_ultra_ps_e_0/inst/pl_clk_unbuffered[0]
    BUFG_PS_X0Y80        BUFG_PS (Prop_BUFG_PS_I_O)
                                                      0.027    10.167 r  design_1_i/zynq_ultra_ps_e_0/inst/buffer_pl_clk_0.PL_CLK_0_BUFG/O
    X1Y1 (CLOCK_ROOT)    net (fo=1324, routed)        2.110    12.277    design_1_i/axi_master_bridge_0/inst/ACLK
    SLICE_X0Y93          FDRE                                         r  design_1_i/axi_master_bridge_0/inst/arid_reg_reg[0]/C
                         clock pessimism              0.158    12.435    
                         clock uncertainty           -0.174    12.261    
    SLICE_X0Y93          FDRE (Setup_EFF_SLICEL_C_CE)
                                                     -0.043    12.218    design_1_i/axi_master_bridge_0/inst/arid_reg_reg[0]
  -------------------------------------------------------------------
                         required time                         12.218    
                         arrival time                          -6.861    
  -------------------------------------------------------------------
                         slack                                  5.357    

Slack (MET) :             5.357ns  (required time - arrival time)
  Source:                 design_1_i/zynq_ultra_ps_e_0/inst/PS8_i/MAXIGP1ACLK
                            (rising edge-triggered cell PS8 clocked by clk_pl_0  {rise@0.000ns fall@5.000ns period=10.000ns})
  Destination:            design_1_i/axi_master_bridge_0/inst/arid_reg_reg[2]/CE
                            (rising edge-triggered cell FDRE clocked by clk_pl_0  {rise@0.000ns fall@5.000ns period=10.000ns})
  Path Group:             clk_pl_0
  Path Type:              Setup (Max at Slow Process Corner)
  Requirement:            10.000ns  (clk_pl_0 rise@10.000ns - clk_pl_0 rise@0.000ns)
  Data Path Delay:        4.256ns  (logic 1.587ns (37.289%)  route 2.669ns (62.711%))
  Logic Levels:           6  (LUT2=2 LUT4=1 LUT5=1 LUT6=2)
  Clock Path Skew:        -0.170ns (DCD - SCD + CPR)
    Destination Clock Delay (DCD):    2.277ns = ( 12.277 - 10.000 ) 
    Source Clock Delay      (SCD):    2.605ns
    Clock Pessimism Removal (CPR):    0.158ns
  Clock Uncertainty:      0.174ns  ((TSJ^2 + DJ^2)^1/2) / 2 + PE
    Total System Jitter     (TSJ):    0.071ns
    Discrete Jitter          (DJ):    0.340ns
    Phase Error              (PE):    0.000ns
  Clock Net Delay (Source):      2.398ns (routing 1.302ns, distribution 1.096ns)
  Clock Net Delay (Destination): 2.110ns (routing 1.184ns, distribution 0.926ns)

    Location             Delay type                Incr(ns)  Path(ns)    Netlist Resource(s)
  -------------------------------------------------------------------    -------------------
                         (clock clk_pl_0 rise edge)
                                                      0.000     0.000 r  
    PS8_X0Y0             PS8                          0.000     0.000 r  design_1_i/zynq_ultra_ps_e_0/inst/PS8_i/PLCLK[0]
                         net (fo=1, routed)           0.178     0.178    design_1_i/zynq_ultra_ps_e_0/inst/pl_clk_unbuffered[0]
    BUFG_PS_X0Y80        BUFG_PS (Prop_BUFG_PS_I_O)
                                                      0.029     0.207 r  design_1_i/zynq_ultra_ps_e_0/inst/buffer_pl_clk_0.PL_CLK_0_BUFG/O
    X1Y1 (CLOCK_ROOT)    net (fo=1324, routed)        2.398     2.605    design_1_i/zynq_ultra_ps_e_0/inst/maxihpm1_fpd_aclk
    PS8_X0Y0             PS8                                          r  design_1_i/zynq_ultra_ps_e_0/inst/PS8_i/MAXIGP1ACLK
  -------------------------------------------------------------------    -------------------
    PS8_X0Y0             PS8 (Prop_PS8_MAXIGP1ACLK_MAXIGP1ARADDR[30])
                                                      0.619     3.224 r  design_1_i/zynq_ultra_ps_e_0/inst/PS8_i/MAXIGP1ARADDR[30]
                         net (fo=17, routed)          0.783     4.007    design_1_i/axi_interconnect_0/inst/u_full_interconnect/u_AR_Channel_Controller_Top/u_Read_Arbiter/M1_ARADDR[30]
    SLICE_X3Y112         LUT5 (Prop_G6LUT_SLICEL_I4_O)
                                                      0.178     4.185 f  design_1_i/axi_interconnect_0/inst/u_full_interconnect/u_AR_Channel_Controller_Top/u_Read_Arbiter/S2_ARADDR[31]_INST_0/O
                         net (fo=11, routed)          0.265     4.450    design_1_i/axi_interconnect_0/inst/u_full_interconnect/u_AR_Channel_Controller_Top/u_Read_Arbiter/M0_ARADDR_31_sn_1
    SLICE_X1Y111         LUT4 (Prop_D5LUT_SLICEM_I0_O)
                                                      0.195     4.645 f  design_1_i/axi_interconnect_0/inst/u_full_interconnect/u_AR_Channel_Controller_Top/u_Read_Arbiter/S2_ARLEN[5]_INST_0/O
                         net (fo=2, routed)           0.394     5.039    design_1_i/axi_slave_bridge_s2/inst/s_axi_arlen[5]
    SLICE_X4Y107         LUT6 (Prop_E6LUT_SLICEM_I4_O)
                                                      0.148     5.187 r  design_1_i/axi_slave_bridge_s2/inst/s_axi_arready_INST_0/O
                         net (fo=2, routed)           0.239     5.426    design_1_i/axi_interconnect_0/inst/u_full_interconnect/u_AR_Channel_Controller_Top/u_Read_Arbiter/S2_ARREADY
    SLICE_X3Y111         LUT6 (Prop_G6LUT_SLICEL_I0_O)
                                                      0.100     5.526 r  design_1_i/axi_interconnect_0/inst/u_full_interconnect/u_AR_Channel_Controller_Top/u_Read_Arbiter/M0_ARREADY_INST_0_i_1/O
                         net (fo=3, routed)           0.310     5.836    design_1_i/axi_interconnect_0/inst/u_full_interconnect/u_AR_Channel_Controller_Top/u_Read_Arbiter/Sel_Slave_Ready
    SLICE_X1Y106         LUT2 (Prop_B5LUT_SLICEM_I0_O)
                                                      0.176     6.012 r  design_1_i/axi_interconnect_0/inst/u_full_interconnect/u_AR_Channel_Controller_Top/u_Read_Arbiter/M0_ARREADY_INST_0/O
                         net (fo=2, routed)           0.172     6.184    design_1_i/axi_master_bridge_0/inst/m_axi_arready
    SLICE_X1Y104         LUT2 (Prop_A5LUT_SLICEM_I1_O)
                                                      0.171     6.355 r  design_1_i/axi_master_bridge_0/inst/arid_reg[15]_i_1/O
                         net (fo=16, routed)          0.506     6.861    design_1_i/axi_master_bridge_0/inst/arid_reg0
    SLICE_X0Y93          FDRE                                         r  design_1_i/axi_master_bridge_0/inst/arid_reg_reg[2]/CE
  -------------------------------------------------------------------    -------------------

                         (clock clk_pl_0 rise edge)
                                                     10.000    10.000 r  
    PS8_X0Y0             PS8                          0.000    10.000 r  design_1_i/zynq_ultra_ps_e_0/inst/PS8_i/PLCLK[0]
                         net (fo=1, routed)           0.140    10.140    design_1_i/zynq_ultra_ps_e_0/inst/pl_clk_unbuffered[0]
    BUFG_PS_X0Y80        BUFG_PS (Prop_BUFG_PS_I_O)
                                                      0.027    10.167 r  design_1_i/zynq_ultra_ps_e_0/inst/buffer_pl_clk_0.PL_CLK_0_BUFG/O
    X1Y1 (CLOCK_ROOT)    net (fo=1324, routed)        2.110    12.277    design_1_i/axi_master_bridge_0/inst/ACLK
    SLICE_X0Y93          FDRE                                         r  design_1_i/axi_master_bridge_0/inst/arid_reg_reg[2]/C
                         clock pessimism              0.158    12.435    
                         clock uncertainty           -0.174    12.261    
    SLICE_X0Y93          FDRE (Setup_FFF_SLICEL_C_CE)
                                                     -0.043    12.218    design_1_i/axi_master_bridge_0/inst/arid_reg_reg[2]
  -------------------------------------------------------------------
                         required time                         12.218    
                         arrival time                          -6.861    
  -------------------------------------------------------------------
                         slack                                  5.357    

Slack (MET) :             5.357ns  (required time - arrival time)
  Source:                 design_1_i/zynq_ultra_ps_e_0/inst/PS8_i/MAXIGP1ACLK
                            (rising edge-triggered cell PS8 clocked by clk_pl_0  {rise@0.000ns fall@5.000ns period=10.000ns})
  Destination:            design_1_i/axi_master_bridge_0/inst/arid_reg_reg[4]/CE
                            (rising edge-triggered cell FDRE clocked by clk_pl_0  {rise@0.000ns fall@5.000ns period=10.000ns})
  Path Group:             clk_pl_0
  Path Type:              Setup (Max at Slow Process Corner)
  Requirement:            10.000ns  (clk_pl_0 rise@10.000ns - clk_pl_0 rise@0.000ns)
  Data Path Delay:        4.256ns  (logic 1.587ns (37.289%)  route 2.669ns (62.711%))
  Logic Levels:           6  (LUT2=2 LUT4=1 LUT5=1 LUT6=2)
  Clock Path Skew:        -0.170ns (DCD - SCD + CPR)
    Destination Clock Delay (DCD):    2.277ns = ( 12.277 - 10.000 ) 
    Source Clock Delay      (SCD):    2.605ns
    Clock Pessimism Removal (CPR):    0.158ns
  Clock Uncertainty:      0.174ns  ((TSJ^2 + DJ^2)^1/2) / 2 + PE
    Total System Jitter     (TSJ):    0.071ns
    Discrete Jitter          (DJ):    0.340ns
    Phase Error              (PE):    0.000ns
  Clock Net Delay (Source):      2.398ns (routing 1.302ns, distribution 1.096ns)
  Clock Net Delay (Destination): 2.110ns (routing 1.184ns, distribution 0.926ns)

    Location             Delay type                Incr(ns)  Path(ns)    Netlist Resource(s)
  -------------------------------------------------------------------    -------------------
                         (clock clk_pl_0 rise edge)
                                                      0.000     0.000 r  
    PS8_X0Y0             PS8                          0.000     0.000 r  design_1_i/zynq_ultra_ps_e_0/inst/PS8_i/PLCLK[0]
                         net (fo=1, routed)           0.178     0.178    design_1_i/zynq_ultra_ps_e_0/inst/pl_clk_unbuffered[0]
    BUFG_PS_X0Y80        BUFG_PS (Prop_BUFG_PS_I_O)
                                                      0.029     0.207 r  design_1_i/zynq_ultra_ps_e_0/inst/buffer_pl_clk_0.PL_CLK_0_BUFG/O
    X1Y1 (CLOCK_ROOT)    net (fo=1324, routed)        2.398     2.605    design_1_i/zynq_ultra_ps_e_0/inst/maxihpm1_fpd_aclk
    PS8_X0Y0             PS8                                          r  design_1_i/zynq_ultra_ps_e_0/inst/PS8_i/MAXIGP1ACLK
  -------------------------------------------------------------------    -------------------
    PS8_X0Y0             PS8 (Prop_PS8_MAXIGP1ACLK_MAXIGP1ARADDR[30])
                                                      0.619     3.224 r  design_1_i/zynq_ultra_ps_e_0/inst/PS8_i/MAXIGP1ARADDR[30]
                         net (fo=17, routed)          0.783     4.007    design_1_i/axi_interconnect_0/inst/u_full_interconnect/u_AR_Channel_Controller_Top/u_Read_Arbiter/M1_ARADDR[30]
    SLICE_X3Y112         LUT5 (Prop_G6LUT_SLICEL_I4_O)
                                                      0.178     4.185 f  design_1_i/axi_interconnect_0/inst/u_full_interconnect/u_AR_Channel_Controller_Top/u_Read_Arbiter/S2_ARADDR[31]_INST_0/O
                         net (fo=11, routed)          0.265     4.450    design_1_i/axi_interconnect_0/inst/u_full_interconnect/u_AR_Channel_Controller_Top/u_Read_Arbiter/M0_ARADDR_31_sn_1
    SLICE_X1Y111         LUT4 (Prop_D5LUT_SLICEM_I0_O)
                                                      0.195     4.645 f  design_1_i/axi_interconnect_0/inst/u_full_interconnect/u_AR_Channel_Controller_Top/u_Read_Arbiter/S2_ARLEN[5]_INST_0/O
                         net (fo=2, routed)           0.394     5.039    design_1_i/axi_slave_bridge_s2/inst/s_axi_arlen[5]
    SLICE_X4Y107         LUT6 (Prop_E6LUT_SLICEM_I4_O)
                                                      0.148     5.187 r  design_1_i/axi_slave_bridge_s2/inst/s_axi_arready_INST_0/O
                         net (fo=2, routed)           0.239     5.426    design_1_i/axi_interconnect_0/inst/u_full_interconnect/u_AR_Channel_Controller_Top/u_Read_Arbiter/S2_ARREADY
    SLICE_X3Y111         LUT6 (Prop_G6LUT_SLICEL_I0_O)
                                                      0.100     5.526 r  design_1_i/axi_interconnect_0/inst/u_full_interconnect/u_AR_Channel_Controller_Top/u_Read_Arbiter/M0_ARREADY_INST_0_i_1/O
                         net (fo=3, routed)           0.310     5.836    design_1_i/axi_interconnect_0/inst/u_full_interconnect/u_AR_Channel_Controller_Top/u_Read_Arbiter/Sel_Slave_Ready
    SLICE_X1Y106         LUT2 (Prop_B5LUT_SLICEM_I0_O)
                                                      0.176     6.012 r  design_1_i/axi_interconnect_0/inst/u_full_interconnect/u_AR_Channel_Controller_Top/u_Read_Arbiter/M0_ARREADY_INST_0/O
                         net (fo=2, routed)           0.172     6.184    design_1_i/axi_master_bridge_0/inst/m_axi_arready
    SLICE_X1Y104         LUT2 (Prop_A5LUT_SLICEM_I1_O)
                                                      0.171     6.355 r  design_1_i/axi_master_bridge_0/inst/arid_reg[15]_i_1/O
                         net (fo=16, routed)          0.506     6.861    design_1_i/axi_master_bridge_0/inst/arid_reg0
    SLICE_X0Y93          FDRE                                         r  design_1_i/axi_master_bridge_0/inst/arid_reg_reg[4]/CE
  -------------------------------------------------------------------    -------------------

                         (clock clk_pl_0 rise edge)
                                                     10.000    10.000 r  
    PS8_X0Y0             PS8                          0.000    10.000 r  design_1_i/zynq_ultra_ps_e_0/inst/PS8_i/PLCLK[0]
                         net (fo=1, routed)           0.140    10.140    design_1_i/zynq_ultra_ps_e_0/inst/pl_clk_unbuffered[0]
    BUFG_PS_X0Y80        BUFG_PS (Prop_BUFG_PS_I_O)
                                                      0.027    10.167 r  design_1_i/zynq_ultra_ps_e_0/inst/buffer_pl_clk_0.PL_CLK_0_BUFG/O
    X1Y1 (CLOCK_ROOT)    net (fo=1324, routed)        2.110    12.277    design_1_i/axi_master_bridge_0/inst/ACLK
    SLICE_X0Y93          FDRE                                         r  design_1_i/axi_master_bridge_0/inst/arid_reg_reg[4]/C
                         clock pessimism              0.158    12.435    
                         clock uncertainty           -0.174    12.261    
    SLICE_X0Y93          FDRE (Setup_GFF_SLICEL_C_CE)
                                                     -0.043    12.218    design_1_i/axi_master_bridge_0/inst/arid_reg_reg[4]
  -------------------------------------------------------------------
                         required time                         12.218    
                         arrival time                          -6.861    
  -------------------------------------------------------------------
                         slack                                  5.357    

Slack (MET) :             5.357ns  (required time - arrival time)
  Source:                 design_1_i/zynq_ultra_ps_e_0/inst/PS8_i/MAXIGP1ACLK
                            (rising edge-triggered cell PS8 clocked by clk_pl_0  {rise@0.000ns fall@5.000ns period=10.000ns})
  Destination:            design_1_i/axi_master_bridge_0/inst/arid_reg_reg[6]/CE
                            (rising edge-triggered cell FDRE clocked by clk_pl_0  {rise@0.000ns fall@5.000ns period=10.000ns})
  Path Group:             clk_pl_0
  Path Type:              Setup (Max at Slow Process Corner)
  Requirement:            10.000ns  (clk_pl_0 rise@10.000ns - clk_pl_0 rise@0.000ns)
  Data Path Delay:        4.256ns  (logic 1.587ns (37.289%)  route 2.669ns (62.711%))
  Logic Levels:           6  (LUT2=2 LUT4=1 LUT5=1 LUT6=2)
  Clock Path Skew:        -0.170ns (DCD - SCD + CPR)
    Destination Clock Delay (DCD):    2.277ns = ( 12.277 - 10.000 ) 
    Source Clock Delay      (SCD):    2.605ns
    Clock Pessimism Removal (CPR):    0.158ns
  Clock Uncertainty:      0.174ns  ((TSJ^2 + DJ^2)^1/2) / 2 + PE
    Total System Jitter     (TSJ):    0.071ns
    Discrete Jitter          (DJ):    0.340ns
    Phase Error              (PE):    0.000ns
  Clock Net Delay (Source):      2.398ns (routing 1.302ns, distribution 1.096ns)
  Clock Net Delay (Destination): 2.110ns (routing 1.184ns, distribution 0.926ns)

    Location             Delay type                Incr(ns)  Path(ns)    Netlist Resource(s)
  -------------------------------------------------------------------    -------------------
                         (clock clk_pl_0 rise edge)
                                                      0.000     0.000 r  
    PS8_X0Y0             PS8                          0.000     0.000 r  design_1_i/zynq_ultra_ps_e_0/inst/PS8_i/PLCLK[0]
                         net (fo=1, routed)           0.178     0.178    design_1_i/zynq_ultra_ps_e_0/inst/pl_clk_unbuffered[0]
    BUFG_PS_X0Y80        BUFG_PS (Prop_BUFG_PS_I_O)
                                                      0.029     0.207 r  design_1_i/zynq_ultra_ps_e_0/inst/buffer_pl_clk_0.PL_CLK_0_BUFG/O
    X1Y1 (CLOCK_ROOT)    net (fo=1324, routed)        2.398     2.605    design_1_i/zynq_ultra_ps_e_0/inst/maxihpm1_fpd_aclk
    PS8_X0Y0             PS8                                          r  design_1_i/zynq_ultra_ps_e_0/inst/PS8_i/MAXIGP1ACLK
  -------------------------------------------------------------------    -------------------
    PS8_X0Y0             PS8 (Prop_PS8_MAXIGP1ACLK_MAXIGP1ARADDR[30])
                                                      0.619     3.224 r  design_1_i/zynq_ultra_ps_e_0/inst/PS8_i/MAXIGP1ARADDR[30]
                         net (fo=17, routed)          0.783     4.007    design_1_i/axi_interconnect_0/inst/u_full_interconnect/u_AR_Channel_Controller_Top/u_Read_Arbiter/M1_ARADDR[30]
    SLICE_X3Y112         LUT5 (Prop_G6LUT_SLICEL_I4_O)
                                                      0.178     4.185 f  design_1_i/axi_interconnect_0/inst/u_full_interconnect/u_AR_Channel_Controller_Top/u_Read_Arbiter/S2_ARADDR[31]_INST_0/O
                         net (fo=11, routed)          0.265     4.450    design_1_i/axi_interconnect_0/inst/u_full_interconnect/u_AR_Channel_Controller_Top/u_Read_Arbiter/M0_ARADDR_31_sn_1
    SLICE_X1Y111         LUT4 (Prop_D5LUT_SLICEM_I0_O)
                                                      0.195     4.645 f  design_1_i/axi_interconnect_0/inst/u_full_interconnect/u_AR_Channel_Controller_Top/u_Read_Arbiter/S2_ARLEN[5]_INST_0/O
                         net (fo=2, routed)           0.394     5.039    design_1_i/axi_slave_bridge_s2/inst/s_axi_arlen[5]
    SLICE_X4Y107         LUT6 (Prop_E6LUT_SLICEM_I4_O)
                                                      0.148     5.187 r  design_1_i/axi_slave_bridge_s2/inst/s_axi_arready_INST_0/O
                         net (fo=2, routed)           0.239     5.426    design_1_i/axi_interconnect_0/inst/u_full_interconnect/u_AR_Channel_Controller_Top/u_Read_Arbiter/S2_ARREADY
    SLICE_X3Y111         LUT6 (Prop_G6LUT_SLICEL_I0_O)
                                                      0.100     5.526 r  design_1_i/axi_interconnect_0/inst/u_full_interconnect/u_AR_Channel_Controller_Top/u_Read_Arbiter/M0_ARREADY_INST_0_i_1/O
                         net (fo=3, routed)           0.310     5.836    design_1_i/axi_interconnect_0/inst/u_full_interconnect/u_AR_Channel_Controller_Top/u_Read_Arbiter/Sel_Slave_Ready
    SLICE_X1Y106         LUT2 (Prop_B5LUT_SLICEM_I0_O)
                                                      0.176     6.012 r  design_1_i/axi_interconnect_0/inst/u_full_interconnect/u_AR_Channel_Controller_Top/u_Read_Arbiter/M0_ARREADY_INST_0/O
                         net (fo=2, routed)           0.172     6.184    design_1_i/axi_master_bridge_0/inst/m_axi_arready
    SLICE_X1Y104         LUT2 (Prop_A5LUT_SLICEM_I1_O)
                                                      0.171     6.355 r  design_1_i/axi_master_bridge_0/inst/arid_reg[15]_i_1/O
                         net (fo=16, routed)          0.506     6.861    design_1_i/axi_master_bridge_0/inst/arid_reg0
    SLICE_X0Y93          FDRE                                         r  design_1_i/axi_master_bridge_0/inst/arid_reg_reg[6]/CE
  -------------------------------------------------------------------    -------------------

                         (clock clk_pl_0 rise edge)
                                                     10.000    10.000 r  
    PS8_X0Y0             PS8                          0.000    10.000 r  design_1_i/zynq_ultra_ps_e_0/inst/PS8_i/PLCLK[0]
                         net (fo=1, routed)           0.140    10.140    design_1_i/zynq_ultra_ps_e_0/inst/pl_clk_unbuffered[0]
    BUFG_PS_X0Y80        BUFG_PS (Prop_BUFG_PS_I_O)
                                                      0.027    10.167 r  design_1_i/zynq_ultra_ps_e_0/inst/buffer_pl_clk_0.PL_CLK_0_BUFG/O
    X1Y1 (CLOCK_ROOT)    net (fo=1324, routed)        2.110    12.277    design_1_i/axi_master_bridge_0/inst/ACLK
    SLICE_X0Y93          FDRE                                         r  design_1_i/axi_master_bridge_0/inst/arid_reg_reg[6]/C
                         clock pessimism              0.158    12.435    
                         clock uncertainty           -0.174    12.261    
    SLICE_X0Y93          FDRE (Setup_HFF_SLICEL_C_CE)
                                                     -0.043    12.218    design_1_i/axi_master_bridge_0/inst/arid_reg_reg[6]
  -------------------------------------------------------------------
                         required time                         12.218    
                         arrival time                          -6.861    
  -------------------------------------------------------------------
                         slack                                  5.357    

Slack (MET) :             5.357ns  (required time - arrival time)
  Source:                 design_1_i/zynq_ultra_ps_e_0/inst/PS8_i/MAXIGP1ACLK
                            (rising edge-triggered cell PS8 clocked by clk_pl_0  {rise@0.000ns fall@5.000ns period=10.000ns})
  Destination:            design_1_i/axi_master_bridge_0/inst/arid_reg_reg[1]/CE
                            (rising edge-triggered cell FDRE clocked by clk_pl_0  {rise@0.000ns fall@5.000ns period=10.000ns})
  Path Group:             clk_pl_0
  Path Type:              Setup (Max at Slow Process Corner)
  Requirement:            10.000ns  (clk_pl_0 rise@10.000ns - clk_pl_0 rise@0.000ns)
  Data Path Delay:        4.257ns  (logic 1.587ns (37.280%)  route 2.670ns (62.720%))
  Logic Levels:           6  (LUT2=2 LUT4=1 LUT5=1 LUT6=2)
  Clock Path Skew:        -0.170ns (DCD - SCD + CPR)
    Destination Clock Delay (DCD):    2.277ns = ( 12.277 - 10.000 ) 
    Source Clock Delay      (SCD):    2.605ns
    Clock Pessimism Removal (CPR):    0.158ns
  Clock Uncertainty:      0.174ns  ((TSJ^2 + DJ^2)^1/2) / 2 + PE
    Total System Jitter     (TSJ):    0.071ns
    Discrete Jitter          (DJ):    0.340ns
    Phase Error              (PE):    0.000ns
  Clock Net Delay (Source):      2.398ns (routing 1.302ns, distribution 1.096ns)
  Clock Net Delay (Destination): 2.110ns (routing 1.184ns, distribution 0.926ns)

    Location             Delay type                Incr(ns)  Path(ns)    Netlist Resource(s)
  -------------------------------------------------------------------    -------------------
                         (clock clk_pl_0 rise edge)
                                                      0.000     0.000 r  
    PS8_X0Y0             PS8                          0.000     0.000 r  design_1_i/zynq_ultra_ps_e_0/inst/PS8_i/PLCLK[0]
                         net (fo=1, routed)           0.178     0.178    design_1_i/zynq_ultra_ps_e_0/inst/pl_clk_unbuffered[0]
    BUFG_PS_X0Y80        BUFG_PS (Prop_BUFG_PS_I_O)
                                                      0.029     0.207 r  design_1_i/zynq_ultra_ps_e_0/inst/buffer_pl_clk_0.PL_CLK_0_BUFG/O
    X1Y1 (CLOCK_ROOT)    net (fo=1324, routed)        2.398     2.605    design_1_i/zynq_ultra_ps_e_0/inst/maxihpm1_fpd_aclk
    PS8_X0Y0             PS8                                          r  design_1_i/zynq_ultra_ps_e_0/inst/PS8_i/MAXIGP1ACLK
  -------------------------------------------------------------------    -------------------
    PS8_X0Y0             PS8 (Prop_PS8_MAXIGP1ACLK_MAXIGP1ARADDR[30])
                                                      0.619     3.224 r  design_1_i/zynq_ultra_ps_e_0/inst/PS8_i/MAXIGP1ARADDR[30]
                         net (fo=17, routed)          0.783     4.007    design_1_i/axi_interconnect_0/inst/u_full_interconnect/u_AR_Channel_Controller_Top/u_Read_Arbiter/M1_ARADDR[30]
    SLICE_X3Y112         LUT5 (Prop_G6LUT_SLICEL_I4_O)
                                                      0.178     4.185 f  design_1_i/axi_interconnect_0/inst/u_full_interconnect/u_AR_Channel_Controller_Top/u_Read_Arbiter/S2_ARADDR[31]_INST_0/O
                         net (fo=11, routed)          0.265     4.450    design_1_i/axi_interconnect_0/inst/u_full_interconnect/u_AR_Channel_Controller_Top/u_Read_Arbiter/M0_ARADDR_31_sn_1
    SLICE_X1Y111         LUT4 (Prop_D5LUT_SLICEM_I0_O)
                                                      0.195     4.645 f  design_1_i/axi_interconnect_0/inst/u_full_interconnect/u_AR_Channel_Controller_Top/u_Read_Arbiter/S2_ARLEN[5]_INST_0/O
                         net (fo=2, routed)           0.394     5.039    design_1_i/axi_slave_bridge_s2/inst/s_axi_arlen[5]
    SLICE_X4Y107         LUT6 (Prop_E6LUT_SLICEM_I4_O)
                                                      0.148     5.187 r  design_1_i/axi_slave_bridge_s2/inst/s_axi_arready_INST_0/O
                         net (fo=2, routed)           0.239     5.426    design_1_i/axi_interconnect_0/inst/u_full_interconnect/u_AR_Channel_Controller_Top/u_Read_Arbiter/S2_ARREADY
    SLICE_X3Y111         LUT6 (Prop_G6LUT_SLICEL_I0_O)
                                                      0.100     5.526 r  design_1_i/axi_interconnect_0/inst/u_full_interconnect/u_AR_Channel_Controller_Top/u_Read_Arbiter/M0_ARREADY_INST_0_i_1/O
                         net (fo=3, routed)           0.310     5.836    design_1_i/axi_interconnect_0/inst/u_full_interconnect/u_AR_Channel_Controller_Top/u_Read_Arbiter/Sel_Slave_Ready
    SLICE_X1Y106         LUT2 (Prop_B5LUT_SLICEM_I0_O)
                                                      0.176     6.012 r  design_1_i/axi_interconnect_0/inst/u_full_interconnect/u_AR_Channel_Controller_Top/u_Read_Arbiter/M0_ARREADY_INST_0/O
                         net (fo=2, routed)           0.172     6.184    design_1_i/axi_master_bridge_0/inst/m_axi_arready
    SLICE_X1Y104         LUT2 (Prop_A5LUT_SLICEM_I1_O)
                                                      0.171     6.355 r  design_1_i/axi_master_bridge_0/inst/arid_reg[15]_i_1/O
                         net (fo=16, routed)          0.507     6.862    design_1_i/axi_master_bridge_0/inst/arid_reg0
    SLICE_X0Y93          FDRE                                         r  design_1_i/axi_master_bridge_0/inst/arid_reg_reg[1]/CE
  -------------------------------------------------------------------    -------------------

                         (clock clk_pl_0 rise edge)
                                                     10.000    10.000 r  
    PS8_X0Y0             PS8                          0.000    10.000 r  design_1_i/zynq_ultra_ps_e_0/inst/PS8_i/PLCLK[0]
                         net (fo=1, routed)           0.140    10.140    design_1_i/zynq_ultra_ps_e_0/inst/pl_clk_unbuffered[0]
    BUFG_PS_X0Y80        BUFG_PS (Prop_BUFG_PS_I_O)
                                                      0.027    10.167 r  design_1_i/zynq_ultra_ps_e_0/inst/buffer_pl_clk_0.PL_CLK_0_BUFG/O
    X1Y1 (CLOCK_ROOT)    net (fo=1324, routed)        2.110    12.277    design_1_i/axi_master_bridge_0/inst/ACLK
    SLICE_X0Y93          FDRE                                         r  design_1_i/axi_master_bridge_0/inst/arid_reg_reg[1]/C
                         clock pessimism              0.158    12.435    
                         clock uncertainty           -0.174    12.261    
    SLICE_X0Y93          FDRE (Setup_EFF2_SLICEL_C_CE)
                                                     -0.042    12.219    design_1_i/axi_master_bridge_0/inst/arid_reg_reg[1]
  -------------------------------------------------------------------
                         required time                         12.219    
                         arrival time                          -6.862    
  -------------------------------------------------------------------
                         slack                                  5.357    

Slack (MET) :             5.357ns  (required time - arrival time)
  Source:                 design_1_i/zynq_ultra_ps_e_0/inst/PS8_i/MAXIGP1ACLK
                            (rising edge-triggered cell PS8 clocked by clk_pl_0  {rise@0.000ns fall@5.000ns period=10.000ns})
  Destination:            design_1_i/axi_master_bridge_0/inst/arid_reg_reg[3]/CE
                            (rising edge-triggered cell FDRE clocked by clk_pl_0  {rise@0.000ns fall@5.000ns period=10.000ns})
  Path Group:             clk_pl_0
  Path Type:              Setup (Max at Slow Process Corner)
  Requirement:            10.000ns  (clk_pl_0 rise@10.000ns - clk_pl_0 rise@0.000ns)
  Data Path Delay:        4.257ns  (logic 1.587ns (37.280%)  route 2.670ns (62.720%))
  Logic Levels:           6  (LUT2=2 LUT4=1 LUT5=1 LUT6=2)
  Clock Path Skew:        -0.170ns (DCD - SCD + CPR)
    Destination Clock Delay (DCD):    2.277ns = ( 12.277 - 10.000 ) 
    Source Clock Delay      (SCD):    2.605ns
    Clock Pessimism Removal (CPR):    0.158ns
  Clock Uncertainty:      0.174ns  ((TSJ^2 + DJ^2)^1/2) / 2 + PE
    Total System Jitter     (TSJ):    0.071ns
    Discrete Jitter          (DJ):    0.340ns
    Phase Error              (PE):    0.000ns
  Clock Net Delay (Source):      2.398ns (routing 1.302ns, distribution 1.096ns)
  Clock Net Delay (Destination): 2.110ns (routing 1.184ns, distribution 0.926ns)

    Location             Delay type                Incr(ns)  Path(ns)    Netlist Resource(s)
  -------------------------------------------------------------------    -------------------
                         (clock clk_pl_0 rise edge)
                                                      0.000     0.000 r  
    PS8_X0Y0             PS8                          0.000     0.000 r  design_1_i/zynq_ultra_ps_e_0/inst/PS8_i/PLCLK[0]
                         net (fo=1, routed)           0.178     0.178    design_1_i/zynq_ultra_ps_e_0/inst/pl_clk_unbuffered[0]
    BUFG_PS_X0Y80        BUFG_PS (Prop_BUFG_PS_I_O)
                                                      0.029     0.207 r  design_1_i/zynq_ultra_ps_e_0/inst/buffer_pl_clk_0.PL_CLK_0_BUFG/O
    X1Y1 (CLOCK_ROOT)    net (fo=1324, routed)        2.398     2.605    design_1_i/zynq_ultra_ps_e_0/inst/maxihpm1_fpd_aclk
    PS8_X0Y0             PS8                                          r  design_1_i/zynq_ultra_ps_e_0/inst/PS8_i/MAXIGP1ACLK
  -------------------------------------------------------------------    -------------------
    PS8_X0Y0             PS8 (Prop_PS8_MAXIGP1ACLK_MAXIGP1ARADDR[30])
                                                      0.619     3.224 r  design_1_i/zynq_ultra_ps_e_0/inst/PS8_i/MAXIGP1ARADDR[30]
                         net (fo=17, routed)          0.783     4.007    design_1_i/axi_interconnect_0/inst/u_full_interconnect/u_AR_Channel_Controller_Top/u_Read_Arbiter/M1_ARADDR[30]
    SLICE_X3Y112         LUT5 (Prop_G6LUT_SLICEL_I4_O)
                                                      0.178     4.185 f  design_1_i/axi_interconnect_0/inst/u_full_interconnect/u_AR_Channel_Controller_Top/u_Read_Arbiter/S2_ARADDR[31]_INST_0/O
                         net (fo=11, routed)          0.265     4.450    design_1_i/axi_interconnect_0/inst/u_full_interconnect/u_AR_Channel_Controller_Top/u_Read_Arbiter/M0_ARADDR_31_sn_1
    SLICE_X1Y111         LUT4 (Prop_D5LUT_SLICEM_I0_O)
                                                      0.195     4.645 f  design_1_i/axi_interconnect_0/inst/u_full_interconnect/u_AR_Channel_Controller_Top/u_Read_Arbiter/S2_ARLEN[5]_INST_0/O
                         net (fo=2, routed)           0.394     5.039    design_1_i/axi_slave_bridge_s2/inst/s_axi_arlen[5]
    SLICE_X4Y107         LUT6 (Prop_E6LUT_SLICEM_I4_O)
                                                      0.148     5.187 r  design_1_i/axi_slave_bridge_s2/inst/s_axi_arready_INST_0/O
                         net (fo=2, routed)           0.239     5.426    design_1_i/axi_interconnect_0/inst/u_full_interconnect/u_AR_Channel_Controller_Top/u_Read_Arbiter/S2_ARREADY
    SLICE_X3Y111         LUT6 (Prop_G6LUT_SLICEL_I0_O)
                                                      0.100     5.526 r  design_1_i/axi_interconnect_0/inst/u_full_interconnect/u_AR_Channel_Controller_Top/u_Read_Arbiter/M0_ARREADY_INST_0_i_1/O
                         net (fo=3, routed)           0.310     5.836    design_1_i/axi_interconnect_0/inst/u_full_interconnect/u_AR_Channel_Controller_Top/u_Read_Arbiter/Sel_Slave_Ready
    SLICE_X1Y106         LUT2 (Prop_B5LUT_SLICEM_I0_O)
                                                      0.176     6.012 r  design_1_i/axi_interconnect_0/inst/u_full_interconnect/u_AR_Channel_Controller_Top/u_Read_Arbiter/M0_ARREADY_INST_0/O
                         net (fo=2, routed)           0.172     6.184    design_1_i/axi_master_bridge_0/inst/m_axi_arready
    SLICE_X1Y104         LUT2 (Prop_A5LUT_SLICEM_I1_O)
                                                      0.171     6.355 r  design_1_i/axi_master_bridge_0/inst/arid_reg[15]_i_1/O
                         net (fo=16, routed)          0.507     6.862    design_1_i/axi_master_bridge_0/inst/arid_reg0
    SLICE_X0Y93          FDRE                                         r  design_1_i/axi_master_bridge_0/inst/arid_reg_reg[3]/CE
  -------------------------------------------------------------------    -------------------

                         (clock clk_pl_0 rise edge)
                                                     10.000    10.000 r  
    PS8_X0Y0             PS8                          0.000    10.000 r  design_1_i/zynq_ultra_ps_e_0/inst/PS8_i/PLCLK[0]
                         net (fo=1, routed)           0.140    10.140    design_1_i/zynq_ultra_ps_e_0/inst/pl_clk_unbuffered[0]
    BUFG_PS_X0Y80        BUFG_PS (Prop_BUFG_PS_I_O)
                                                      0.027    10.167 r  design_1_i/zynq_ultra_ps_e_0/inst/buffer_pl_clk_0.PL_CLK_0_BUFG/O
    X1Y1 (CLOCK_ROOT)    net (fo=1324, routed)        2.110    12.277    design_1_i/axi_master_bridge_0/inst/ACLK
    SLICE_X0Y93          FDRE                                         r  design_1_i/axi_master_bridge_0/inst/arid_reg_reg[3]/C
                         clock pessimism              0.158    12.435    
                         clock uncertainty           -0.174    12.261    
    SLICE_X0Y93          FDRE (Setup_FFF2_SLICEL_C_CE)
                                                     -0.042    12.219    design_1_i/axi_master_bridge_0/inst/arid_reg_reg[3]
  -------------------------------------------------------------------
                         required time                         12.219    
                         arrival time                          -6.862    
  -------------------------------------------------------------------
                         slack                                  5.357    

Slack (MET) :             5.357ns  (required time - arrival time)
  Source:                 design_1_i/zynq_ultra_ps_e_0/inst/PS8_i/MAXIGP1ACLK
                            (rising edge-triggered cell PS8 clocked by clk_pl_0  {rise@0.000ns fall@5.000ns period=10.000ns})
  Destination:            design_1_i/axi_master_bridge_0/inst/arid_reg_reg[5]/CE
                            (rising edge-triggered cell FDRE clocked by clk_pl_0  {rise@0.000ns fall@5.000ns period=10.000ns})
  Path Group:             clk_pl_0
  Path Type:              Setup (Max at Slow Process Corner)
  Requirement:            10.000ns  (clk_pl_0 rise@10.000ns - clk_pl_0 rise@0.000ns)
  Data Path Delay:        4.257ns  (logic 1.587ns (37.280%)  route 2.670ns (62.720%))
  Logic Levels:           6  (LUT2=2 LUT4=1 LUT5=1 LUT6=2)
  Clock Path Skew:        -0.170ns (DCD - SCD + CPR)
    Destination Clock Delay (DCD):    2.277ns = ( 12.277 - 10.000 ) 
    Source Clock Delay      (SCD):    2.605ns
    Clock Pessimism Removal (CPR):    0.158ns
  Clock Uncertainty:      0.174ns  ((TSJ^2 + DJ^2)^1/2) / 2 + PE
    Total System Jitter     (TSJ):    0.071ns
    Discrete Jitter          (DJ):    0.340ns
    Phase Error              (PE):    0.000ns
  Clock Net Delay (Source):      2.398ns (routing 1.302ns, distribution 1.096ns)
  Clock Net Delay (Destination): 2.110ns (routing 1.184ns, distribution 0.926ns)

    Location             Delay type                Incr(ns)  Path(ns)    Netlist Resource(s)
  -------------------------------------------------------------------    -------------------
                         (clock clk_pl_0 rise edge)
                                                      0.000     0.000 r  
    PS8_X0Y0             PS8                          0.000     0.000 r  design_1_i/zynq_ultra_ps_e_0/inst/PS8_i/PLCLK[0]
                         net (fo=1, routed)           0.178     0.178    design_1_i/zynq_ultra_ps_e_0/inst/pl_clk_unbuffered[0]
    BUFG_PS_X0Y80        BUFG_PS (Prop_BUFG_PS_I_O)
                                                      0.029     0.207 r  design_1_i/zynq_ultra_ps_e_0/inst/buffer_pl_clk_0.PL_CLK_0_BUFG/O
    X1Y1 (CLOCK_ROOT)    net (fo=1324, routed)        2.398     2.605    design_1_i/zynq_ultra_ps_e_0/inst/maxihpm1_fpd_aclk
    PS8_X0Y0             PS8                                          r  design_1_i/zynq_ultra_ps_e_0/inst/PS8_i/MAXIGP1ACLK
  -------------------------------------------------------------------    -------------------
    PS8_X0Y0             PS8 (Prop_PS8_MAXIGP1ACLK_MAXIGP1ARADDR[30])
                                                      0.619     3.224 r  design_1_i/zynq_ultra_ps_e_0/inst/PS8_i/MAXIGP1ARADDR[30]
                         net (fo=17, routed)          0.783     4.007    design_1_i/axi_interconnect_0/inst/u_full_interconnect/u_AR_Channel_Controller_Top/u_Read_Arbiter/M1_ARADDR[30]
    SLICE_X3Y112         LUT5 (Prop_G6LUT_SLICEL_I4_O)
                                                      0.178     4.185 f  design_1_i/axi_interconnect_0/inst/u_full_interconnect/u_AR_Channel_Controller_Top/u_Read_Arbiter/S2_ARADDR[31]_INST_0/O
                         net (fo=11, routed)          0.265     4.450    design_1_i/axi_interconnect_0/inst/u_full_interconnect/u_AR_Channel_Controller_Top/u_Read_Arbiter/M0_ARADDR_31_sn_1
    SLICE_X1Y111         LUT4 (Prop_D5LUT_SLICEM_I0_O)
                                                      0.195     4.645 f  design_1_i/axi_interconnect_0/inst/u_full_interconnect/u_AR_Channel_Controller_Top/u_Read_Arbiter/S2_ARLEN[5]_INST_0/O
                         net (fo=2, routed)           0.394     5.039    design_1_i/axi_slave_bridge_s2/inst/s_axi_arlen[5]
    SLICE_X4Y107         LUT6 (Prop_E6LUT_SLICEM_I4_O)
                                                      0.148     5.187 r  design_1_i/axi_slave_bridge_s2/inst/s_axi_arready_INST_0/O
                         net (fo=2, routed)           0.239     5.426    design_1_i/axi_interconnect_0/inst/u_full_interconnect/u_AR_Channel_Controller_Top/u_Read_Arbiter/S2_ARREADY
    SLICE_X3Y111         LUT6 (Prop_G6LUT_SLICEL_I0_O)
                                                      0.100     5.526 r  design_1_i/axi_interconnect_0/inst/u_full_interconnect/u_AR_Channel_Controller_Top/u_Read_Arbiter/M0_ARREADY_INST_0_i_1/O
                         net (fo=3, routed)           0.310     5.836    design_1_i/axi_interconnect_0/inst/u_full_interconnect/u_AR_Channel_Controller_Top/u_Read_Arbiter/Sel_Slave_Ready
    SLICE_X1Y106         LUT2 (Prop_B5LUT_SLICEM_I0_O)
                                                      0.176     6.012 r  design_1_i/axi_interconnect_0/inst/u_full_interconnect/u_AR_Channel_Controller_Top/u_Read_Arbiter/M0_ARREADY_INST_0/O
                         net (fo=2, routed)           0.172     6.184    design_1_i/axi_master_bridge_0/inst/m_axi_arready
    SLICE_X1Y104         LUT2 (Prop_A5LUT_SLICEM_I1_O)
                                                      0.171     6.355 r  design_1_i/axi_master_bridge_0/inst/arid_reg[15]_i_1/O
                         net (fo=16, routed)          0.507     6.862    design_1_i/axi_master_bridge_0/inst/arid_reg0
    SLICE_X0Y93          FDRE                                         r  design_1_i/axi_master_bridge_0/inst/arid_reg_reg[5]/CE
  -------------------------------------------------------------------    -------------------

                         (clock clk_pl_0 rise edge)
                                                     10.000    10.000 r  
    PS8_X0Y0             PS8                          0.000    10.000 r  design_1_i/zynq_ultra_ps_e_0/inst/PS8_i/PLCLK[0]
                         net (fo=1, routed)           0.140    10.140    design_1_i/zynq_ultra_ps_e_0/inst/pl_clk_unbuffered[0]
    BUFG_PS_X0Y80        BUFG_PS (Prop_BUFG_PS_I_O)
                                                      0.027    10.167 r  design_1_i/zynq_ultra_ps_e_0/inst/buffer_pl_clk_0.PL_CLK_0_BUFG/O
    X1Y1 (CLOCK_ROOT)    net (fo=1324, routed)        2.110    12.277    design_1_i/axi_master_bridge_0/inst/ACLK
    SLICE_X0Y93          FDRE                                         r  design_1_i/axi_master_bridge_0/inst/arid_reg_reg[5]/C
                         clock pessimism              0.158    12.435    
                         clock uncertainty           -0.174    12.261    
    SLICE_X0Y93          FDRE (Setup_GFF2_SLICEL_C_CE)
                                                     -0.042    12.219    design_1_i/axi_master_bridge_0/inst/arid_reg_reg[5]
  -------------------------------------------------------------------
                         required time                         12.219    
                         arrival time                          -6.862    
  -------------------------------------------------------------------
                         slack                                  5.357    





Min Delay Paths
--------------------------------------------------------------------------------------
Slack (MET) :             0.015ns  (arrival time - required time)
  Source:                 design_1_i/axi_uartlite_0/U0/UARTLITE_CORE_I/UARTLITE_RX_I/SERIAL_TO_PARALLEL[1].fifo_din_reg[1]/C
                            (rising edge-triggered cell FDRE clocked by clk_pl_0  {rise@0.000ns fall@5.000ns period=10.000ns})
  Destination:            design_1_i/axi_uartlite_0/U0/UARTLITE_CORE_I/UARTLITE_RX_I/SRL_FIFO_I/I_SRL_FIFO_RBU_F/DYNSHREG_F_I/INFERRED_GEN.data_reg[15][0]_srl16/D
                            (rising edge-triggered cell SRL16E clocked by clk_pl_0  {rise@0.000ns fall@5.000ns period=10.000ns})
  Path Group:             clk_pl_0
  Path Type:              Hold (Min at Slow Process Corner)
  Requirement:            0.000ns  (clk_pl_0 rise@0.000ns - clk_pl_0 rise@0.000ns)
  Data Path Delay:        0.162ns  (logic 0.070ns (43.111%)  route 0.092ns (56.889%))
  Logic Levels:           0  
  Clock Path Skew:        0.132ns (DCD - SCD - CPR)
    Destination Clock Delay (DCD):    2.625ns
    Source Clock Delay      (SCD):    2.290ns
    Clock Pessimism Removal (CPR):    0.203ns
  Clock Net Delay (Source):      2.123ns (routing 1.184ns, distribution 0.939ns)
  Clock Net Delay (Destination): 2.418ns (routing 1.302ns, distribution 1.116ns)

    Location             Delay type                Incr(ns)  Path(ns)    Netlist Resource(s)
  -------------------------------------------------------------------    -------------------
                         (clock clk_pl_0 rise edge)
                                                      0.000     0.000 r  
    PS8_X0Y0             PS8                          0.000     0.000 r  design_1_i/zynq_ultra_ps_e_0/inst/PS8_i/PLCLK[0]
                         net (fo=1, routed)           0.140     0.140    design_1_i/zynq_ultra_ps_e_0/inst/pl_clk_unbuffered[0]
    BUFG_PS_X0Y80        BUFG_PS (Prop_BUFG_PS_I_O)
                                                      0.027     0.167 r  design_1_i/zynq_ultra_ps_e_0/inst/buffer_pl_clk_0.PL_CLK_0_BUFG/O
    X1Y1 (CLOCK_ROOT)    net (fo=1324, routed)        2.123     2.290    design_1_i/axi_uartlite_0/U0/UARTLITE_CORE_I/UARTLITE_RX_I/s_axi_aclk
    SLICE_X9Y95          FDRE                                         r  design_1_i/axi_uartlite_0/U0/UARTLITE_CORE_I/UARTLITE_RX_I/SERIAL_TO_PARALLEL[1].fifo_din_reg[1]/C
  -------------------------------------------------------------------    -------------------
    SLICE_X9Y95          FDRE (Prop_HFF_SLICEL_C_Q)
                                                      0.070     2.360 r  design_1_i/axi_uartlite_0/U0/UARTLITE_CORE_I/UARTLITE_RX_I/SERIAL_TO_PARALLEL[1].fifo_din_reg[1]/Q
                         net (fo=3, routed)           0.092     2.452    design_1_i/axi_uartlite_0/U0/UARTLITE_CORE_I/UARTLITE_RX_I/SRL_FIFO_I/I_SRL_FIFO_RBU_F/DYNSHREG_F_I/in[0]
    SLICE_X10Y96         SRL16E                                       r  design_1_i/axi_uartlite_0/U0/UARTLITE_CORE_I/UARTLITE_RX_I/SRL_FIFO_I/I_SRL_FIFO_RBU_F/DYNSHREG_F_I/INFERRED_GEN.data_reg[15][0]_srl16/D
  -------------------------------------------------------------------    -------------------

                         (clock clk_pl_0 rise edge)
                                                      0.000     0.000 r  
    PS8_X0Y0             PS8                          0.000     0.000 r  design_1_i/zynq_ultra_ps_e_0/inst/PS8_i/PLCLK[0]
                         net (fo=1, routed)           0.178     0.178    design_1_i/zynq_ultra_ps_e_0/inst/pl_clk_unbuffered[0]
    BUFG_PS_X0Y80        BUFG_PS (Prop_BUFG_PS_I_O)
                                                      0.029     0.207 r  design_1_i/zynq_ultra_ps_e_0/inst/buffer_pl_clk_0.PL_CLK_0_BUFG/O
    X1Y1 (CLOCK_ROOT)    net (fo=1324, routed)        2.418     2.625    design_1_i/axi_uartlite_0/U0/UARTLITE_CORE_I/UARTLITE_RX_I/SRL_FIFO_I/I_SRL_FIFO_RBU_F/DYNSHREG_F_I/s_axi_aclk
    SLICE_X10Y96         SRL16E                                       r  design_1_i/axi_uartlite_0/U0/UARTLITE_CORE_I/UARTLITE_RX_I/SRL_FIFO_I/I_SRL_FIFO_RBU_F/DYNSHREG_F_I/INFERRED_GEN.data_reg[15][0]_srl16/CLK
                         clock pessimism             -0.203     2.422    
    SLICE_X10Y96         SRL16E (Hold_A6LUT_SLICEM_CLK_D)
                                                      0.015     2.437    design_1_i/axi_uartlite_0/U0/UARTLITE_CORE_I/UARTLITE_RX_I/SRL_FIFO_I/I_SRL_FIFO_RBU_F/DYNSHREG_F_I/INFERRED_GEN.data_reg[15][0]_srl16
  -------------------------------------------------------------------
                         required time                         -2.437    
                         arrival time                           2.452    
  -------------------------------------------------------------------
                         slack                                  0.015    

Slack (MET) :             0.019ns  (arrival time - required time)
  Source:                 design_1_i/axi_uartlite_0/U0/UARTLITE_CORE_I/UARTLITE_RX_I/data_shift_reg_r_8/C
                            (rising edge-triggered cell FDRE clocked by clk_pl_0  {rise@0.000ns fall@5.000ns period=10.000ns})
  Destination:            design_1_i/axi_uartlite_0/U0/UARTLITE_CORE_I/UARTLITE_RX_I/data_shift_reg_r_9/D
                            (rising edge-triggered cell FDRE clocked by clk_pl_0  {rise@0.000ns fall@5.000ns period=10.000ns})
  Path Group:             clk_pl_0
  Path Type:              Hold (Min at Fast Process Corner)
  Requirement:            0.000ns  (clk_pl_0 rise@0.000ns - clk_pl_0 rise@0.000ns)
  Data Path Delay:        0.072ns  (logic 0.039ns (54.167%)  route 0.033ns (45.833%))
  Logic Levels:           0  
  Clock Path Skew:        0.006ns (DCD - SCD - CPR)
    Destination Clock Delay (DCD):    1.503ns
    Source Clock Delay      (SCD):    1.316ns
    Clock Pessimism Removal (CPR):    0.181ns
  Clock Net Delay (Source):      1.205ns (routing 0.658ns, distribution 0.547ns)
  Clock Net Delay (Destination): 1.365ns (routing 0.738ns, distribution 0.627ns)

    Location             Delay type                Incr(ns)  Path(ns)    Netlist Resource(s)
  -------------------------------------------------------------------    -------------------
                         (clock clk_pl_0 rise edge)
                                                      0.000     0.000 r  
    PS8_X0Y0             PS8                          0.000     0.000 r  design_1_i/zynq_ultra_ps_e_0/inst/PS8_i/PLCLK[0]
                         net (fo=1, routed)           0.094     0.094    design_1_i/zynq_ultra_ps_e_0/inst/pl_clk_unbuffered[0]
    BUFG_PS_X0Y80        BUFG_PS (Prop_BUFG_PS_I_O)
                                                      0.017     0.111 r  design_1_i/zynq_ultra_ps_e_0/inst/buffer_pl_clk_0.PL_CLK_0_BUFG/O
    X1Y1 (CLOCK_ROOT)    net (fo=1324, routed)        1.205     1.316    design_1_i/axi_uartlite_0/U0/UARTLITE_CORE_I/UARTLITE_RX_I/s_axi_aclk
    SLICE_X9Y92          FDRE                                         r  design_1_i/axi_uartlite_0/U0/UARTLITE_CORE_I/UARTLITE_RX_I/data_shift_reg_r_8/C
  -------------------------------------------------------------------    -------------------
    SLICE_X9Y92          FDRE (Prop_HFF_SLICEL_C_Q)
                                                      0.039     1.355 r  design_1_i/axi_uartlite_0/U0/UARTLITE_CORE_I/UARTLITE_RX_I/data_shift_reg_r_8/Q
                         net (fo=1, routed)           0.033     1.388    design_1_i/axi_uartlite_0/U0/UARTLITE_CORE_I/UARTLITE_RX_I/data_shift_reg_r_8_n_0
    SLICE_X9Y92          FDRE                                         r  design_1_i/axi_uartlite_0/U0/UARTLITE_CORE_I/UARTLITE_RX_I/data_shift_reg_r_9/D
  -------------------------------------------------------------------    -------------------

                         (clock clk_pl_0 rise edge)
                                                      0.000     0.000 r  
    PS8_X0Y0             PS8                          0.000     0.000 r  design_1_i/zynq_ultra_ps_e_0/inst/PS8_i/PLCLK[0]
                         net (fo=1, routed)           0.120     0.120    design_1_i/zynq_ultra_ps_e_0/inst/pl_clk_unbuffered[0]
    BUFG_PS_X0Y80        BUFG_PS (Prop_BUFG_PS_I_O)
                                                      0.018     0.138 r  design_1_i/zynq_ultra_ps_e_0/inst/buffer_pl_clk_0.PL_CLK_0_BUFG/O
    X1Y1 (CLOCK_ROOT)    net (fo=1324, routed)        1.365     1.503    design_1_i/axi_uartlite_0/U0/UARTLITE_CORE_I/UARTLITE_RX_I/s_axi_aclk
    SLICE_X9Y92          FDRE                                         r  design_1_i/axi_uartlite_0/U0/UARTLITE_CORE_I/UARTLITE_RX_I/data_shift_reg_r_9/C
                         clock pessimism             -0.181     1.322    
    SLICE_X9Y92          FDRE (Hold_HFF2_SLICEL_C_D)
                                                      0.047     1.369    design_1_i/axi_uartlite_0/U0/UARTLITE_CORE_I/UARTLITE_RX_I/data_shift_reg_r_9
  -------------------------------------------------------------------
                         required time                         -1.369    
                         arrival time                           1.388    
  -------------------------------------------------------------------
                         slack                                  0.019    

Slack (MET) :             0.024ns  (arrival time - required time)
  Source:                 design_1_i/axi_quad_spi_0/U0/NO_DUAL_QUAD_MODE.QSPI_NORMAL/QSPI_LEGACY_MD_GEN.QSPI_CORE_INTERFACE_I/FIFO_EXISTS.TX_FULL_EMP_INTR_MD_0_GEN.tx_fifo_count_d1_reg[0]/C
                            (rising edge-triggered cell FDRE clocked by clk_pl_0  {rise@0.000ns fall@5.000ns period=10.000ns})
  Destination:            design_1_i/axi_quad_spi_0/U0/NO_DUAL_QUAD_MODE.QSPI_NORMAL/QSPI_LEGACY_MD_GEN.QSPI_CORE_INTERFACE_I/FIFO_EXISTS.TX_FULL_EMP_INTR_MD_0_GEN.tx_fifo_count_d2_reg[0]/D
                            (rising edge-triggered cell FDRE clocked by clk_pl_0  {rise@0.000ns fall@5.000ns period=10.000ns})
  Path Group:             clk_pl_0
  Path Type:              Hold (Min at Fast Process Corner)
  Requirement:            0.000ns  (clk_pl_0 rise@0.000ns - clk_pl_0 rise@0.000ns)
  Data Path Delay:        0.077ns  (logic 0.038ns (49.351%)  route 0.039ns (50.649%))
  Logic Levels:           0  
  Clock Path Skew:        0.006ns (DCD - SCD - CPR)
    Destination Clock Delay (DCD):    1.514ns
    Source Clock Delay      (SCD):    1.325ns
    Clock Pessimism Removal (CPR):    0.183ns
  Clock Net Delay (Source):      1.214ns (routing 0.658ns, distribution 0.556ns)
  Clock Net Delay (Destination): 1.376ns (routing 0.738ns, distribution 0.638ns)

    Location             Delay type                Incr(ns)  Path(ns)    Netlist Resource(s)
  -------------------------------------------------------------------    -------------------
                         (clock clk_pl_0 rise edge)
                                                      0.000     0.000 r  
    PS8_X0Y0             PS8                          0.000     0.000 r  design_1_i/zynq_ultra_ps_e_0/inst/PS8_i/PLCLK[0]
                         net (fo=1, routed)           0.094     0.094    design_1_i/zynq_ultra_ps_e_0/inst/pl_clk_unbuffered[0]
    BUFG_PS_X0Y80        BUFG_PS (Prop_BUFG_PS_I_O)
                                                      0.017     0.111 r  design_1_i/zynq_ultra_ps_e_0/inst/buffer_pl_clk_0.PL_CLK_0_BUFG/O
    X1Y1 (CLOCK_ROOT)    net (fo=1324, routed)        1.214     1.325    design_1_i/axi_quad_spi_0/U0/NO_DUAL_QUAD_MODE.QSPI_NORMAL/QSPI_LEGACY_MD_GEN.QSPI_CORE_INTERFACE_I/s_axi_aclk
    SLICE_X8Y111         FDRE                                         r  design_1_i/axi_quad_spi_0/U0/NO_DUAL_QUAD_MODE.QSPI_NORMAL/QSPI_LEGACY_MD_GEN.QSPI_CORE_INTERFACE_I/FIFO_EXISTS.TX_FULL_EMP_INTR_MD_0_GEN.tx_fifo_count_d1_reg[0]/C
  -------------------------------------------------------------------    -------------------
    SLICE_X8Y111         FDRE (Prop_AFF_SLICEM_C_Q)
                                                      0.038     1.363 r  design_1_i/axi_quad_spi_0/U0/NO_DUAL_QUAD_MODE.QSPI_NORMAL/QSPI_LEGACY_MD_GEN.QSPI_CORE_INTERFACE_I/FIFO_EXISTS.TX_FULL_EMP_INTR_MD_0_GEN.tx_fifo_count_d1_reg[0]/Q
                         net (fo=1, routed)           0.039     1.402    design_1_i/axi_quad_spi_0/U0/NO_DUAL_QUAD_MODE.QSPI_NORMAL/QSPI_LEGACY_MD_GEN.QSPI_CORE_INTERFACE_I/FIFO_EXISTS.TX_FULL_EMP_INTR_MD_0_GEN.tx_fifo_count_d1_reg[0]
    SLICE_X8Y111         FDRE                                         r  design_1_i/axi_quad_spi_0/U0/NO_DUAL_QUAD_MODE.QSPI_NORMAL/QSPI_LEGACY_MD_GEN.QSPI_CORE_INTERFACE_I/FIFO_EXISTS.TX_FULL_EMP_INTR_MD_0_GEN.tx_fifo_count_d2_reg[0]/D
  -------------------------------------------------------------------    -------------------

                         (clock clk_pl_0 rise edge)
                                                      0.000     0.000 r  
    PS8_X0Y0             PS8                          0.000     0.000 r  design_1_i/zynq_ultra_ps_e_0/inst/PS8_i/PLCLK[0]
                         net (fo=1, routed)           0.120     0.120    design_1_i/zynq_ultra_ps_e_0/inst/pl_clk_unbuffered[0]
    BUFG_PS_X0Y80        BUFG_PS (Prop_BUFG_PS_I_O)
                                                      0.018     0.138 r  design_1_i/zynq_ultra_ps_e_0/inst/buffer_pl_clk_0.PL_CLK_0_BUFG/O
    X1Y1 (CLOCK_ROOT)    net (fo=1324, routed)        1.376     1.514    design_1_i/axi_quad_spi_0/U0/NO_DUAL_QUAD_MODE.QSPI_NORMAL/QSPI_LEGACY_MD_GEN.QSPI_CORE_INTERFACE_I/s_axi_aclk
    SLICE_X8Y111         FDRE                                         r  design_1_i/axi_quad_spi_0/U0/NO_DUAL_QUAD_MODE.QSPI_NORMAL/QSPI_LEGACY_MD_GEN.QSPI_CORE_INTERFACE_I/FIFO_EXISTS.TX_FULL_EMP_INTR_MD_0_GEN.tx_fifo_count_d2_reg[0]/C
                         clock pessimism             -0.183     1.331    
    SLICE_X8Y111         FDRE (Hold_BFF2_SLICEM_C_D)
                                                      0.047     1.378    design_1_i/axi_quad_spi_0/U0/NO_DUAL_QUAD_MODE.QSPI_NORMAL/QSPI_LEGACY_MD_GEN.QSPI_CORE_INTERFACE_I/FIFO_EXISTS.TX_FULL_EMP_INTR_MD_0_GEN.tx_fifo_count_d2_reg[0]
  -------------------------------------------------------------------
                         required time                         -1.378    
                         arrival time                           1.402    
  -------------------------------------------------------------------
                         slack                                  0.024    

Slack (MET) :             0.024ns  (arrival time - required time)
  Source:                 design_1_i/axi_gpio_0/U0/ip2bus_data_i_D1_reg[20]/C
                            (rising edge-triggered cell FDRE clocked by clk_pl_0  {rise@0.000ns fall@5.000ns period=10.000ns})
  Destination:            design_1_i/axi_gpio_0/U0/AXI_LITE_IPIF_I/I_SLAVE_ATTACHMENT/s_axi_rdata_i_reg[11]/D
                            (rising edge-triggered cell FDRE clocked by clk_pl_0  {rise@0.000ns fall@5.000ns period=10.000ns})
  Path Group:             clk_pl_0
  Path Type:              Hold (Min at Fast Process Corner)
  Requirement:            0.000ns  (clk_pl_0 rise@0.000ns - clk_pl_0 rise@0.000ns)
  Data Path Delay:        0.077ns  (logic 0.039ns (50.649%)  route 0.038ns (49.351%))
  Logic Levels:           0  
  Clock Path Skew:        0.006ns (DCD - SCD - CPR)
    Destination Clock Delay (DCD):    1.501ns
    Source Clock Delay      (SCD):    1.315ns
    Clock Pessimism Removal (CPR):    0.181ns
  Clock Net Delay (Source):      1.204ns (routing 0.658ns, distribution 0.546ns)
  Clock Net Delay (Destination): 1.363ns (routing 0.738ns, distribution 0.625ns)

    Location             Delay type                Incr(ns)  Path(ns)    Netlist Resource(s)
  -------------------------------------------------------------------    -------------------
                         (clock clk_pl_0 rise edge)
                                                      0.000     0.000 r  
    PS8_X0Y0             PS8                          0.000     0.000 r  design_1_i/zynq_ultra_ps_e_0/inst/PS8_i/PLCLK[0]
                         net (fo=1, routed)           0.094     0.094    design_1_i/zynq_ultra_ps_e_0/inst/pl_clk_unbuffered[0]
    BUFG_PS_X0Y80        BUFG_PS (Prop_BUFG_PS_I_O)
                                                      0.017     0.111 r  design_1_i/zynq_ultra_ps_e_0/inst/buffer_pl_clk_0.PL_CLK_0_BUFG/O
    X1Y1 (CLOCK_ROOT)    net (fo=1324, routed)        1.204     1.315    design_1_i/axi_gpio_0/U0/s_axi_aclk
    SLICE_X7Y103         FDRE                                         r  design_1_i/axi_gpio_0/U0/ip2bus_data_i_D1_reg[20]/C
  -------------------------------------------------------------------    -------------------
    SLICE_X7Y103         FDRE (Prop_HFF_SLICEM_C_Q)
                                                      0.039     1.354 r  design_1_i/axi_gpio_0/U0/ip2bus_data_i_D1_reg[20]/Q
                         net (fo=1, routed)           0.038     1.392    design_1_i/axi_gpio_0/U0/AXI_LITE_IPIF_I/I_SLAVE_ATTACHMENT/Q[11]
    SLICE_X7Y103         FDRE                                         r  design_1_i/axi_gpio_0/U0/AXI_LITE_IPIF_I/I_SLAVE_ATTACHMENT/s_axi_rdata_i_reg[11]/D
  -------------------------------------------------------------------    -------------------

                         (clock clk_pl_0 rise edge)
                                                      0.000     0.000 r  
    PS8_X0Y0             PS8                          0.000     0.000 r  design_1_i/zynq_ultra_ps_e_0/inst/PS8_i/PLCLK[0]
                         net (fo=1, routed)           0.120     0.120    design_1_i/zynq_ultra_ps_e_0/inst/pl_clk_unbuffered[0]
    BUFG_PS_X0Y80        BUFG_PS (Prop_BUFG_PS_I_O)
                                                      0.018     0.138 r  design_1_i/zynq_ultra_ps_e_0/inst/buffer_pl_clk_0.PL_CLK_0_BUFG/O
    X1Y1 (CLOCK_ROOT)    net (fo=1324, routed)        1.363     1.501    design_1_i/axi_gpio_0/U0/AXI_LITE_IPIF_I/I_SLAVE_ATTACHMENT/s_axi_aclk
    SLICE_X7Y103         FDRE                                         r  design_1_i/axi_gpio_0/U0/AXI_LITE_IPIF_I/I_SLAVE_ATTACHMENT/s_axi_rdata_i_reg[11]/C
                         clock pessimism             -0.181     1.321    
    SLICE_X7Y103         FDRE (Hold_HFF2_SLICEM_C_D)
                                                      0.047     1.368    design_1_i/axi_gpio_0/U0/AXI_LITE_IPIF_I/I_SLAVE_ATTACHMENT/s_axi_rdata_i_reg[11]
  -------------------------------------------------------------------
                         required time                         -1.368    
                         arrival time                           1.392    
  -------------------------------------------------------------------
                         slack                                  0.024    

Slack (MET) :             0.028ns  (arrival time - required time)
  Source:                 design_1_i/axi_quad_spi_0/U0/NO_DUAL_QUAD_MODE.QSPI_NORMAL/QSPI_LEGACY_MD_GEN.QSPI_CORE_INTERFACE_I/FIFO_EXISTS.RX_FIFO_II/gnuram_async_fifo.xpm_fifo_base_inst/gen_cdc_pntr.rd_pntr_cdc_inst/src_gray_ff_reg[2]/C
                            (rising edge-triggered cell FDRE clocked by clk_pl_0  {rise@0.000ns fall@5.000ns period=10.000ns})
  Destination:            design_1_i/axi_quad_spi_0/U0/NO_DUAL_QUAD_MODE.QSPI_NORMAL/QSPI_LEGACY_MD_GEN.QSPI_CORE_INTERFACE_I/FIFO_EXISTS.RX_FIFO_II/gnuram_async_fifo.xpm_fifo_base_inst/gen_cdc_pntr.rd_pntr_cdc_inst/dest_graysync_ff_reg[0][2]/D
                            (rising edge-triggered cell FDRE clocked by clk_pl_0  {rise@0.000ns fall@5.000ns period=10.000ns})
  Path Group:             clk_pl_0
  Path Type:              Hold (Min at Fast Process Corner)
  Requirement:            0.000ns  (clk_pl_0 rise@0.000ns - clk_pl_0 rise@0.000ns)
  Data Path Delay:        0.081ns  (logic 0.039ns (48.148%)  route 0.042ns (51.852%))
  Logic Levels:           0  
  Clock Path Skew:        0.006ns (DCD - SCD - CPR)
    Destination Clock Delay (DCD):    1.504ns
    Source Clock Delay      (SCD):    1.317ns
    Clock Pessimism Removal (CPR):    0.182ns
  Clock Net Delay (Source):      1.206ns (routing 0.658ns, distribution 0.548ns)
  Clock Net Delay (Destination): 1.366ns (routing 0.738ns, distribution 0.628ns)

    Location             Delay type                Incr(ns)  Path(ns)    Netlist Resource(s)
  -------------------------------------------------------------------    -------------------
                         (clock clk_pl_0 rise edge)
                                                      0.000     0.000 r  
    PS8_X0Y0             PS8                          0.000     0.000 r  design_1_i/zynq_ultra_ps_e_0/inst/PS8_i/PLCLK[0]
                         net (fo=1, routed)           0.094     0.094    design_1_i/zynq_ultra_ps_e_0/inst/pl_clk_unbuffered[0]
    BUFG_PS_X0Y80        BUFG_PS (Prop_BUFG_PS_I_O)
                                                      0.017     0.111 r  design_1_i/zynq_ultra_ps_e_0/inst/buffer_pl_clk_0.PL_CLK_0_BUFG/O
    X1Y1 (CLOCK_ROOT)    net (fo=1324, routed)        1.206     1.317    design_1_i/axi_quad_spi_0/U0/NO_DUAL_QUAD_MODE.QSPI_NORMAL/QSPI_LEGACY_MD_GEN.QSPI_CORE_INTERFACE_I/FIFO_EXISTS.RX_FIFO_II/gnuram_async_fifo.xpm_fifo_base_inst/gen_cdc_pntr.rd_pntr_cdc_inst/src_clk
    SLICE_X10Y110        FDRE                                         r  design_1_i/axi_quad_spi_0/U0/NO_DUAL_QUAD_MODE.QSPI_NORMAL/QSPI_LEGACY_MD_GEN.QSPI_CORE_INTERFACE_I/FIFO_EXISTS.RX_FIFO_II/gnuram_async_fifo.xpm_fifo_base_inst/gen_cdc_pntr.rd_pntr_cdc_inst/src_gray_ff_reg[2]/C
  -------------------------------------------------------------------    -------------------
    SLICE_X10Y110        FDRE (Prop_DFF_SLICEM_C_Q)
                                                      0.039     1.356 r  design_1_i/axi_quad_spi_0/U0/NO_DUAL_QUAD_MODE.QSPI_NORMAL/QSPI_LEGACY_MD_GEN.QSPI_CORE_INTERFACE_I/FIFO_EXISTS.RX_FIFO_II/gnuram_async_fifo.xpm_fifo_base_inst/gen_cdc_pntr.rd_pntr_cdc_inst/src_gray_ff_reg[2]/Q
                         net (fo=1, routed)           0.042     1.398    design_1_i/axi_quad_spi_0/U0/NO_DUAL_QUAD_MODE.QSPI_NORMAL/QSPI_LEGACY_MD_GEN.QSPI_CORE_INTERFACE_I/FIFO_EXISTS.RX_FIFO_II/gnuram_async_fifo.xpm_fifo_base_inst/gen_cdc_pntr.rd_pntr_cdc_inst/async_path[2]
    SLICE_X10Y110        FDRE                                         r  design_1_i/axi_quad_spi_0/U0/NO_DUAL_QUAD_MODE.QSPI_NORMAL/QSPI_LEGACY_MD_GEN.QSPI_CORE_INTERFACE_I/FIFO_EXISTS.RX_FIFO_II/gnuram_async_fifo.xpm_fifo_base_inst/gen_cdc_pntr.rd_pntr_cdc_inst/dest_graysync_ff_reg[0][2]/D
  -------------------------------------------------------------------    -------------------

                         (clock clk_pl_0 rise edge)
                                                      0.000     0.000 r  
    PS8_X0Y0             PS8                          0.000     0.000 r  design_1_i/zynq_ultra_ps_e_0/inst/PS8_i/PLCLK[0]
                         net (fo=1, routed)           0.120     0.120    design_1_i/zynq_ultra_ps_e_0/inst/pl_clk_unbuffered[0]
    BUFG_PS_X0Y80        BUFG_PS (Prop_BUFG_PS_I_O)
                                                      0.018     0.138 r  design_1_i/zynq_ultra_ps_e_0/inst/buffer_pl_clk_0.PL_CLK_0_BUFG/O
    X1Y1 (CLOCK_ROOT)    net (fo=1324, routed)        1.366     1.504    design_1_i/axi_quad_spi_0/U0/NO_DUAL_QUAD_MODE.QSPI_NORMAL/QSPI_LEGACY_MD_GEN.QSPI_CORE_INTERFACE_I/FIFO_EXISTS.RX_FIFO_II/gnuram_async_fifo.xpm_fifo_base_inst/gen_cdc_pntr.rd_pntr_cdc_inst/dest_clk
    SLICE_X10Y110        FDRE                                         r  design_1_i/axi_quad_spi_0/U0/NO_DUAL_QUAD_MODE.QSPI_NORMAL/QSPI_LEGACY_MD_GEN.QSPI_CORE_INTERFACE_I/FIFO_EXISTS.RX_FIFO_II/gnuram_async_fifo.xpm_fifo_base_inst/gen_cdc_pntr.rd_pntr_cdc_inst/dest_graysync_ff_reg[0][2]/C
                         clock pessimism             -0.182     1.323    
    SLICE_X10Y110        FDRE (Hold_CFF2_SLICEM_C_D)
                                                      0.047     1.370    design_1_i/axi_quad_spi_0/U0/NO_DUAL_QUAD_MODE.QSPI_NORMAL/QSPI_LEGACY_MD_GEN.QSPI_CORE_INTERFACE_I/FIFO_EXISTS.RX_FIFO_II/gnuram_async_fifo.xpm_fifo_base_inst/gen_cdc_pntr.rd_pntr_cdc_inst/dest_graysync_ff_reg[0][2]
  -------------------------------------------------------------------
                         required time                         -1.370    
                         arrival time                           1.398    
  -------------------------------------------------------------------
                         slack                                  0.028    

Slack (MET) :             0.031ns  (arrival time - required time)
  Source:                 design_1_i/axi_gpio_0/U0/gpio_core_1/Not_Dual.gpio_Data_In_reg[5]/C
                            (rising edge-triggered cell FDRE clocked by clk_pl_0  {rise@0.000ns fall@5.000ns period=10.000ns})
  Destination:            design_1_i/axi_gpio_0/U0/gpio_core_1/Not_Dual.ALLOUT0_ND.READ_REG_GEN[5].reg2_reg[5]/D
                            (rising edge-triggered cell FDRE clocked by clk_pl_0  {rise@0.000ns fall@5.000ns period=10.000ns})
  Path Group:             clk_pl_0
  Path Type:              Hold (Min at Fast Process Corner)
  Requirement:            0.000ns  (clk_pl_0 rise@0.000ns - clk_pl_0 rise@0.000ns)
  Data Path Delay:        0.125ns  (logic 0.053ns (42.368%)  route 0.072ns (57.632%))
  Logic Levels:           1  (LUT5=1)
  Clock Path Skew:        0.048ns (DCD - SCD - CPR)
    Destination Clock Delay (DCD):    1.501ns
    Source Clock Delay      (SCD):    1.321ns
    Clock Pessimism Removal (CPR):    0.132ns
  Clock Net Delay (Source):      1.210ns (routing 0.658ns, distribution 0.552ns)
  Clock Net Delay (Destination): 1.363ns (routing 0.738ns, distribution 0.625ns)

    Location             Delay type                Incr(ns)  Path(ns)    Netlist Resource(s)
  -------------------------------------------------------------------    -------------------
                         (clock clk_pl_0 rise edge)
                                                      0.000     0.000 r  
    PS8_X0Y0             PS8                          0.000     0.000 r  design_1_i/zynq_ultra_ps_e_0/inst/PS8_i/PLCLK[0]
                         net (fo=1, routed)           0.094     0.094    design_1_i/zynq_ultra_ps_e_0/inst/pl_clk_unbuffered[0]
    BUFG_PS_X0Y80        BUFG_PS (Prop_BUFG_PS_I_O)
                                                      0.017     0.111 r  design_1_i/zynq_ultra_ps_e_0/inst/buffer_pl_clk_0.PL_CLK_0_BUFG/O
    X1Y1 (CLOCK_ROOT)    net (fo=1324, routed)        1.210     1.321    design_1_i/axi_gpio_0/U0/gpio_core_1/s_axi_aclk
    SLICE_X6Y98          FDRE                                         r  design_1_i/axi_gpio_0/U0/gpio_core_1/Not_Dual.gpio_Data_In_reg[5]/C
  -------------------------------------------------------------------    -------------------
    SLICE_X6Y98          FDRE (Prop_EFF_SLICEL_C_Q)
                                                      0.039     1.360 r  design_1_i/axi_gpio_0/U0/gpio_core_1/Not_Dual.gpio_Data_In_reg[5]/Q
                         net (fo=2, routed)           0.054     1.414    design_1_i/axi_gpio_0/U0/gpio_core_1/gpio_Data_In[5]
    SLICE_X7Y99          LUT5 (Prop_A6LUT_SLICEM_I3_O)
                                                      0.014     1.428 r  design_1_i/axi_gpio_0/U0/gpio_core_1/Not_Dual.ALLOUT0_ND.READ_REG_GEN[5].reg2[5]_i_1/O
                         net (fo=1, routed)           0.018     1.446    design_1_i/axi_gpio_0/U0/gpio_core_1/Not_Dual.ALLOUT0_ND.READ_REG_GEN[5].reg2[5]_i_1_n_0
    SLICE_X7Y99          FDRE                                         r  design_1_i/axi_gpio_0/U0/gpio_core_1/Not_Dual.ALLOUT0_ND.READ_REG_GEN[5].reg2_reg[5]/D
  -------------------------------------------------------------------    -------------------

                         (clock clk_pl_0 rise edge)
                                                      0.000     0.000 r  
    PS8_X0Y0             PS8                          0.000     0.000 r  design_1_i/zynq_ultra_ps_e_0/inst/PS8_i/PLCLK[0]
                         net (fo=1, routed)           0.120     0.120    design_1_i/zynq_ultra_ps_e_0/inst/pl_clk_unbuffered[0]
    BUFG_PS_X0Y80        BUFG_PS (Prop_BUFG_PS_I_O)
                                                      0.018     0.138 r  design_1_i/zynq_ultra_ps_e_0/inst/buffer_pl_clk_0.PL_CLK_0_BUFG/O
    X1Y1 (CLOCK_ROOT)    net (fo=1324, routed)        1.363     1.501    design_1_i/axi_gpio_0/U0/gpio_core_1/s_axi_aclk
    SLICE_X7Y99          FDRE                                         r  design_1_i/axi_gpio_0/U0/gpio_core_1/Not_Dual.ALLOUT0_ND.READ_REG_GEN[5].reg2_reg[5]/C
                         clock pessimism             -0.132     1.369    
    SLICE_X7Y99          FDRE (Hold_AFF_SLICEM_C_D)
                                                      0.046     1.415    design_1_i/axi_gpio_0/U0/gpio_core_1/Not_Dual.ALLOUT0_ND.READ_REG_GEN[5].reg2_reg[5]
  -------------------------------------------------------------------
                         required time                         -1.415    
                         arrival time                           1.446    
  -------------------------------------------------------------------
                         slack                                  0.031    

Slack (MET) :             0.034ns  (arrival time - required time)
  Source:                 design_1_i/axi_gpio_0/U0/gpio_core_1/Not_Dual.gpio_Data_In_reg[5]/C
                            (rising edge-triggered cell FDRE clocked by clk_pl_0  {rise@0.000ns fall@5.000ns period=10.000ns})
  Destination:            design_1_i/axi_gpio_0/U0/gpio_core_1/Not_Dual.ALLOUT0_ND.READ_REG_GEN[5].reg1_reg[5]/D
                            (rising edge-triggered cell FDRE clocked by clk_pl_0  {rise@0.000ns fall@5.000ns period=10.000ns})
  Path Group:             clk_pl_0
  Path Type:              Hold (Min at Fast Process Corner)
  Requirement:            0.000ns  (clk_pl_0 rise@0.000ns - clk_pl_0 rise@0.000ns)
  Data Path Delay:        0.097ns  (logic 0.054ns (55.853%)  route 0.043ns (44.147%))
  Logic Levels:           1  (LUT5=1)
  Clock Path Skew:        0.016ns (DCD - SCD - CPR)
    Destination Clock Delay (DCD):    1.506ns
    Source Clock Delay      (SCD):    1.321ns
    Clock Pessimism Removal (CPR):    0.169ns
  Clock Net Delay (Source):      1.210ns (routing 0.658ns, distribution 0.552ns)
  Clock Net Delay (Destination): 1.368ns (routing 0.738ns, distribution 0.630ns)

    Location             Delay type                Incr(ns)  Path(ns)    Netlist Resource(s)
  -------------------------------------------------------------------    -------------------
                         (clock clk_pl_0 rise edge)
                                                      0.000     0.000 r  
    PS8_X0Y0             PS8                          0.000     0.000 r  design_1_i/zynq_ultra_ps_e_0/inst/PS8_i/PLCLK[0]
                         net (fo=1, routed)           0.094     0.094    design_1_i/zynq_ultra_ps_e_0/inst/pl_clk_unbuffered[0]
    BUFG_PS_X0Y80        BUFG_PS (Prop_BUFG_PS_I_O)
                                                      0.017     0.111 r  design_1_i/zynq_ultra_ps_e_0/inst/buffer_pl_clk_0.PL_CLK_0_BUFG/O
    X1Y1 (CLOCK_ROOT)    net (fo=1324, routed)        1.210     1.321    design_1_i/axi_gpio_0/U0/gpio_core_1/s_axi_aclk
    SLICE_X6Y98          FDRE                                         r  design_1_i/axi_gpio_0/U0/gpio_core_1/Not_Dual.gpio_Data_In_reg[5]/C
  -------------------------------------------------------------------    -------------------
    SLICE_X6Y98          FDRE (Prop_EFF_SLICEL_C_Q)
                                                      0.039     1.360 r  design_1_i/axi_gpio_0/U0/gpio_core_1/Not_Dual.gpio_Data_In_reg[5]/Q
                         net (fo=2, routed)           0.028     1.387    design_1_i/axi_gpio_0/U0/gpio_core_1/gpio_Data_In[5]
    SLICE_X6Y99          LUT5 (Prop_B6LUT_SLICEL_I3_O)
                                                      0.015     1.402 r  design_1_i/axi_gpio_0/U0/gpio_core_1/Not_Dual.ALLOUT0_ND.READ_REG_GEN[5].reg1[5]_i_1/O
                         net (fo=1, routed)           0.015     1.417    design_1_i/axi_gpio_0/U0/gpio_core_1/Not_Dual.ALLOUT0_ND.READ_REG_GEN[5].reg1[5]_i_1_n_0
    SLICE_X6Y99          FDRE                                         r  design_1_i/axi_gpio_0/U0/gpio_core_1/Not_Dual.ALLOUT0_ND.READ_REG_GEN[5].reg1_reg[5]/D
  -------------------------------------------------------------------    -------------------

                         (clock clk_pl_0 rise edge)
                                                      0.000     0.000 r  
    PS8_X0Y0             PS8                          0.000     0.000 r  design_1_i/zynq_ultra_ps_e_0/inst/PS8_i/PLCLK[0]
                         net (fo=1, routed)           0.120     0.120    design_1_i/zynq_ultra_ps_e_0/inst/pl_clk_unbuffered[0]
    BUFG_PS_X0Y80        BUFG_PS (Prop_BUFG_PS_I_O)
                                                      0.018     0.138 r  design_1_i/zynq_ultra_ps_e_0/inst/buffer_pl_clk_0.PL_CLK_0_BUFG/O
    X1Y1 (CLOCK_ROOT)    net (fo=1324, routed)        1.368     1.506    design_1_i/axi_gpio_0/U0/gpio_core_1/s_axi_aclk
    SLICE_X6Y99          FDRE                                         r  design_1_i/axi_gpio_0/U0/gpio_core_1/Not_Dual.ALLOUT0_ND.READ_REG_GEN[5].reg1_reg[5]/C
                         clock pessimism             -0.169     1.337    
    SLICE_X6Y99          FDRE (Hold_BFF_SLICEL_C_D)
                                                      0.046     1.383    design_1_i/axi_gpio_0/U0/gpio_core_1/Not_Dual.ALLOUT0_ND.READ_REG_GEN[5].reg1_reg[5]
  -------------------------------------------------------------------
                         required time                         -1.383    
                         arrival time                           1.417    
  -------------------------------------------------------------------
                         slack                                  0.034    

Slack (MET) :             0.035ns  (arrival time - required time)
  Source:                 design_1_i/axi_quad_spi_0/U0/NO_DUAL_QUAD_MODE.QSPI_NORMAL/QSPI_LEGACY_MD_GEN.QSPI_CORE_INTERFACE_I/FIFO_EXISTS.RX_FIFO_II/gnuram_async_fifo.xpm_fifo_base_inst/gen_sdpram.xpm_memory_base_inst/gen_rd_b.gen_rd_b_synth_template.gen_nc_narrow_pipe.doutb_reg_reg[5]/C
                            (rising edge-triggered cell FDRE clocked by clk_pl_0  {rise@0.000ns fall@5.000ns period=10.000ns})
  Destination:            design_1_i/axi_quad_spi_0/U0/NO_DUAL_QUAD_MODE.QSPI_NORMAL/QSPI_LEGACY_MD_GEN.QSPI_CORE_INTERFACE_I/FIFO_EXISTS.RX_FIFO_II/gnuram_async_fifo.xpm_fifo_base_inst/gen_sdpram.xpm_memory_base_inst/gen_rd_b.gen_doutb_pipe.gen_stage.doutb_pipe_reg[0][5]/D
                            (rising edge-triggered cell FDRE clocked by clk_pl_0  {rise@0.000ns fall@5.000ns period=10.000ns})
  Path Group:             clk_pl_0
  Path Type:              Hold (Min at Fast Process Corner)
  Requirement:            0.000ns  (clk_pl_0 rise@0.000ns - clk_pl_0 rise@0.000ns)
  Data Path Delay:        0.130ns  (logic 0.038ns (29.231%)  route 0.092ns (70.769%))
  Logic Levels:           0  
  Clock Path Skew:        0.048ns (DCD - SCD - CPR)
    Destination Clock Delay (DCD):    1.501ns
    Source Clock Delay      (SCD):    1.321ns
    Clock Pessimism Removal (CPR):    0.132ns
  Clock Net Delay (Source):      1.210ns (routing 0.658ns, distribution 0.552ns)
  Clock Net Delay (Destination): 1.363ns (routing 0.738ns, distribution 0.625ns)

    Location             Delay type                Incr(ns)  Path(ns)    Netlist Resource(s)
  -------------------------------------------------------------------    -------------------
                         (clock clk_pl_0 rise edge)
                                                      0.000     0.000 r  
    PS8_X0Y0             PS8                          0.000     0.000 r  design_1_i/zynq_ultra_ps_e_0/inst/PS8_i/PLCLK[0]
                         net (fo=1, routed)           0.094     0.094    design_1_i/zynq_ultra_ps_e_0/inst/pl_clk_unbuffered[0]
    BUFG_PS_X0Y80        BUFG_PS (Prop_BUFG_PS_I_O)
                                                      0.017     0.111 r  design_1_i/zynq_ultra_ps_e_0/inst/buffer_pl_clk_0.PL_CLK_0_BUFG/O
    X1Y1 (CLOCK_ROOT)    net (fo=1324, routed)        1.210     1.321    design_1_i/axi_quad_spi_0/U0/NO_DUAL_QUAD_MODE.QSPI_NORMAL/QSPI_LEGACY_MD_GEN.QSPI_CORE_INTERFACE_I/FIFO_EXISTS.RX_FIFO_II/gnuram_async_fifo.xpm_fifo_base_inst/gen_sdpram.xpm_memory_base_inst/clkb
    SLICE_X8Y109         FDRE                                         r  design_1_i/axi_quad_spi_0/U0/NO_DUAL_QUAD_MODE.QSPI_NORMAL/QSPI_LEGACY_MD_GEN.QSPI_CORE_INTERFACE_I/FIFO_EXISTS.RX_FIFO_II/gnuram_async_fifo.xpm_fifo_base_inst/gen_sdpram.xpm_memory_base_inst/gen_rd_b.gen_rd_b_synth_template.gen_nc_narrow_pipe.doutb_reg_reg[5]/C
  -------------------------------------------------------------------    -------------------
    SLICE_X8Y109         FDRE (Prop_CFF_SLICEM_C_Q)
                                                      0.038     1.359 r  design_1_i/axi_quad_spi_0/U0/NO_DUAL_QUAD_MODE.QSPI_NORMAL/QSPI_LEGACY_MD_GEN.QSPI_CORE_INTERFACE_I/FIFO_EXISTS.RX_FIFO_II/gnuram_async_fifo.xpm_fifo_base_inst/gen_sdpram.xpm_memory_base_inst/gen_rd_b.gen_rd_b_synth_template.gen_nc_narrow_pipe.doutb_reg_reg[5]/Q
                         net (fo=1, routed)           0.092     1.451    design_1_i/axi_quad_spi_0/U0/NO_DUAL_QUAD_MODE.QSPI_NORMAL/QSPI_LEGACY_MD_GEN.QSPI_CORE_INTERFACE_I/FIFO_EXISTS.RX_FIFO_II/gnuram_async_fifo.xpm_fifo_base_inst/gen_sdpram.xpm_memory_base_inst/gen_rd_b.gen_rd_b_synth_template.gen_nc_narrow_pipe.doutb_reg_reg[5]
    SLICE_X10Y108        FDRE                                         r  design_1_i/axi_quad_spi_0/U0/NO_DUAL_QUAD_MODE.QSPI_NORMAL/QSPI_LEGACY_MD_GEN.QSPI_CORE_INTERFACE_I/FIFO_EXISTS.RX_FIFO_II/gnuram_async_fifo.xpm_fifo_base_inst/gen_sdpram.xpm_memory_base_inst/gen_rd_b.gen_doutb_pipe.gen_stage.doutb_pipe_reg[0][5]/D
  -------------------------------------------------------------------    -------------------

                         (clock clk_pl_0 rise edge)
                                                      0.000     0.000 r  
    PS8_X0Y0             PS8                          0.000     0.000 r  design_1_i/zynq_ultra_ps_e_0/inst/PS8_i/PLCLK[0]
                         net (fo=1, routed)           0.120     0.120    design_1_i/zynq_ultra_ps_e_0/inst/pl_clk_unbuffered[0]
    BUFG_PS_X0Y80        BUFG_PS (Prop_BUFG_PS_I_O)
                                                      0.018     0.138 r  design_1_i/zynq_ultra_ps_e_0/inst/buffer_pl_clk_0.PL_CLK_0_BUFG/O
    X1Y1 (CLOCK_ROOT)    net (fo=1324, routed)        1.363     1.501    design_1_i/axi_quad_spi_0/U0/NO_DUAL_QUAD_MODE.QSPI_NORMAL/QSPI_LEGACY_MD_GEN.QSPI_CORE_INTERFACE_I/FIFO_EXISTS.RX_FIFO_II/gnuram_async_fifo.xpm_fifo_base_inst/gen_sdpram.xpm_memory_base_inst/clkb
    SLICE_X10Y108        FDRE                                         r  design_1_i/axi_quad_spi_0/U0/NO_DUAL_QUAD_MODE.QSPI_NORMAL/QSPI_LEGACY_MD_GEN.QSPI_CORE_INTERFACE_I/FIFO_EXISTS.RX_FIFO_II/gnuram_async_fifo.xpm_fifo_base_inst/gen_sdpram.xpm_memory_base_inst/gen_rd_b.gen_doutb_pipe.gen_stage.doutb_pipe_reg[0][5]/C
                         clock pessimism             -0.132     1.369    
    SLICE_X10Y108        FDRE (Hold_EFF2_SLICEM_C_D)
                                                      0.047     1.416    design_1_i/axi_quad_spi_0/U0/NO_DUAL_QUAD_MODE.QSPI_NORMAL/QSPI_LEGACY_MD_GEN.QSPI_CORE_INTERFACE_I/FIFO_EXISTS.RX_FIFO_II/gnuram_async_fifo.xpm_fifo_base_inst/gen_sdpram.xpm_memory_base_inst/gen_rd_b.gen_doutb_pipe.gen_stage.doutb_pipe_reg[0][5]
  -------------------------------------------------------------------
                         required time                         -1.416    
                         arrival time                           1.451    
  -------------------------------------------------------------------
                         slack                                  0.035    

Slack (MET) :             0.035ns  (arrival time - required time)
  Source:                 design_1_i/axi_bram_ctrl_0/U0/gext_inst.abcv4_0_ext_inst/GEN_AXI4.I_FULL_AXI/I_RD_CHNL/GEN_NO_RD_CMD_OPT.GEN_RDATA_NO_ECC.rd_skid_buf_reg[25]/C
                            (rising edge-triggered cell FDRE clocked by clk_pl_0  {rise@0.000ns fall@5.000ns period=10.000ns})
  Destination:            design_1_i/axi_bram_ctrl_0/U0/gext_inst.abcv4_0_ext_inst/GEN_AXI4.I_FULL_AXI/I_RD_CHNL/GEN_NO_RD_CMD_OPT.GEN_RDATA_NO_ECC.GEN_RDATA_NO_RL_NO_ECC.GEN_RDATA[25].axi_rdata_int_reg[25]/D
                            (rising edge-triggered cell FDRE clocked by clk_pl_0  {rise@0.000ns fall@5.000ns period=10.000ns})
  Path Group:             clk_pl_0
  Path Type:              Hold (Min at Fast Process Corner)
  Requirement:            0.000ns  (clk_pl_0 rise@0.000ns - clk_pl_0 rise@0.000ns)
  Data Path Delay:        0.097ns  (logic 0.063ns (64.948%)  route 0.034ns (35.052%))
  Logic Levels:           1  (LUT3=1)
  Clock Path Skew:        0.015ns (DCD - SCD - CPR)
    Destination Clock Delay (DCD):    1.500ns
    Source Clock Delay      (SCD):    1.312ns
    Clock Pessimism Removal (CPR):    0.174ns
  Clock Net Delay (Source):      1.201ns (routing 0.658ns, distribution 0.543ns)
  Clock Net Delay (Destination): 1.362ns (routing 0.738ns, distribution 0.624ns)

    Location             Delay type                Incr(ns)  Path(ns)    Netlist Resource(s)
  -------------------------------------------------------------------    -------------------
                         (clock clk_pl_0 rise edge)
                                                      0.000     0.000 r  
    PS8_X0Y0             PS8                          0.000     0.000 r  design_1_i/zynq_ultra_ps_e_0/inst/PS8_i/PLCLK[0]
                         net (fo=1, routed)           0.094     0.094    design_1_i/zynq_ultra_ps_e_0/inst/pl_clk_unbuffered[0]
    BUFG_PS_X0Y80        BUFG_PS (Prop_BUFG_PS_I_O)
                                                      0.017     0.111 r  design_1_i/zynq_ultra_ps_e_0/inst/buffer_pl_clk_0.PL_CLK_0_BUFG/O
    X1Y1 (CLOCK_ROOT)    net (fo=1324, routed)        1.201     1.312    design_1_i/axi_bram_ctrl_0/U0/gext_inst.abcv4_0_ext_inst/GEN_AXI4.I_FULL_AXI/I_RD_CHNL/s_axi_aclk
    SLICE_X10Y100        FDRE                                         r  design_1_i/axi_bram_ctrl_0/U0/gext_inst.abcv4_0_ext_inst/GEN_AXI4.I_FULL_AXI/I_RD_CHNL/GEN_NO_RD_CMD_OPT.GEN_RDATA_NO_ECC.rd_skid_buf_reg[25]/C
  -------------------------------------------------------------------    -------------------
    SLICE_X10Y100        FDRE (Prop_GFF_SLICEM_C_Q)
                                                      0.039     1.351 r  design_1_i/axi_bram_ctrl_0/U0/gext_inst.abcv4_0_ext_inst/GEN_AXI4.I_FULL_AXI/I_RD_CHNL/GEN_NO_RD_CMD_OPT.GEN_RDATA_NO_ECC.rd_skid_buf_reg[25]/Q
                         net (fo=1, routed)           0.025     1.376    design_1_i/axi_bram_ctrl_0/U0/gext_inst.abcv4_0_ext_inst/GEN_AXI4.I_FULL_AXI/I_RD_CHNL/rd_skid_buf[25]
    SLICE_X10Y100        LUT3 (Prop_D5LUT_SLICEM_I0_O)
                                                      0.024     1.400 r  design_1_i/axi_bram_ctrl_0/U0/gext_inst.abcv4_0_ext_inst/GEN_AXI4.I_FULL_AXI/I_RD_CHNL/GEN_NO_RD_CMD_OPT.GEN_RDATA_NO_ECC.GEN_RDATA_NO_RL_NO_ECC.GEN_RDATA[25].axi_rdata_int[25]_i_1/O
                         net (fo=1, routed)           0.009     1.409    design_1_i/axi_bram_ctrl_0/U0/gext_inst.abcv4_0_ext_inst/GEN_AXI4.I_FULL_AXI/I_RD_CHNL/GEN_NO_RD_CMD_OPT.GEN_RDATA_NO_ECC.GEN_RDATA_NO_RL_NO_ECC.GEN_RDATA[25].axi_rdata_int[25]_i_1_n_0
    SLICE_X10Y100        FDRE                                         r  design_1_i/axi_bram_ctrl_0/U0/gext_inst.abcv4_0_ext_inst/GEN_AXI4.I_FULL_AXI/I_RD_CHNL/GEN_NO_RD_CMD_OPT.GEN_RDATA_NO_ECC.GEN_RDATA_NO_RL_NO_ECC.GEN_RDATA[25].axi_rdata_int_reg[25]/D
  -------------------------------------------------------------------    -------------------

                         (clock clk_pl_0 rise edge)
                                                      0.000     0.000 r  
    PS8_X0Y0             PS8                          0.000     0.000 r  design_1_i/zynq_ultra_ps_e_0/inst/PS8_i/PLCLK[0]
                         net (fo=1, routed)           0.120     0.120    design_1_i/zynq_ultra_ps_e_0/inst/pl_clk_unbuffered[0]
    BUFG_PS_X0Y80        BUFG_PS (Prop_BUFG_PS_I_O)
                                                      0.018     0.138 r  design_1_i/zynq_ultra_ps_e_0/inst/buffer_pl_clk_0.PL_CLK_0_BUFG/O
    X1Y1 (CLOCK_ROOT)    net (fo=1324, routed)        1.362     1.500    design_1_i/axi_bram_ctrl_0/U0/gext_inst.abcv4_0_ext_inst/GEN_AXI4.I_FULL_AXI/I_RD_CHNL/s_axi_aclk
    SLICE_X10Y100        FDRE                                         r  design_1_i/axi_bram_ctrl_0/U0/gext_inst.abcv4_0_ext_inst/GEN_AXI4.I_FULL_AXI/I_RD_CHNL/GEN_NO_RD_CMD_OPT.GEN_RDATA_NO_ECC.GEN_RDATA_NO_RL_NO_ECC.GEN_RDATA[25].axi_rdata_int_reg[25]/C
                         clock pessimism             -0.174     1.326    
    SLICE_X10Y100        FDRE (Hold_DFF2_SLICEM_C_D)
                                                      0.047     1.373    design_1_i/axi_bram_ctrl_0/U0/gext_inst.abcv4_0_ext_inst/GEN_AXI4.I_FULL_AXI/I_RD_CHNL/GEN_NO_RD_CMD_OPT.GEN_RDATA_NO_ECC.GEN_RDATA_NO_RL_NO_ECC.GEN_RDATA[25].axi_rdata_int_reg[25]
  -------------------------------------------------------------------
                         required time                         -1.373    
                         arrival time                           1.409    
  -------------------------------------------------------------------
                         slack                                  0.035    

Slack (MET) :             0.037ns  (arrival time - required time)
  Source:                 design_1_i/axi_quad_spi_0/U0/NO_DUAL_QUAD_MODE.QSPI_NORMAL/QSPI_LEGACY_MD_GEN.QSPI_CORE_INTERFACE_I/FIFO_EXISTS.TX_FIFO_II/xpm_fifo_instance.xpm_fifo_async_inst/gnuram_async_fifo.xpm_fifo_base_inst/gen_cdc_pntr.rd_pntr_cdc_dc_inst/src_gray_ff_reg[2]/C
                            (rising edge-triggered cell FDRE clocked by clk_pl_0  {rise@0.000ns fall@5.000ns period=10.000ns})
  Destination:            design_1_i/axi_quad_spi_0/U0/NO_DUAL_QUAD_MODE.QSPI_NORMAL/QSPI_LEGACY_MD_GEN.QSPI_CORE_INTERFACE_I/FIFO_EXISTS.TX_FIFO_II/xpm_fifo_instance.xpm_fifo_async_inst/gnuram_async_fifo.xpm_fifo_base_inst/gen_cdc_pntr.rd_pntr_cdc_dc_inst/dest_graysync_ff_reg[0][2]/D
                            (rising edge-triggered cell FDRE clocked by clk_pl_0  {rise@0.000ns fall@5.000ns period=10.000ns})
  Path Group:             clk_pl_0
  Path Type:              Hold (Min at Fast Process Corner)
  Requirement:            0.000ns  (clk_pl_0 rise@0.000ns - clk_pl_0 rise@0.000ns)
  Data Path Delay:        0.099ns  (logic 0.038ns (38.384%)  route 0.061ns (61.616%))
  Logic Levels:           0  
  Clock Path Skew:        0.015ns (DCD - SCD - CPR)
    Destination Clock Delay (DCD):    1.510ns
    Source Clock Delay      (SCD):    1.327ns
    Clock Pessimism Removal (CPR):    0.168ns
  Clock Net Delay (Source):      1.216ns (routing 0.658ns, distribution 0.558ns)
  Clock Net Delay (Destination): 1.372ns (routing 0.738ns, distribution 0.634ns)

    Location             Delay type                Incr(ns)  Path(ns)    Netlist Resource(s)
  -------------------------------------------------------------------    -------------------
                         (clock clk_pl_0 rise edge)
                                                      0.000     0.000 r  
    PS8_X0Y0             PS8                          0.000     0.000 r  design_1_i/zynq_ultra_ps_e_0/inst/PS8_i/PLCLK[0]
                         net (fo=1, routed)           0.094     0.094    design_1_i/zynq_ultra_ps_e_0/inst/pl_clk_unbuffered[0]
    BUFG_PS_X0Y80        BUFG_PS (Prop_BUFG_PS_I_O)
                                                      0.017     0.111 r  design_1_i/zynq_ultra_ps_e_0/inst/buffer_pl_clk_0.PL_CLK_0_BUFG/O
    X1Y1 (CLOCK_ROOT)    net (fo=1324, routed)        1.216     1.327    design_1_i/axi_quad_spi_0/U0/NO_DUAL_QUAD_MODE.QSPI_NORMAL/QSPI_LEGACY_MD_GEN.QSPI_CORE_INTERFACE_I/FIFO_EXISTS.TX_FIFO_II/xpm_fifo_instance.xpm_fifo_async_inst/gnuram_async_fifo.xpm_fifo_base_inst/gen_cdc_pntr.rd_pntr_cdc_dc_inst/src_clk
    SLICE_X5Y115         FDRE                                         r  design_1_i/axi_quad_spi_0/U0/NO_DUAL_QUAD_MODE.QSPI_NORMAL/QSPI_LEGACY_MD_GEN.QSPI_CORE_INTERFACE_I/FIFO_EXISTS.TX_FIFO_II/xpm_fifo_instance.xpm_fifo_async_inst/gnuram_async_fifo.xpm_fifo_base_inst/gen_cdc_pntr.rd_pntr_cdc_dc_inst/src_gray_ff_reg[2]/C
  -------------------------------------------------------------------    -------------------
    SLICE_X5Y115         FDRE (Prop_CFF_SLICEM_C_Q)
                                                      0.038     1.365 r  design_1_i/axi_quad_spi_0/U0/NO_DUAL_QUAD_MODE.QSPI_NORMAL/QSPI_LEGACY_MD_GEN.QSPI_CORE_INTERFACE_I/FIFO_EXISTS.TX_FIFO_II/xpm_fifo_instance.xpm_fifo_async_inst/gnuram_async_fifo.xpm_fifo_base_inst/gen_cdc_pntr.rd_pntr_cdc_dc_inst/src_gray_ff_reg[2]/Q
                         net (fo=1, routed)           0.061     1.426    design_1_i/axi_quad_spi_0/U0/NO_DUAL_QUAD_MODE.QSPI_NORMAL/QSPI_LEGACY_MD_GEN.QSPI_CORE_INTERFACE_I/FIFO_EXISTS.TX_FIFO_II/xpm_fifo_instance.xpm_fifo_async_inst/gnuram_async_fifo.xpm_fifo_base_inst/gen_cdc_pntr.rd_pntr_cdc_dc_inst/async_path[2]
    SLICE_X5Y114         FDRE                                         r  design_1_i/axi_quad_spi_0/U0/NO_DUAL_QUAD_MODE.QSPI_NORMAL/QSPI_LEGACY_MD_GEN.QSPI_CORE_INTERFACE_I/FIFO_EXISTS.TX_FIFO_II/xpm_fifo_instance.xpm_fifo_async_inst/gnuram_async_fifo.xpm_fifo_base_inst/gen_cdc_pntr.rd_pntr_cdc_dc_inst/dest_graysync_ff_reg[0][2]/D
  -------------------------------------------------------------------    -------------------

                         (clock clk_pl_0 rise edge)
                                                      0.000     0.000 r  
    PS8_X0Y0             PS8                          0.000     0.000 r  design_1_i/zynq_ultra_ps_e_0/inst/PS8_i/PLCLK[0]
                         net (fo=1, routed)           0.120     0.120    design_1_i/zynq_ultra_ps_e_0/inst/pl_clk_unbuffered[0]
    BUFG_PS_X0Y80        BUFG_PS (Prop_BUFG_PS_I_O)
                                                      0.018     0.138 r  design_1_i/zynq_ultra_ps_e_0/inst/buffer_pl_clk_0.PL_CLK_0_BUFG/O
    X1Y1 (CLOCK_ROOT)    net (fo=1324, routed)        1.372     1.510    design_1_i/axi_quad_spi_0/U0/NO_DUAL_QUAD_MODE.QSPI_NORMAL/QSPI_LEGACY_MD_GEN.QSPI_CORE_INTERFACE_I/FIFO_EXISTS.TX_FIFO_II/xpm_fifo_instance.xpm_fifo_async_inst/gnuram_async_fifo.xpm_fifo_base_inst/gen_cdc_pntr.rd_pntr_cdc_dc_inst/dest_clk
    SLICE_X5Y114         FDRE                                         r  design_1_i/axi_quad_spi_0/U0/NO_DUAL_QUAD_MODE.QSPI_NORMAL/QSPI_LEGACY_MD_GEN.QSPI_CORE_INTERFACE_I/FIFO_EXISTS.TX_FIFO_II/xpm_fifo_instance.xpm_fifo_async_inst/gnuram_async_fifo.xpm_fifo_base_inst/gen_cdc_pntr.rd_pntr_cdc_dc_inst/dest_graysync_ff_reg[0][2]/C
                         clock pessimism             -0.168     1.342    
    SLICE_X5Y114         FDRE (Hold_HFF2_SLICEM_C_D)
                                                      0.047     1.389    design_1_i/axi_quad_spi_0/U0/NO_DUAL_QUAD_MODE.QSPI_NORMAL/QSPI_LEGACY_MD_GEN.QSPI_CORE_INTERFACE_I/FIFO_EXISTS.TX_FIFO_II/xpm_fifo_instance.xpm_fifo_async_inst/gnuram_async_fifo.xpm_fifo_base_inst/gen_cdc_pntr.rd_pntr_cdc_dc_inst/dest_graysync_ff_reg[0][2]
  -------------------------------------------------------------------
                         required time                         -1.389    
                         arrival time                           1.426    
  -------------------------------------------------------------------
                         slack                                  0.037    





Pulse Width Checks
--------------------------------------------------------------------------------------
Clock Name:         clk_pl_0
Waveform(ns):       { 0.000 5.000 }
Period(ns):         10.000
Sources:            { design_1_i/zynq_ultra_ps_e_0/inst/PS8_i/PLCLK[0] }

Check Type        Corner  Lib Pin             Reference Pin  Required(ns)  Actual(ns)  Slack(ns)  Location      Pin
Min Period        n/a     PS8/MAXIGP0ACLK     n/a            3.000         10.000      7.000      PS8_X0Y0      design_1_i/zynq_ultra_ps_e_0/inst/PS8_i/MAXIGP0ACLK
Min Period        n/a     PS8/MAXIGP1ACLK     n/a            3.000         10.000      7.000      PS8_X0Y0      design_1_i/zynq_ultra_ps_e_0/inst/PS8_i/MAXIGP1ACLK
Min Period        n/a     RAMB36E2/CLKARDCLK  n/a            1.550         10.000      8.450      RAMB36_X0Y23  <hidden>
Min Period        n/a     RAMB36E2/CLKBWRCLK  n/a            1.550         10.000      8.450      RAMB36_X0Y23  <hidden>
Min Period        n/a     RAMB36E2/CLKARDCLK  n/a            1.550         10.000      8.450      RAMB36_X0Y13  <hidden>
Min Period        n/a     RAMB36E2/CLKBWRCLK  n/a            1.550         10.000      8.450      RAMB36_X0Y13  <hidden>
Min Period        n/a     RAMB36E2/CLKARDCLK  n/a            1.550         10.000      8.450      RAMB36_X0Y19  <hidden>
Min Period        n/a     RAMB36E2/CLKBWRCLK  n/a            1.550         10.000      8.450      RAMB36_X0Y19  <hidden>
Min Period        n/a     RAMB36E2/CLKARDCLK  n/a            1.550         10.000      8.450      RAMB36_X0Y20  <hidden>
Min Period        n/a     RAMB36E2/CLKBWRCLK  n/a            1.550         10.000      8.450      RAMB36_X0Y20  <hidden>
Low Pulse Width   Slow    PS8/MAXIGP0ACLK     n/a            1.500         5.000       3.500      PS8_X0Y0      design_1_i/zynq_ultra_ps_e_0/inst/PS8_i/MAXIGP0ACLK
Low Pulse Width   Fast    PS8/MAXIGP0ACLK     n/a            1.500         5.000       3.500      PS8_X0Y0      design_1_i/zynq_ultra_ps_e_0/inst/PS8_i/MAXIGP0ACLK
Low Pulse Width   Slow    PS8/MAXIGP1ACLK     n/a            1.500         5.000       3.500      PS8_X0Y0      design_1_i/zynq_ultra_ps_e_0/inst/PS8_i/MAXIGP1ACLK
Low Pulse Width   Fast    PS8/MAXIGP1ACLK     n/a            1.500         5.000       3.500      PS8_X0Y0      design_1_i/zynq_ultra_ps_e_0/inst/PS8_i/MAXIGP1ACLK
Low Pulse Width   Slow    RAMD32/CLK          n/a            0.573         5.000       4.427      SLICE_X8Y109  design_1_i/axi_quad_spi_0/U0/NO_DUAL_QUAD_MODE.QSPI_NORMAL/QSPI_LEGACY_MD_GEN.QSPI_CORE_INTERFACE_I/FIFO_EXISTS.RX_FIFO_II/gnuram_async_fifo.xpm_fifo_base_inst/gen_sdpram.xpm_memory_base_inst/gen_wr_a.gen_word_narrow.mem_reg_0_15_0_7/RAMA/CLK
Low Pulse Width   Fast    RAMD32/CLK          n/a            0.573         5.000       4.427      SLICE_X8Y109  design_1_i/axi_quad_spi_0/U0/NO_DUAL_QUAD_MODE.QSPI_NORMAL/QSPI_LEGACY_MD_GEN.QSPI_CORE_INTERFACE_I/FIFO_EXISTS.RX_FIFO_II/gnuram_async_fifo.xpm_fifo_base_inst/gen_sdpram.xpm_memory_base_inst/gen_wr_a.gen_word_narrow.mem_reg_0_15_0_7/RAMA/CLK
Low Pulse Width   Slow    RAMD32/CLK          n/a            0.573         5.000       4.427      SLICE_X8Y109  design_1_i/axi_quad_spi_0/U0/NO_DUAL_QUAD_MODE.QSPI_NORMAL/QSPI_LEGACY_MD_GEN.QSPI_CORE_INTERFACE_I/FIFO_EXISTS.RX_FIFO_II/gnuram_async_fifo.xpm_fifo_base_inst/gen_sdpram.xpm_memory_base_inst/gen_wr_a.gen_word_narrow.mem_reg_0_15_0_7/RAMA_D1/CLK
Low Pulse Width   Fast    RAMD32/CLK          n/a            0.573         5.000       4.427      SLICE_X8Y109  design_1_i/axi_quad_spi_0/U0/NO_DUAL_QUAD_MODE.QSPI_NORMAL/QSPI_LEGACY_MD_GEN.QSPI_CORE_INTERFACE_I/FIFO_EXISTS.RX_FIFO_II/gnuram_async_fifo.xpm_fifo_base_inst/gen_sdpram.xpm_memory_base_inst/gen_wr_a.gen_word_narrow.mem_reg_0_15_0_7/RAMA_D1/CLK
Low Pulse Width   Slow    RAMD32/CLK          n/a            0.573         5.000       4.427      SLICE_X8Y109  design_1_i/axi_quad_spi_0/U0/NO_DUAL_QUAD_MODE.QSPI_NORMAL/QSPI_LEGACY_MD_GEN.QSPI_CORE_INTERFACE_I/FIFO_EXISTS.RX_FIFO_II/gnuram_async_fifo.xpm_fifo_base_inst/gen_sdpram.xpm_memory_base_inst/gen_wr_a.gen_word_narrow.mem_reg_0_15_0_7/RAMB/CLK
Low Pulse Width   Fast    RAMD32/CLK          n/a            0.573         5.000       4.427      SLICE_X8Y109  design_1_i/axi_quad_spi_0/U0/NO_DUAL_QUAD_MODE.QSPI_NORMAL/QSPI_LEGACY_MD_GEN.QSPI_CORE_INTERFACE_I/FIFO_EXISTS.RX_FIFO_II/gnuram_async_fifo.xpm_fifo_base_inst/gen_sdpram.xpm_memory_base_inst/gen_wr_a.gen_word_narrow.mem_reg_0_15_0_7/RAMB/CLK
High Pulse Width  Slow    PS8/MAXIGP0ACLK     n/a            1.500         5.000       3.500      PS8_X0Y0      design_1_i/zynq_ultra_ps_e_0/inst/PS8_i/MAXIGP0ACLK
High Pulse Width  Fast    PS8/MAXIGP0ACLK     n/a            1.500         5.000       3.500      PS8_X0Y0      design_1_i/zynq_ultra_ps_e_0/inst/PS8_i/MAXIGP0ACLK
High Pulse Width  Slow    PS8/MAXIGP1ACLK     n/a            1.500         5.000       3.500      PS8_X0Y0      design_1_i/zynq_ultra_ps_e_0/inst/PS8_i/MAXIGP1ACLK
High Pulse Width  Fast    PS8/MAXIGP1ACLK     n/a            1.500         5.000       3.500      PS8_X0Y0      design_1_i/zynq_ultra_ps_e_0/inst/PS8_i/MAXIGP1ACLK
High Pulse Width  Slow    RAMD32/CLK          n/a            0.573         5.000       4.427      SLICE_X8Y109  design_1_i/axi_quad_spi_0/U0/NO_DUAL_QUAD_MODE.QSPI_NORMAL/QSPI_LEGACY_MD_GEN.QSPI_CORE_INTERFACE_I/FIFO_EXISTS.RX_FIFO_II/gnuram_async_fifo.xpm_fifo_base_inst/gen_sdpram.xpm_memory_base_inst/gen_wr_a.gen_word_narrow.mem_reg_0_15_0_7/RAMA/CLK
High Pulse Width  Fast    RAMD32/CLK          n/a            0.573         5.000       4.427      SLICE_X8Y109  design_1_i/axi_quad_spi_0/U0/NO_DUAL_QUAD_MODE.QSPI_NORMAL/QSPI_LEGACY_MD_GEN.QSPI_CORE_INTERFACE_I/FIFO_EXISTS.RX_FIFO_II/gnuram_async_fifo.xpm_fifo_base_inst/gen_sdpram.xpm_memory_base_inst/gen_wr_a.gen_word_narrow.mem_reg_0_15_0_7/RAMA/CLK
High Pulse Width  Slow    RAMD32/CLK          n/a            0.573         5.000       4.427      SLICE_X8Y109  design_1_i/axi_quad_spi_0/U0/NO_DUAL_QUAD_MODE.QSPI_NORMAL/QSPI_LEGACY_MD_GEN.QSPI_CORE_INTERFACE_I/FIFO_EXISTS.RX_FIFO_II/gnuram_async_fifo.xpm_fifo_base_inst/gen_sdpram.xpm_memory_base_inst/gen_wr_a.gen_word_narrow.mem_reg_0_15_0_7/RAMA_D1/CLK
High Pulse Width  Fast    RAMD32/CLK          n/a            0.573         5.000       4.427      SLICE_X8Y109  design_1_i/axi_quad_spi_0/U0/NO_DUAL_QUAD_MODE.QSPI_NORMAL/QSPI_LEGACY_MD_GEN.QSPI_CORE_INTERFACE_I/FIFO_EXISTS.RX_FIFO_II/gnuram_async_fifo.xpm_fifo_base_inst/gen_sdpram.xpm_memory_base_inst/gen_wr_a.gen_word_narrow.mem_reg_0_15_0_7/RAMA_D1/CLK
High Pulse Width  Slow    RAMD32/CLK          n/a            0.573         5.000       4.427      SLICE_X8Y109  design_1_i/axi_quad_spi_0/U0/NO_DUAL_QUAD_MODE.QSPI_NORMAL/QSPI_LEGACY_MD_GEN.QSPI_CORE_INTERFACE_I/FIFO_EXISTS.RX_FIFO_II/gnuram_async_fifo.xpm_fifo_base_inst/gen_sdpram.xpm_memory_base_inst/gen_wr_a.gen_word_narrow.mem_reg_0_15_0_7/RAMB/CLK
High Pulse Width  Fast    RAMD32/CLK          n/a            0.573         5.000       4.427      SLICE_X8Y109  design_1_i/axi_quad_spi_0/U0/NO_DUAL_QUAD_MODE.QSPI_NORMAL/QSPI_LEGACY_MD_GEN.QSPI_CORE_INTERFACE_I/FIFO_EXISTS.RX_FIFO_II/gnuram_async_fifo.xpm_fifo_base_inst/gen_sdpram.xpm_memory_base_inst/gen_wr_a.gen_word_narrow.mem_reg_0_15_0_7/RAMB/CLK



---------------------------------------------------------------------------------------------------
Path Group:  **async_default**
From Clock:  clk_pl_0
  To Clock:  clk_pl_0

Setup :            0  Failing Endpoints,  Worst Slack        8.713ns,  Total Violation        0.000ns
Hold  :            0  Failing Endpoints,  Worst Slack        0.095ns,  Total Violation        0.000ns
---------------------------------------------------------------------------------------------------


Max Delay Paths
--------------------------------------------------------------------------------------
Slack (MET) :             8.713ns  (required time - arrival time)
  Source:                 design_1_i/rst_ps8_0_99M/U0/ACTIVE_LOW_BSR_OUT_DFF[0].FDRE_BSR_N/C
                            (rising edge-triggered cell FDRE clocked by clk_pl_0  {rise@0.000ns fall@5.000ns period=10.000ns})
  Destination:            design_1_i/axi_interconnect_0/inst/u_full_interconnect/u_AW_Channel_Controller_Top/u_Faling_Edge_Detc/Falling_reg/CLR
                            (recovery check against rising-edge clock clk_pl_0  {rise@0.000ns fall@5.000ns period=10.000ns})
  Path Group:             **async_default**
  Path Type:              Recovery (Max at Slow Process Corner)
  Requirement:            10.000ns  (clk_pl_0 rise@10.000ns - clk_pl_0 rise@0.000ns)
  Data Path Delay:        0.948ns  (logic 0.096ns (10.125%)  route 0.852ns (89.875%))
  Logic Levels:           0  
  Clock Path Skew:        -0.093ns (DCD - SCD + CPR)
    Destination Clock Delay (DCD):    2.300ns = ( 12.300 - 10.000 ) 
    Source Clock Delay      (SCD):    2.596ns
    Clock Pessimism Removal (CPR):    0.203ns
  Clock Uncertainty:      0.174ns  ((TSJ^2 + DJ^2)^1/2) / 2 + PE
    Total System Jitter     (TSJ):    0.071ns
    Discrete Jitter          (DJ):    0.340ns
    Phase Error              (PE):    0.000ns
  Clock Net Delay (Source):      2.389ns (routing 1.302ns, distribution 1.087ns)
  Clock Net Delay (Destination): 2.133ns (routing 1.184ns, distribution 0.949ns)

    Location             Delay type                Incr(ns)  Path(ns)    Netlist Resource(s)
  -------------------------------------------------------------------    -------------------
                         (clock clk_pl_0 rise edge)
                                                      0.000     0.000 r  
    PS8_X0Y0             PS8                          0.000     0.000 r  design_1_i/zynq_ultra_ps_e_0/inst/PS8_i/PLCLK[0]
                         net (fo=1, routed)           0.178     0.178    design_1_i/zynq_ultra_ps_e_0/inst/pl_clk_unbuffered[0]
    BUFG_PS_X0Y80        BUFG_PS (Prop_BUFG_PS_I_O)
                                                      0.029     0.207 r  design_1_i/zynq_ultra_ps_e_0/inst/buffer_pl_clk_0.PL_CLK_0_BUFG/O
    X1Y1 (CLOCK_ROOT)    net (fo=1324, routed)        2.389     2.596    design_1_i/rst_ps8_0_99M/U0/slowest_sync_clk
    SLICE_X0Y112         FDRE                                         r  design_1_i/rst_ps8_0_99M/U0/ACTIVE_LOW_BSR_OUT_DFF[0].FDRE_BSR_N/C
  -------------------------------------------------------------------    -------------------
    SLICE_X0Y112         FDRE (Prop_DFF_SLICEL_C_Q)
                                                      0.096     2.692 r  design_1_i/rst_ps8_0_99M/U0/ACTIVE_LOW_BSR_OUT_DFF[0].FDRE_BSR_N/Q
                         net (fo=38, routed)          0.852     3.544    design_1_i/axi_interconnect_0/inst/u_full_interconnect/u_AW_Channel_Controller_Top/u_Faling_Edge_Detc/reg_Test_Signal_reg_0
    SLICE_X2Y99          FDCE                                         f  design_1_i/axi_interconnect_0/inst/u_full_interconnect/u_AW_Channel_Controller_Top/u_Faling_Edge_Detc/Falling_reg/CLR  (IS_INVERTED)
  -------------------------------------------------------------------    -------------------

                         (clock clk_pl_0 rise edge)
                                                     10.000    10.000 r  
    PS8_X0Y0             PS8                          0.000    10.000 r  design_1_i/zynq_ultra_ps_e_0/inst/PS8_i/PLCLK[0]
                         net (fo=1, routed)           0.140    10.140    design_1_i/zynq_ultra_ps_e_0/inst/pl_clk_unbuffered[0]
    BUFG_PS_X0Y80        BUFG_PS (Prop_BUFG_PS_I_O)
                                                      0.027    10.167 r  design_1_i/zynq_ultra_ps_e_0/inst/buffer_pl_clk_0.PL_CLK_0_BUFG/O
    X1Y1 (CLOCK_ROOT)    net (fo=1324, routed)        2.133    12.300    design_1_i/axi_interconnect_0/inst/u_full_interconnect/u_AW_Channel_Controller_Top/u_Faling_Edge_Detc/ACLK
    SLICE_X2Y99          FDCE                                         r  design_1_i/axi_interconnect_0/inst/u_full_interconnect/u_AW_Channel_Controller_Top/u_Faling_Edge_Detc/Falling_reg/C
                         clock pessimism              0.203    12.503    
                         clock uncertainty           -0.174    12.329    
    SLICE_X2Y99          FDCE (Recov_DFF2_SLICEM_C_CLR)
                                                     -0.072    12.257    design_1_i/axi_interconnect_0/inst/u_full_interconnect/u_AW_Channel_Controller_Top/u_Faling_Edge_Detc/Falling_reg
  -------------------------------------------------------------------
                         required time                         12.257    
                         arrival time                          -3.544    
  -------------------------------------------------------------------
                         slack                                  8.713    

Slack (MET) :             8.715ns  (required time - arrival time)
  Source:                 design_1_i/rst_ps8_0_99M/U0/ACTIVE_LOW_BSR_OUT_DFF[0].FDRE_BSR_N/C
                            (rising edge-triggered cell FDRE clocked by clk_pl_0  {rise@0.000ns fall@5.000ns period=10.000ns})
  Destination:            design_1_i/axi_interconnect_0/inst/u_full_interconnect/u_AW_Channel_Controller_Top/u_Faling_Edge_Detc/reg_Test_Signal_reg/CLR
                            (recovery check against rising-edge clock clk_pl_0  {rise@0.000ns fall@5.000ns period=10.000ns})
  Path Group:             **async_default**
  Path Type:              Recovery (Max at Slow Process Corner)
  Requirement:            10.000ns  (clk_pl_0 rise@10.000ns - clk_pl_0 rise@0.000ns)
  Data Path Delay:        0.946ns  (logic 0.096ns (10.147%)  route 0.850ns (89.853%))
  Logic Levels:           0  
  Clock Path Skew:        -0.093ns (DCD - SCD + CPR)
    Destination Clock Delay (DCD):    2.300ns = ( 12.300 - 10.000 ) 
    Source Clock Delay      (SCD):    2.596ns
    Clock Pessimism Removal (CPR):    0.203ns
  Clock Uncertainty:      0.174ns  ((TSJ^2 + DJ^2)^1/2) / 2 + PE
    Total System Jitter     (TSJ):    0.071ns
    Discrete Jitter          (DJ):    0.340ns
    Phase Error              (PE):    0.000ns
  Clock Net Delay (Source):      2.389ns (routing 1.302ns, distribution 1.087ns)
  Clock Net Delay (Destination): 2.133ns (routing 1.184ns, distribution 0.949ns)

    Location             Delay type                Incr(ns)  Path(ns)    Netlist Resource(s)
  -------------------------------------------------------------------    -------------------
                         (clock clk_pl_0 rise edge)
                                                      0.000     0.000 r  
    PS8_X0Y0             PS8                          0.000     0.000 r  design_1_i/zynq_ultra_ps_e_0/inst/PS8_i/PLCLK[0]
                         net (fo=1, routed)           0.178     0.178    design_1_i/zynq_ultra_ps_e_0/inst/pl_clk_unbuffered[0]
    BUFG_PS_X0Y80        BUFG_PS (Prop_BUFG_PS_I_O)
                                                      0.029     0.207 r  design_1_i/zynq_ultra_ps_e_0/inst/buffer_pl_clk_0.PL_CLK_0_BUFG/O
    X1Y1 (CLOCK_ROOT)    net (fo=1324, routed)        2.389     2.596    design_1_i/rst_ps8_0_99M/U0/slowest_sync_clk
    SLICE_X0Y112         FDRE                                         r  design_1_i/rst_ps8_0_99M/U0/ACTIVE_LOW_BSR_OUT_DFF[0].FDRE_BSR_N/C
  -------------------------------------------------------------------    -------------------
    SLICE_X0Y112         FDRE (Prop_DFF_SLICEL_C_Q)
                                                      0.096     2.692 r  design_1_i/rst_ps8_0_99M/U0/ACTIVE_LOW_BSR_OUT_DFF[0].FDRE_BSR_N/Q
                         net (fo=38, routed)          0.850     3.542    design_1_i/axi_interconnect_0/inst/u_full_interconnect/u_AW_Channel_Controller_Top/u_Faling_Edge_Detc/reg_Test_Signal_reg_0
    SLICE_X2Y99          FDCE                                         f  design_1_i/axi_interconnect_0/inst/u_full_interconnect/u_AW_Channel_Controller_Top/u_Faling_Edge_Detc/reg_Test_Signal_reg/CLR  (IS_INVERTED)
  -------------------------------------------------------------------    -------------------

                         (clock clk_pl_0 rise edge)
                                                     10.000    10.000 r  
    PS8_X0Y0             PS8                          0.000    10.000 r  design_1_i/zynq_ultra_ps_e_0/inst/PS8_i/PLCLK[0]
                         net (fo=1, routed)           0.140    10.140    design_1_i/zynq_ultra_ps_e_0/inst/pl_clk_unbuffered[0]
    BUFG_PS_X0Y80        BUFG_PS (Prop_BUFG_PS_I_O)
                                                      0.027    10.167 r  design_1_i/zynq_ultra_ps_e_0/inst/buffer_pl_clk_0.PL_CLK_0_BUFG/O
    X1Y1 (CLOCK_ROOT)    net (fo=1324, routed)        2.133    12.300    design_1_i/axi_interconnect_0/inst/u_full_interconnect/u_AW_Channel_Controller_Top/u_Faling_Edge_Detc/ACLK
    SLICE_X2Y99          FDCE                                         r  design_1_i/axi_interconnect_0/inst/u_full_interconnect/u_AW_Channel_Controller_Top/u_Faling_Edge_Detc/reg_Test_Signal_reg/C
                         clock pessimism              0.203    12.503    
                         clock uncertainty           -0.174    12.329    
    SLICE_X2Y99          FDCE (Recov_EFF_SLICEM_C_CLR)
                                                     -0.072    12.257    design_1_i/axi_interconnect_0/inst/u_full_interconnect/u_AW_Channel_Controller_Top/u_Faling_Edge_Detc/reg_Test_Signal_reg
  -------------------------------------------------------------------
                         required time                         12.257    
                         arrival time                          -3.542    
  -------------------------------------------------------------------
                         slack                                  8.715    

Slack (MET) :             8.715ns  (required time - arrival time)
  Source:                 design_1_i/rst_ps8_0_99M/U0/ACTIVE_LOW_BSR_OUT_DFF[0].FDRE_BSR_N/C
                            (rising edge-triggered cell FDRE clocked by clk_pl_0  {rise@0.000ns fall@5.000ns period=10.000ns})
  Destination:            design_1_i/axi_interconnect_0/inst/u_full_interconnect/u_WD_Channel_Controller_Top/u_Queue/Pulse_reg/CLR
                            (recovery check against rising-edge clock clk_pl_0  {rise@0.000ns fall@5.000ns period=10.000ns})
  Path Group:             **async_default**
  Path Type:              Recovery (Max at Slow Process Corner)
  Requirement:            10.000ns  (clk_pl_0 rise@10.000ns - clk_pl_0 rise@0.000ns)
  Data Path Delay:        0.946ns  (logic 0.096ns (10.147%)  route 0.850ns (89.853%))
  Logic Levels:           0  
  Clock Path Skew:        -0.093ns (DCD - SCD + CPR)
    Destination Clock Delay (DCD):    2.300ns = ( 12.300 - 10.000 ) 
    Source Clock Delay      (SCD):    2.596ns
    Clock Pessimism Removal (CPR):    0.203ns
  Clock Uncertainty:      0.174ns  ((TSJ^2 + DJ^2)^1/2) / 2 + PE
    Total System Jitter     (TSJ):    0.071ns
    Discrete Jitter          (DJ):    0.340ns
    Phase Error              (PE):    0.000ns
  Clock Net Delay (Source):      2.389ns (routing 1.302ns, distribution 1.087ns)
  Clock Net Delay (Destination): 2.133ns (routing 1.184ns, distribution 0.949ns)

    Location             Delay type                Incr(ns)  Path(ns)    Netlist Resource(s)
  -------------------------------------------------------------------    -------------------
                         (clock clk_pl_0 rise edge)
                                                      0.000     0.000 r  
    PS8_X0Y0             PS8                          0.000     0.000 r  design_1_i/zynq_ultra_ps_e_0/inst/PS8_i/PLCLK[0]
                         net (fo=1, routed)           0.178     0.178    design_1_i/zynq_ultra_ps_e_0/inst/pl_clk_unbuffered[0]
    BUFG_PS_X0Y80        BUFG_PS (Prop_BUFG_PS_I_O)
                                                      0.029     0.207 r  design_1_i/zynq_ultra_ps_e_0/inst/buffer_pl_clk_0.PL_CLK_0_BUFG/O
    X1Y1 (CLOCK_ROOT)    net (fo=1324, routed)        2.389     2.596    design_1_i/rst_ps8_0_99M/U0/slowest_sync_clk
    SLICE_X0Y112         FDRE                                         r  design_1_i/rst_ps8_0_99M/U0/ACTIVE_LOW_BSR_OUT_DFF[0].FDRE_BSR_N/C
  -------------------------------------------------------------------    -------------------
    SLICE_X0Y112         FDRE (Prop_DFF_SLICEL_C_Q)
                                                      0.096     2.692 r  design_1_i/rst_ps8_0_99M/U0/ACTIVE_LOW_BSR_OUT_DFF[0].FDRE_BSR_N/Q
                         net (fo=38, routed)          0.850     3.542    design_1_i/axi_interconnect_0/inst/u_full_interconnect/u_WD_Channel_Controller_Top/u_Queue/Queue_reg[1][0]_2
    SLICE_X2Y99          FDCE                                         f  design_1_i/axi_interconnect_0/inst/u_full_interconnect/u_WD_Channel_Controller_Top/u_Queue/Pulse_reg/CLR  (IS_INVERTED)
  -------------------------------------------------------------------    -------------------

                         (clock clk_pl_0 rise edge)
                                                     10.000    10.000 r  
    PS8_X0Y0             PS8                          0.000    10.000 r  design_1_i/zynq_ultra_ps_e_0/inst/PS8_i/PLCLK[0]
                         net (fo=1, routed)           0.140    10.140    design_1_i/zynq_ultra_ps_e_0/inst/pl_clk_unbuffered[0]
    BUFG_PS_X0Y80        BUFG_PS (Prop_BUFG_PS_I_O)
                                                      0.027    10.167 r  design_1_i/zynq_ultra_ps_e_0/inst/buffer_pl_clk_0.PL_CLK_0_BUFG/O
    X1Y1 (CLOCK_ROOT)    net (fo=1324, routed)        2.133    12.300    design_1_i/axi_interconnect_0/inst/u_full_interconnect/u_WD_Channel_Controller_Top/u_Queue/ACLK
    SLICE_X2Y99          FDCE                                         r  design_1_i/axi_interconnect_0/inst/u_full_interconnect/u_WD_Channel_Controller_Top/u_Queue/Pulse_reg/C
                         clock pessimism              0.203    12.503    
                         clock uncertainty           -0.174    12.329    
    SLICE_X2Y99          FDCE (Recov_EFF2_SLICEM_C_CLR)
                                                     -0.072    12.257    design_1_i/axi_interconnect_0/inst/u_full_interconnect/u_WD_Channel_Controller_Top/u_Queue/Pulse_reg
  -------------------------------------------------------------------
                         required time                         12.257    
                         arrival time                          -3.542    
  -------------------------------------------------------------------
                         slack                                  8.715    

Slack (MET) :             8.715ns  (required time - arrival time)
  Source:                 design_1_i/rst_ps8_0_99M/U0/ACTIVE_LOW_BSR_OUT_DFF[0].FDRE_BSR_N/C
                            (rising edge-triggered cell FDRE clocked by clk_pl_0  {rise@0.000ns fall@5.000ns period=10.000ns})
  Destination:            design_1_i/axi_interconnect_0/inst/u_full_interconnect/u_WD_Channel_Controller_Top/u_WD_HandShake/HandShake_Done_reg/CLR
                            (recovery check against rising-edge clock clk_pl_0  {rise@0.000ns fall@5.000ns period=10.000ns})
  Path Group:             **async_default**
  Path Type:              Recovery (Max at Slow Process Corner)
  Requirement:            10.000ns  (clk_pl_0 rise@10.000ns - clk_pl_0 rise@0.000ns)
  Data Path Delay:        0.946ns  (logic 0.096ns (10.147%)  route 0.850ns (89.853%))
  Logic Levels:           0  
  Clock Path Skew:        -0.093ns (DCD - SCD + CPR)
    Destination Clock Delay (DCD):    2.300ns = ( 12.300 - 10.000 ) 
    Source Clock Delay      (SCD):    2.596ns
    Clock Pessimism Removal (CPR):    0.203ns
  Clock Uncertainty:      0.174ns  ((TSJ^2 + DJ^2)^1/2) / 2 + PE
    Total System Jitter     (TSJ):    0.071ns
    Discrete Jitter          (DJ):    0.340ns
    Phase Error              (PE):    0.000ns
  Clock Net Delay (Source):      2.389ns (routing 1.302ns, distribution 1.087ns)
  Clock Net Delay (Destination): 2.133ns (routing 1.184ns, distribution 0.949ns)

    Location             Delay type                Incr(ns)  Path(ns)    Netlist Resource(s)
  -------------------------------------------------------------------    -------------------
                         (clock clk_pl_0 rise edge)
                                                      0.000     0.000 r  
    PS8_X0Y0             PS8                          0.000     0.000 r  design_1_i/zynq_ultra_ps_e_0/inst/PS8_i/PLCLK[0]
                         net (fo=1, routed)           0.178     0.178    design_1_i/zynq_ultra_ps_e_0/inst/pl_clk_unbuffered[0]
    BUFG_PS_X0Y80        BUFG_PS (Prop_BUFG_PS_I_O)
                                                      0.029     0.207 r  design_1_i/zynq_ultra_ps_e_0/inst/buffer_pl_clk_0.PL_CLK_0_BUFG/O
    X1Y1 (CLOCK_ROOT)    net (fo=1324, routed)        2.389     2.596    design_1_i/rst_ps8_0_99M/U0/slowest_sync_clk
    SLICE_X0Y112         FDRE                                         r  design_1_i/rst_ps8_0_99M/U0/ACTIVE_LOW_BSR_OUT_DFF[0].FDRE_BSR_N/C
  -------------------------------------------------------------------    -------------------
    SLICE_X0Y112         FDRE (Prop_DFF_SLICEL_C_Q)
                                                      0.096     2.692 r  design_1_i/rst_ps8_0_99M/U0/ACTIVE_LOW_BSR_OUT_DFF[0].FDRE_BSR_N/Q
                         net (fo=38, routed)          0.850     3.542    design_1_i/axi_interconnect_0/inst/u_full_interconnect/u_WD_Channel_Controller_Top/u_WD_HandShake/HandShake_Done_reg_1
    SLICE_X2Y99          FDCE                                         f  design_1_i/axi_interconnect_0/inst/u_full_interconnect/u_WD_Channel_Controller_Top/u_WD_HandShake/HandShake_Done_reg/CLR  (IS_INVERTED)
  -------------------------------------------------------------------    -------------------

                         (clock clk_pl_0 rise edge)
                                                     10.000    10.000 r  
    PS8_X0Y0             PS8                          0.000    10.000 r  design_1_i/zynq_ultra_ps_e_0/inst/PS8_i/PLCLK[0]
                         net (fo=1, routed)           0.140    10.140    design_1_i/zynq_ultra_ps_e_0/inst/pl_clk_unbuffered[0]
    BUFG_PS_X0Y80        BUFG_PS (Prop_BUFG_PS_I_O)
                                                      0.027    10.167 r  design_1_i/zynq_ultra_ps_e_0/inst/buffer_pl_clk_0.PL_CLK_0_BUFG/O
    X1Y1 (CLOCK_ROOT)    net (fo=1324, routed)        2.133    12.300    design_1_i/axi_interconnect_0/inst/u_full_interconnect/u_WD_Channel_Controller_Top/u_WD_HandShake/ACLK
    SLICE_X2Y99          FDCE                                         r  design_1_i/axi_interconnect_0/inst/u_full_interconnect/u_WD_Channel_Controller_Top/u_WD_HandShake/HandShake_Done_reg/C
                         clock pessimism              0.203    12.503    
                         clock uncertainty           -0.174    12.329    
    SLICE_X2Y99          FDCE (Recov_HFF_SLICEM_C_CLR)
                                                     -0.072    12.257    design_1_i/axi_interconnect_0/inst/u_full_interconnect/u_WD_Channel_Controller_Top/u_WD_HandShake/HandShake_Done_reg
  -------------------------------------------------------------------
                         required time                         12.257    
                         arrival time                          -3.542    
  -------------------------------------------------------------------
                         slack                                  8.715    

Slack (MET) :             8.725ns  (required time - arrival time)
  Source:                 design_1_i/rst_ps8_0_99M/U0/ACTIVE_LOW_BSR_OUT_DFF[0].FDRE_BSR_N/C
                            (rising edge-triggered cell FDRE clocked by clk_pl_0  {rise@0.000ns fall@5.000ns period=10.000ns})
  Destination:            design_1_i/axi_interconnect_0/inst/u_full_interconnect/u_WD_Channel_Controller_Top/u_Queue/Queue_reg[0][0]/CLR
                            (recovery check against rising-edge clock clk_pl_0  {rise@0.000ns fall@5.000ns period=10.000ns})
  Path Group:             **async_default**
  Path Type:              Recovery (Max at Slow Process Corner)
  Requirement:            10.000ns  (clk_pl_0 rise@10.000ns - clk_pl_0 rise@0.000ns)
  Data Path Delay:        0.931ns  (logic 0.096ns (10.310%)  route 0.835ns (89.690%))
  Logic Levels:           0  
  Clock Path Skew:        -0.098ns (DCD - SCD + CPR)
    Destination Clock Delay (DCD):    2.295ns = ( 12.295 - 10.000 ) 
    Source Clock Delay      (SCD):    2.596ns
    Clock Pessimism Removal (CPR):    0.203ns
  Clock Uncertainty:      0.174ns  ((TSJ^2 + DJ^2)^1/2) / 2 + PE
    Total System Jitter     (TSJ):    0.071ns
    Discrete Jitter          (DJ):    0.340ns
    Phase Error              (PE):    0.000ns
  Clock Net Delay (Source):      2.389ns (routing 1.302ns, distribution 1.087ns)
  Clock Net Delay (Destination): 2.128ns (routing 1.184ns, distribution 0.944ns)

    Location             Delay type                Incr(ns)  Path(ns)    Netlist Resource(s)
  -------------------------------------------------------------------    -------------------
                         (clock clk_pl_0 rise edge)
                                                      0.000     0.000 r  
    PS8_X0Y0             PS8                          0.000     0.000 r  design_1_i/zynq_ultra_ps_e_0/inst/PS8_i/PLCLK[0]
                         net (fo=1, routed)           0.178     0.178    design_1_i/zynq_ultra_ps_e_0/inst/pl_clk_unbuffered[0]
    BUFG_PS_X0Y80        BUFG_PS (Prop_BUFG_PS_I_O)
                                                      0.029     0.207 r  design_1_i/zynq_ultra_ps_e_0/inst/buffer_pl_clk_0.PL_CLK_0_BUFG/O
    X1Y1 (CLOCK_ROOT)    net (fo=1324, routed)        2.389     2.596    design_1_i/rst_ps8_0_99M/U0/slowest_sync_clk
    SLICE_X0Y112         FDRE                                         r  design_1_i/rst_ps8_0_99M/U0/ACTIVE_LOW_BSR_OUT_DFF[0].FDRE_BSR_N/C
  -------------------------------------------------------------------    -------------------
    SLICE_X0Y112         FDRE (Prop_DFF_SLICEL_C_Q)
                                                      0.096     2.692 r  design_1_i/rst_ps8_0_99M/U0/ACTIVE_LOW_BSR_OUT_DFF[0].FDRE_BSR_N/Q
                         net (fo=38, routed)          0.835     3.527    design_1_i/axi_interconnect_0/inst/u_full_interconnect/u_WD_Channel_Controller_Top/u_Queue/Queue_reg[1][0]_2
    SLICE_X3Y99          FDCE                                         f  design_1_i/axi_interconnect_0/inst/u_full_interconnect/u_WD_Channel_Controller_Top/u_Queue/Queue_reg[0][0]/CLR  (IS_INVERTED)
  -------------------------------------------------------------------    -------------------

                         (clock clk_pl_0 rise edge)
                                                     10.000    10.000 r  
    PS8_X0Y0             PS8                          0.000    10.000 r  design_1_i/zynq_ultra_ps_e_0/inst/PS8_i/PLCLK[0]
                         net (fo=1, routed)           0.140    10.140    design_1_i/zynq_ultra_ps_e_0/inst/pl_clk_unbuffered[0]
    BUFG_PS_X0Y80        BUFG_PS (Prop_BUFG_PS_I_O)
                                                      0.027    10.167 r  design_1_i/zynq_ultra_ps_e_0/inst/buffer_pl_clk_0.PL_CLK_0_BUFG/O
    X1Y1 (CLOCK_ROOT)    net (fo=1324, routed)        2.128    12.295    design_1_i/axi_interconnect_0/inst/u_full_interconnect/u_WD_Channel_Controller_Top/u_Queue/ACLK
    SLICE_X3Y99          FDCE                                         r  design_1_i/axi_interconnect_0/inst/u_full_interconnect/u_WD_Channel_Controller_Top/u_Queue/Queue_reg[0][0]/C
                         clock pessimism              0.203    12.498    
                         clock uncertainty           -0.174    12.324    
    SLICE_X3Y99          FDCE (Recov_CFF_SLICEL_C_CLR)
                                                     -0.072    12.252    design_1_i/axi_interconnect_0/inst/u_full_interconnect/u_WD_Channel_Controller_Top/u_Queue/Queue_reg[0][0]
  -------------------------------------------------------------------
                         required time                         12.252    
                         arrival time                          -3.527    
  -------------------------------------------------------------------
                         slack                                  8.725    

Slack (MET) :             8.725ns  (required time - arrival time)
  Source:                 design_1_i/rst_ps8_0_99M/U0/ACTIVE_LOW_BSR_OUT_DFF[0].FDRE_BSR_N/C
                            (rising edge-triggered cell FDRE clocked by clk_pl_0  {rise@0.000ns fall@5.000ns period=10.000ns})
  Destination:            design_1_i/axi_interconnect_0/inst/u_full_interconnect/u_WD_Channel_Controller_Top/u_Queue/Queue_reg[1][0]/CLR
                            (recovery check against rising-edge clock clk_pl_0  {rise@0.000ns fall@5.000ns period=10.000ns})
  Path Group:             **async_default**
  Path Type:              Recovery (Max at Slow Process Corner)
  Requirement:            10.000ns  (clk_pl_0 rise@10.000ns - clk_pl_0 rise@0.000ns)
  Data Path Delay:        0.931ns  (logic 0.096ns (10.310%)  route 0.835ns (89.690%))
  Logic Levels:           0  
  Clock Path Skew:        -0.098ns (DCD - SCD + CPR)
    Destination Clock Delay (DCD):    2.295ns = ( 12.295 - 10.000 ) 
    Source Clock Delay      (SCD):    2.596ns
    Clock Pessimism Removal (CPR):    0.203ns
  Clock Uncertainty:      0.174ns  ((TSJ^2 + DJ^2)^1/2) / 2 + PE
    Total System Jitter     (TSJ):    0.071ns
    Discrete Jitter          (DJ):    0.340ns
    Phase Error              (PE):    0.000ns
  Clock Net Delay (Source):      2.389ns (routing 1.302ns, distribution 1.087ns)
  Clock Net Delay (Destination): 2.128ns (routing 1.184ns, distribution 0.944ns)

    Location             Delay type                Incr(ns)  Path(ns)    Netlist Resource(s)
  -------------------------------------------------------------------    -------------------
                         (clock clk_pl_0 rise edge)
                                                      0.000     0.000 r  
    PS8_X0Y0             PS8                          0.000     0.000 r  design_1_i/zynq_ultra_ps_e_0/inst/PS8_i/PLCLK[0]
                         net (fo=1, routed)           0.178     0.178    design_1_i/zynq_ultra_ps_e_0/inst/pl_clk_unbuffered[0]
    BUFG_PS_X0Y80        BUFG_PS (Prop_BUFG_PS_I_O)
                                                      0.029     0.207 r  design_1_i/zynq_ultra_ps_e_0/inst/buffer_pl_clk_0.PL_CLK_0_BUFG/O
    X1Y1 (CLOCK_ROOT)    net (fo=1324, routed)        2.389     2.596    design_1_i/rst_ps8_0_99M/U0/slowest_sync_clk
    SLICE_X0Y112         FDRE                                         r  design_1_i/rst_ps8_0_99M/U0/ACTIVE_LOW_BSR_OUT_DFF[0].FDRE_BSR_N/C
  -------------------------------------------------------------------    -------------------
    SLICE_X0Y112         FDRE (Prop_DFF_SLICEL_C_Q)
                                                      0.096     2.692 r  design_1_i/rst_ps8_0_99M/U0/ACTIVE_LOW_BSR_OUT_DFF[0].FDRE_BSR_N/Q
                         net (fo=38, routed)          0.835     3.527    design_1_i/axi_interconnect_0/inst/u_full_interconnect/u_WD_Channel_Controller_Top/u_Queue/Queue_reg[1][0]_2
    SLICE_X3Y99          FDCE                                         f  design_1_i/axi_interconnect_0/inst/u_full_interconnect/u_WD_Channel_Controller_Top/u_Queue/Queue_reg[1][0]/CLR  (IS_INVERTED)
  -------------------------------------------------------------------    -------------------

                         (clock clk_pl_0 rise edge)
                                                     10.000    10.000 r  
    PS8_X0Y0             PS8                          0.000    10.000 r  design_1_i/zynq_ultra_ps_e_0/inst/PS8_i/PLCLK[0]
                         net (fo=1, routed)           0.140    10.140    design_1_i/zynq_ultra_ps_e_0/inst/pl_clk_unbuffered[0]
    BUFG_PS_X0Y80        BUFG_PS (Prop_BUFG_PS_I_O)
                                                      0.027    10.167 r  design_1_i/zynq_ultra_ps_e_0/inst/buffer_pl_clk_0.PL_CLK_0_BUFG/O
    X1Y1 (CLOCK_ROOT)    net (fo=1324, routed)        2.128    12.295    design_1_i/axi_interconnect_0/inst/u_full_interconnect/u_WD_Channel_Controller_Top/u_Queue/ACLK
    SLICE_X3Y99          FDCE                                         r  design_1_i/axi_interconnect_0/inst/u_full_interconnect/u_WD_Channel_Controller_Top/u_Queue/Queue_reg[1][0]/C
                         clock pessimism              0.203    12.498    
                         clock uncertainty           -0.174    12.324    
    SLICE_X3Y99          FDCE (Recov_DFF_SLICEL_C_CLR)
                                                     -0.072    12.252    design_1_i/axi_interconnect_0/inst/u_full_interconnect/u_WD_Channel_Controller_Top/u_Queue/Queue_reg[1][0]
  -------------------------------------------------------------------
                         required time                         12.252    
                         arrival time                          -3.527    
  -------------------------------------------------------------------
                         slack                                  8.725    

Slack (MET) :             8.725ns  (required time - arrival time)
  Source:                 design_1_i/rst_ps8_0_99M/U0/ACTIVE_LOW_BSR_OUT_DFF[0].FDRE_BSR_N/C
                            (rising edge-triggered cell FDRE clocked by clk_pl_0  {rise@0.000ns fall@5.000ns period=10.000ns})
  Destination:            design_1_i/axi_interconnect_0/inst/u_full_interconnect/u_WD_Channel_Controller_Top/u_Queue/Read_Pointer_reg[1]/CLR
                            (recovery check against rising-edge clock clk_pl_0  {rise@0.000ns fall@5.000ns period=10.000ns})
  Path Group:             **async_default**
  Path Type:              Recovery (Max at Slow Process Corner)
  Requirement:            10.000ns  (clk_pl_0 rise@10.000ns - clk_pl_0 rise@0.000ns)
  Data Path Delay:        0.931ns  (logic 0.096ns (10.310%)  route 0.835ns (89.690%))
  Logic Levels:           0  
  Clock Path Skew:        -0.098ns (DCD - SCD + CPR)
    Destination Clock Delay (DCD):    2.295ns = ( 12.295 - 10.000 ) 
    Source Clock Delay      (SCD):    2.596ns
    Clock Pessimism Removal (CPR):    0.203ns
  Clock Uncertainty:      0.174ns  ((TSJ^2 + DJ^2)^1/2) / 2 + PE
    Total System Jitter     (TSJ):    0.071ns
    Discrete Jitter          (DJ):    0.340ns
    Phase Error              (PE):    0.000ns
  Clock Net Delay (Source):      2.389ns (routing 1.302ns, distribution 1.087ns)
  Clock Net Delay (Destination): 2.128ns (routing 1.184ns, distribution 0.944ns)

    Location             Delay type                Incr(ns)  Path(ns)    Netlist Resource(s)
  -------------------------------------------------------------------    -------------------
                         (clock clk_pl_0 rise edge)
                                                      0.000     0.000 r  
    PS8_X0Y0             PS8                          0.000     0.000 r  design_1_i/zynq_ultra_ps_e_0/inst/PS8_i/PLCLK[0]
                         net (fo=1, routed)           0.178     0.178    design_1_i/zynq_ultra_ps_e_0/inst/pl_clk_unbuffered[0]
    BUFG_PS_X0Y80        BUFG_PS (Prop_BUFG_PS_I_O)
                                                      0.029     0.207 r  design_1_i/zynq_ultra_ps_e_0/inst/buffer_pl_clk_0.PL_CLK_0_BUFG/O
    X1Y1 (CLOCK_ROOT)    net (fo=1324, routed)        2.389     2.596    design_1_i/rst_ps8_0_99M/U0/slowest_sync_clk
    SLICE_X0Y112         FDRE                                         r  design_1_i/rst_ps8_0_99M/U0/ACTIVE_LOW_BSR_OUT_DFF[0].FDRE_BSR_N/C
  -------------------------------------------------------------------    -------------------
    SLICE_X0Y112         FDRE (Prop_DFF_SLICEL_C_Q)
                                                      0.096     2.692 r  design_1_i/rst_ps8_0_99M/U0/ACTIVE_LOW_BSR_OUT_DFF[0].FDRE_BSR_N/Q
                         net (fo=38, routed)          0.835     3.527    design_1_i/axi_interconnect_0/inst/u_full_interconnect/u_WD_Channel_Controller_Top/u_Queue/Queue_reg[1][0]_2
    SLICE_X3Y99          FDCE                                         f  design_1_i/axi_interconnect_0/inst/u_full_interconnect/u_WD_Channel_Controller_Top/u_Queue/Read_Pointer_reg[1]/CLR  (IS_INVERTED)
  -------------------------------------------------------------------    -------------------

                         (clock clk_pl_0 rise edge)
                                                     10.000    10.000 r  
    PS8_X0Y0             PS8                          0.000    10.000 r  design_1_i/zynq_ultra_ps_e_0/inst/PS8_i/PLCLK[0]
                         net (fo=1, routed)           0.140    10.140    design_1_i/zynq_ultra_ps_e_0/inst/pl_clk_unbuffered[0]
    BUFG_PS_X0Y80        BUFG_PS (Prop_BUFG_PS_I_O)
                                                      0.027    10.167 r  design_1_i/zynq_ultra_ps_e_0/inst/buffer_pl_clk_0.PL_CLK_0_BUFG/O
    X1Y1 (CLOCK_ROOT)    net (fo=1324, routed)        2.128    12.295    design_1_i/axi_interconnect_0/inst/u_full_interconnect/u_WD_Channel_Controller_Top/u_Queue/ACLK
    SLICE_X3Y99          FDCE                                         r  design_1_i/axi_interconnect_0/inst/u_full_interconnect/u_WD_Channel_Controller_Top/u_Queue/Read_Pointer_reg[1]/C
                         clock pessimism              0.203    12.498    
                         clock uncertainty           -0.174    12.324    
    SLICE_X3Y99          FDCE (Recov_DFF2_SLICEL_C_CLR)
                                                     -0.072    12.252    design_1_i/axi_interconnect_0/inst/u_full_interconnect/u_WD_Channel_Controller_Top/u_Queue/Read_Pointer_reg[1]
  -------------------------------------------------------------------
                         required time                         12.252    
                         arrival time                          -3.527    
  -------------------------------------------------------------------
                         slack                                  8.725    

Slack (MET) :             8.729ns  (required time - arrival time)
  Source:                 design_1_i/rst_ps8_0_99M/U0/ACTIVE_LOW_BSR_OUT_DFF[0].FDRE_BSR_N/C
                            (rising edge-triggered cell FDRE clocked by clk_pl_0  {rise@0.000ns fall@5.000ns period=10.000ns})
  Destination:            design_1_i/axi_interconnect_0/inst/u_full_interconnect/u_WD_Channel_Controller_Top/u_Queue/Write_Pointer_reg[0]/CLR
                            (recovery check against rising-edge clock clk_pl_0  {rise@0.000ns fall@5.000ns period=10.000ns})
  Path Group:             **async_default**
  Path Type:              Recovery (Max at Slow Process Corner)
  Requirement:            10.000ns  (clk_pl_0 rise@10.000ns - clk_pl_0 rise@0.000ns)
  Data Path Delay:        0.931ns  (logic 0.096ns (10.310%)  route 0.835ns (89.690%))
  Logic Levels:           0  
  Clock Path Skew:        -0.094ns (DCD - SCD + CPR)
    Destination Clock Delay (DCD):    2.299ns = ( 12.299 - 10.000 ) 
    Source Clock Delay      (SCD):    2.596ns
    Clock Pessimism Removal (CPR):    0.203ns
  Clock Uncertainty:      0.174ns  ((TSJ^2 + DJ^2)^1/2) / 2 + PE
    Total System Jitter     (TSJ):    0.071ns
    Discrete Jitter          (DJ):    0.340ns
    Phase Error              (PE):    0.000ns
  Clock Net Delay (Source):      2.389ns (routing 1.302ns, distribution 1.087ns)
  Clock Net Delay (Destination): 2.132ns (routing 1.184ns, distribution 0.948ns)

    Location             Delay type                Incr(ns)  Path(ns)    Netlist Resource(s)
  -------------------------------------------------------------------    -------------------
                         (clock clk_pl_0 rise edge)
                                                      0.000     0.000 r  
    PS8_X0Y0             PS8                          0.000     0.000 r  design_1_i/zynq_ultra_ps_e_0/inst/PS8_i/PLCLK[0]
                         net (fo=1, routed)           0.178     0.178    design_1_i/zynq_ultra_ps_e_0/inst/pl_clk_unbuffered[0]
    BUFG_PS_X0Y80        BUFG_PS (Prop_BUFG_PS_I_O)
                                                      0.029     0.207 r  design_1_i/zynq_ultra_ps_e_0/inst/buffer_pl_clk_0.PL_CLK_0_BUFG/O
    X1Y1 (CLOCK_ROOT)    net (fo=1324, routed)        2.389     2.596    design_1_i/rst_ps8_0_99M/U0/slowest_sync_clk
    SLICE_X0Y112         FDRE                                         r  design_1_i/rst_ps8_0_99M/U0/ACTIVE_LOW_BSR_OUT_DFF[0].FDRE_BSR_N/C
  -------------------------------------------------------------------    -------------------
    SLICE_X0Y112         FDRE (Prop_DFF_SLICEL_C_Q)
                                                      0.096     2.692 r  design_1_i/rst_ps8_0_99M/U0/ACTIVE_LOW_BSR_OUT_DFF[0].FDRE_BSR_N/Q
                         net (fo=38, routed)          0.835     3.527    design_1_i/axi_interconnect_0/inst/u_full_interconnect/u_WD_Channel_Controller_Top/u_Queue/Queue_reg[1][0]_2
    SLICE_X3Y99          FDCE                                         f  design_1_i/axi_interconnect_0/inst/u_full_interconnect/u_WD_Channel_Controller_Top/u_Queue/Write_Pointer_reg[0]/CLR  (IS_INVERTED)
  -------------------------------------------------------------------    -------------------

                         (clock clk_pl_0 rise edge)
                                                     10.000    10.000 r  
    PS8_X0Y0             PS8                          0.000    10.000 r  design_1_i/zynq_ultra_ps_e_0/inst/PS8_i/PLCLK[0]
                         net (fo=1, routed)           0.140    10.140    design_1_i/zynq_ultra_ps_e_0/inst/pl_clk_unbuffered[0]
    BUFG_PS_X0Y80        BUFG_PS (Prop_BUFG_PS_I_O)
                                                      0.027    10.167 r  design_1_i/zynq_ultra_ps_e_0/inst/buffer_pl_clk_0.PL_CLK_0_BUFG/O
    X1Y1 (CLOCK_ROOT)    net (fo=1324, routed)        2.132    12.299    design_1_i/axi_interconnect_0/inst/u_full_interconnect/u_WD_Channel_Controller_Top/u_Queue/ACLK
    SLICE_X3Y99          FDCE                                         r  design_1_i/axi_interconnect_0/inst/u_full_interconnect/u_WD_Channel_Controller_Top/u_Queue/Write_Pointer_reg[0]/C
                         clock pessimism              0.203    12.502    
                         clock uncertainty           -0.174    12.328    
    SLICE_X3Y99          FDCE (Recov_GFF_SLICEL_C_CLR)
                                                     -0.072    12.256    design_1_i/axi_interconnect_0/inst/u_full_interconnect/u_WD_Channel_Controller_Top/u_Queue/Write_Pointer_reg[0]
  -------------------------------------------------------------------
                         required time                         12.256    
                         arrival time                          -3.527    
  -------------------------------------------------------------------
                         slack                                  8.729    

Slack (MET) :             8.729ns  (required time - arrival time)
  Source:                 design_1_i/rst_ps8_0_99M/U0/ACTIVE_LOW_BSR_OUT_DFF[0].FDRE_BSR_N/C
                            (rising edge-triggered cell FDRE clocked by clk_pl_0  {rise@0.000ns fall@5.000ns period=10.000ns})
  Destination:            design_1_i/axi_interconnect_0/inst/u_full_interconnect/u_WD_Channel_Controller_Top/u_Queue/Write_Pointer_reg[1]/CLR
                            (recovery check against rising-edge clock clk_pl_0  {rise@0.000ns fall@5.000ns period=10.000ns})
  Path Group:             **async_default**
  Path Type:              Recovery (Max at Slow Process Corner)
  Requirement:            10.000ns  (clk_pl_0 rise@10.000ns - clk_pl_0 rise@0.000ns)
  Data Path Delay:        0.931ns  (logic 0.096ns (10.310%)  route 0.835ns (89.690%))
  Logic Levels:           0  
  Clock Path Skew:        -0.094ns (DCD - SCD + CPR)
    Destination Clock Delay (DCD):    2.299ns = ( 12.299 - 10.000 ) 
    Source Clock Delay      (SCD):    2.596ns
    Clock Pessimism Removal (CPR):    0.203ns
  Clock Uncertainty:      0.174ns  ((TSJ^2 + DJ^2)^1/2) / 2 + PE
    Total System Jitter     (TSJ):    0.071ns
    Discrete Jitter          (DJ):    0.340ns
    Phase Error              (PE):    0.000ns
  Clock Net Delay (Source):      2.389ns (routing 1.302ns, distribution 1.087ns)
  Clock Net Delay (Destination): 2.132ns (routing 1.184ns, distribution 0.948ns)

    Location             Delay type                Incr(ns)  Path(ns)    Netlist Resource(s)
  -------------------------------------------------------------------    -------------------
                         (clock clk_pl_0 rise edge)
                                                      0.000     0.000 r  
    PS8_X0Y0             PS8                          0.000     0.000 r  design_1_i/zynq_ultra_ps_e_0/inst/PS8_i/PLCLK[0]
                         net (fo=1, routed)           0.178     0.178    design_1_i/zynq_ultra_ps_e_0/inst/pl_clk_unbuffered[0]
    BUFG_PS_X0Y80        BUFG_PS (Prop_BUFG_PS_I_O)
                                                      0.029     0.207 r  design_1_i/zynq_ultra_ps_e_0/inst/buffer_pl_clk_0.PL_CLK_0_BUFG/O
    X1Y1 (CLOCK_ROOT)    net (fo=1324, routed)        2.389     2.596    design_1_i/rst_ps8_0_99M/U0/slowest_sync_clk
    SLICE_X0Y112         FDRE                                         r  design_1_i/rst_ps8_0_99M/U0/ACTIVE_LOW_BSR_OUT_DFF[0].FDRE_BSR_N/C
  -------------------------------------------------------------------    -------------------
    SLICE_X0Y112         FDRE (Prop_DFF_SLICEL_C_Q)
                                                      0.096     2.692 r  design_1_i/rst_ps8_0_99M/U0/ACTIVE_LOW_BSR_OUT_DFF[0].FDRE_BSR_N/Q
                         net (fo=38, routed)          0.835     3.527    design_1_i/axi_interconnect_0/inst/u_full_interconnect/u_WD_Channel_Controller_Top/u_Queue/Queue_reg[1][0]_2
    SLICE_X3Y99          FDCE                                         f  design_1_i/axi_interconnect_0/inst/u_full_interconnect/u_WD_Channel_Controller_Top/u_Queue/Write_Pointer_reg[1]/CLR  (IS_INVERTED)
  -------------------------------------------------------------------    -------------------

                         (clock clk_pl_0 rise edge)
                                                     10.000    10.000 r  
    PS8_X0Y0             PS8                          0.000    10.000 r  design_1_i/zynq_ultra_ps_e_0/inst/PS8_i/PLCLK[0]
                         net (fo=1, routed)           0.140    10.140    design_1_i/zynq_ultra_ps_e_0/inst/pl_clk_unbuffered[0]
    BUFG_PS_X0Y80        BUFG_PS (Prop_BUFG_PS_I_O)
                                                      0.027    10.167 r  design_1_i/zynq_ultra_ps_e_0/inst/buffer_pl_clk_0.PL_CLK_0_BUFG/O
    X1Y1 (CLOCK_ROOT)    net (fo=1324, routed)        2.132    12.299    design_1_i/axi_interconnect_0/inst/u_full_interconnect/u_WD_Channel_Controller_Top/u_Queue/ACLK
    SLICE_X3Y99          FDCE                                         r  design_1_i/axi_interconnect_0/inst/u_full_interconnect/u_WD_Channel_Controller_Top/u_Queue/Write_Pointer_reg[1]/C
                         clock pessimism              0.203    12.502    
                         clock uncertainty           -0.174    12.328    
    SLICE_X3Y99          FDCE (Recov_GFF2_SLICEL_C_CLR)
                                                     -0.072    12.256    design_1_i/axi_interconnect_0/inst/u_full_interconnect/u_WD_Channel_Controller_Top/u_Queue/Write_Pointer_reg[1]
  -------------------------------------------------------------------
                         required time                         12.256    
                         arrival time                          -3.527    
  -------------------------------------------------------------------
                         slack                                  8.729    

Slack (MET) :             8.747ns  (required time - arrival time)
  Source:                 design_1_i/rst_ps8_0_99M/U0/ACTIVE_LOW_BSR_OUT_DFF[0].FDRE_BSR_N/C
                            (rising edge-triggered cell FDRE clocked by clk_pl_0  {rise@0.000ns fall@5.000ns period=10.000ns})
  Destination:            design_1_i/axi_interconnect_0/inst/u_full_interconnect/Read_controller/FSM_onehot_curr_state_slave2_reg[0]/PRE
                            (recovery check against rising-edge clock clk_pl_0  {rise@0.000ns fall@5.000ns period=10.000ns})
  Path Group:             **async_default**
  Path Type:              Recovery (Max at Slow Process Corner)
  Requirement:            10.000ns  (clk_pl_0 rise@10.000ns - clk_pl_0 rise@0.000ns)
  Data Path Delay:        0.903ns  (logic 0.096ns (10.626%)  route 0.807ns (89.374%))
  Logic Levels:           0  
  Clock Path Skew:        -0.104ns (DCD - SCD + CPR)
    Destination Clock Delay (DCD):    2.289ns = ( 12.289 - 10.000 ) 
    Source Clock Delay      (SCD):    2.596ns
    Clock Pessimism Removal (CPR):    0.203ns
  Clock Uncertainty:      0.174ns  ((TSJ^2 + DJ^2)^1/2) / 2 + PE
    Total System Jitter     (TSJ):    0.071ns
    Discrete Jitter          (DJ):    0.340ns
    Phase Error              (PE):    0.000ns
  Clock Net Delay (Source):      2.389ns (routing 1.302ns, distribution 1.087ns)
  Clock Net Delay (Destination): 2.122ns (routing 1.184ns, distribution 0.938ns)

    Location             Delay type                Incr(ns)  Path(ns)    Netlist Resource(s)
  -------------------------------------------------------------------    -------------------
                         (clock clk_pl_0 rise edge)
                                                      0.000     0.000 r  
    PS8_X0Y0             PS8                          0.000     0.000 r  design_1_i/zynq_ultra_ps_e_0/inst/PS8_i/PLCLK[0]
                         net (fo=1, routed)           0.178     0.178    design_1_i/zynq_ultra_ps_e_0/inst/pl_clk_unbuffered[0]
    BUFG_PS_X0Y80        BUFG_PS (Prop_BUFG_PS_I_O)
                                                      0.029     0.207 r  design_1_i/zynq_ultra_ps_e_0/inst/buffer_pl_clk_0.PL_CLK_0_BUFG/O
    X1Y1 (CLOCK_ROOT)    net (fo=1324, routed)        2.389     2.596    design_1_i/rst_ps8_0_99M/U0/slowest_sync_clk
    SLICE_X0Y112         FDRE                                         r  design_1_i/rst_ps8_0_99M/U0/ACTIVE_LOW_BSR_OUT_DFF[0].FDRE_BSR_N/C
  -------------------------------------------------------------------    -------------------
    SLICE_X0Y112         FDRE (Prop_DFF_SLICEL_C_Q)
                                                      0.096     2.692 r  design_1_i/rst_ps8_0_99M/U0/ACTIVE_LOW_BSR_OUT_DFF[0].FDRE_BSR_N/Q
                         net (fo=38, routed)          0.807     3.499    design_1_i/axi_interconnect_0/inst/u_full_interconnect/Read_controller/FSM_onehot_curr_state_slave2_reg[0]_0
    SLICE_X4Y103         FDPE                                         f  design_1_i/axi_interconnect_0/inst/u_full_interconnect/Read_controller/FSM_onehot_curr_state_slave2_reg[0]/PRE  (IS_INVERTED)
  -------------------------------------------------------------------    -------------------

                         (clock clk_pl_0 rise edge)
                                                     10.000    10.000 r  
    PS8_X0Y0             PS8                          0.000    10.000 r  design_1_i/zynq_ultra_ps_e_0/inst/PS8_i/PLCLK[0]
                         net (fo=1, routed)           0.140    10.140    design_1_i/zynq_ultra_ps_e_0/inst/pl_clk_unbuffered[0]
    BUFG_PS_X0Y80        BUFG_PS (Prop_BUFG_PS_I_O)
                                                      0.027    10.167 r  design_1_i/zynq_ultra_ps_e_0/inst/buffer_pl_clk_0.PL_CLK_0_BUFG/O
    X1Y1 (CLOCK_ROOT)    net (fo=1324, routed)        2.122    12.289    design_1_i/axi_interconnect_0/inst/u_full_interconnect/Read_controller/ACLK
    SLICE_X4Y103         FDPE                                         r  design_1_i/axi_interconnect_0/inst/u_full_interconnect/Read_controller/FSM_onehot_curr_state_slave2_reg[0]/C
                         clock pessimism              0.203    12.492    
                         clock uncertainty           -0.174    12.318    
    SLICE_X4Y103         FDPE (Recov_CFF2_SLICEM_C_PRE)
                                                     -0.072    12.246    design_1_i/axi_interconnect_0/inst/u_full_interconnect/Read_controller/FSM_onehot_curr_state_slave2_reg[0]
  -------------------------------------------------------------------
                         required time                         12.246    
                         arrival time                          -3.499    
  -------------------------------------------------------------------
                         slack                                  8.747    





Min Delay Paths
--------------------------------------------------------------------------------------
Slack (MET) :             0.095ns  (arrival time - required time)
  Source:                 design_1_i/rst_ps8_0_99M/U0/ACTIVE_LOW_BSR_OUT_DFF[0].FDRE_BSR_N/C
                            (rising edge-triggered cell FDRE clocked by clk_pl_0  {rise@0.000ns fall@5.000ns period=10.000ns})
  Destination:            design_1_i/axi_interconnect_0/inst/u_full_interconnect/u_AR_Channel_Controller_Top/u_Read_Arbiter/Selected_Master_reg[0]_rep__0/CLR
                            (removal check against rising-edge clock clk_pl_0  {rise@0.000ns fall@5.000ns period=10.000ns})
  Path Group:             **async_default**
  Path Type:              Removal (Min at Fast Process Corner)
  Requirement:            0.000ns  (clk_pl_0 rise@0.000ns - clk_pl_0 rise@0.000ns)
  Data Path Delay:        0.131ns  (logic 0.039ns (29.661%)  route 0.092ns (70.339%))
  Logic Levels:           0  
  Clock Path Skew:        0.057ns (DCD - SCD - CPR)
    Destination Clock Delay (DCD):    1.503ns
    Source Clock Delay      (SCD):    1.314ns
    Clock Pessimism Removal (CPR):    0.132ns
  Clock Net Delay (Source):      1.203ns (routing 0.658ns, distribution 0.545ns)
  Clock Net Delay (Destination): 1.365ns (routing 0.738ns, distribution 0.627ns)

    Location             Delay type                Incr(ns)  Path(ns)    Netlist Resource(s)
  -------------------------------------------------------------------    -------------------
                         (clock clk_pl_0 rise edge)
                                                      0.000     0.000 r  
    PS8_X0Y0             PS8                          0.000     0.000 r  design_1_i/zynq_ultra_ps_e_0/inst/PS8_i/PLCLK[0]
                         net (fo=1, routed)           0.094     0.094    design_1_i/zynq_ultra_ps_e_0/inst/pl_clk_unbuffered[0]
    BUFG_PS_X0Y80        BUFG_PS (Prop_BUFG_PS_I_O)
                                                      0.017     0.111 r  design_1_i/zynq_ultra_ps_e_0/inst/buffer_pl_clk_0.PL_CLK_0_BUFG/O
    X1Y1 (CLOCK_ROOT)    net (fo=1324, routed)        1.203     1.314    design_1_i/rst_ps8_0_99M/U0/slowest_sync_clk
    SLICE_X0Y112         FDRE                                         r  design_1_i/rst_ps8_0_99M/U0/ACTIVE_LOW_BSR_OUT_DFF[0].FDRE_BSR_N/C
  -------------------------------------------------------------------    -------------------
    SLICE_X0Y112         FDRE (Prop_DFF_SLICEL_C_Q)
                                                      0.039     1.353 r  design_1_i/rst_ps8_0_99M/U0/ACTIVE_LOW_BSR_OUT_DFF[0].FDRE_BSR_N/Q
                         net (fo=38, routed)          0.092     1.445    design_1_i/axi_interconnect_0/inst/u_full_interconnect/u_AR_Channel_Controller_Top/u_Read_Arbiter/Selected_Master_reg[0]_rep__1_0
    SLICE_X3Y112         FDCE                                         f  design_1_i/axi_interconnect_0/inst/u_full_interconnect/u_AR_Channel_Controller_Top/u_Read_Arbiter/Selected_Master_reg[0]_rep__0/CLR  (IS_INVERTED)
  -------------------------------------------------------------------    -------------------

                         (clock clk_pl_0 rise edge)
                                                      0.000     0.000 r  
    PS8_X0Y0             PS8                          0.000     0.000 r  design_1_i/zynq_ultra_ps_e_0/inst/PS8_i/PLCLK[0]
                         net (fo=1, routed)           0.120     0.120    design_1_i/zynq_ultra_ps_e_0/inst/pl_clk_unbuffered[0]
    BUFG_PS_X0Y80        BUFG_PS (Prop_BUFG_PS_I_O)
                                                      0.018     0.138 r  design_1_i/zynq_ultra_ps_e_0/inst/buffer_pl_clk_0.PL_CLK_0_BUFG/O
    X1Y1 (CLOCK_ROOT)    net (fo=1324, routed)        1.365     1.503    design_1_i/axi_interconnect_0/inst/u_full_interconnect/u_AR_Channel_Controller_Top/u_Read_Arbiter/ACLK
    SLICE_X3Y112         FDCE                                         r  design_1_i/axi_interconnect_0/inst/u_full_interconnect/u_AR_Channel_Controller_Top/u_Read_Arbiter/Selected_Master_reg[0]_rep__0/C
                         clock pessimism             -0.132     1.371    
    SLICE_X3Y112         FDCE (Remov_EFF_SLICEL_C_CLR)
                                                     -0.020     1.351    design_1_i/axi_interconnect_0/inst/u_full_interconnect/u_AR_Channel_Controller_Top/u_Read_Arbiter/Selected_Master_reg[0]_rep__0
  -------------------------------------------------------------------
                         required time                         -1.351    
                         arrival time                           1.445    
  -------------------------------------------------------------------
                         slack                                  0.095    

Slack (MET) :             0.095ns  (arrival time - required time)
  Source:                 design_1_i/rst_ps8_0_99M/U0/ACTIVE_LOW_BSR_OUT_DFF[0].FDRE_BSR_N/C
                            (rising edge-triggered cell FDRE clocked by clk_pl_0  {rise@0.000ns fall@5.000ns period=10.000ns})
  Destination:            design_1_i/axi_interconnect_0/inst/u_full_interconnect/u_AR_Channel_Controller_Top/u_Read_Arbiter/Selected_Master_reg[0]_rep__1/CLR
                            (removal check against rising-edge clock clk_pl_0  {rise@0.000ns fall@5.000ns period=10.000ns})
  Path Group:             **async_default**
  Path Type:              Removal (Min at Fast Process Corner)
  Requirement:            0.000ns  (clk_pl_0 rise@0.000ns - clk_pl_0 rise@0.000ns)
  Data Path Delay:        0.131ns  (logic 0.039ns (29.661%)  route 0.092ns (70.339%))
  Logic Levels:           0  
  Clock Path Skew:        0.057ns (DCD - SCD - CPR)
    Destination Clock Delay (DCD):    1.503ns
    Source Clock Delay      (SCD):    1.314ns
    Clock Pessimism Removal (CPR):    0.132ns
  Clock Net Delay (Source):      1.203ns (routing 0.658ns, distribution 0.545ns)
  Clock Net Delay (Destination): 1.365ns (routing 0.738ns, distribution 0.627ns)

    Location             Delay type                Incr(ns)  Path(ns)    Netlist Resource(s)
  -------------------------------------------------------------------    -------------------
                         (clock clk_pl_0 rise edge)
                                                      0.000     0.000 r  
    PS8_X0Y0             PS8                          0.000     0.000 r  design_1_i/zynq_ultra_ps_e_0/inst/PS8_i/PLCLK[0]
                         net (fo=1, routed)           0.094     0.094    design_1_i/zynq_ultra_ps_e_0/inst/pl_clk_unbuffered[0]
    BUFG_PS_X0Y80        BUFG_PS (Prop_BUFG_PS_I_O)
                                                      0.017     0.111 r  design_1_i/zynq_ultra_ps_e_0/inst/buffer_pl_clk_0.PL_CLK_0_BUFG/O
    X1Y1 (CLOCK_ROOT)    net (fo=1324, routed)        1.203     1.314    design_1_i/rst_ps8_0_99M/U0/slowest_sync_clk
    SLICE_X0Y112         FDRE                                         r  design_1_i/rst_ps8_0_99M/U0/ACTIVE_LOW_BSR_OUT_DFF[0].FDRE_BSR_N/C
  -------------------------------------------------------------------    -------------------
    SLICE_X0Y112         FDRE (Prop_DFF_SLICEL_C_Q)
                                                      0.039     1.353 r  design_1_i/rst_ps8_0_99M/U0/ACTIVE_LOW_BSR_OUT_DFF[0].FDRE_BSR_N/Q
                         net (fo=38, routed)          0.092     1.445    design_1_i/axi_interconnect_0/inst/u_full_interconnect/u_AR_Channel_Controller_Top/u_Read_Arbiter/Selected_Master_reg[0]_rep__1_0
    SLICE_X3Y112         FDCE                                         f  design_1_i/axi_interconnect_0/inst/u_full_interconnect/u_AR_Channel_Controller_Top/u_Read_Arbiter/Selected_Master_reg[0]_rep__1/CLR  (IS_INVERTED)
  -------------------------------------------------------------------    -------------------

                         (clock clk_pl_0 rise edge)
                                                      0.000     0.000 r  
    PS8_X0Y0             PS8                          0.000     0.000 r  design_1_i/zynq_ultra_ps_e_0/inst/PS8_i/PLCLK[0]
                         net (fo=1, routed)           0.120     0.120    design_1_i/zynq_ultra_ps_e_0/inst/pl_clk_unbuffered[0]
    BUFG_PS_X0Y80        BUFG_PS (Prop_BUFG_PS_I_O)
                                                      0.018     0.138 r  design_1_i/zynq_ultra_ps_e_0/inst/buffer_pl_clk_0.PL_CLK_0_BUFG/O
    X1Y1 (CLOCK_ROOT)    net (fo=1324, routed)        1.365     1.503    design_1_i/axi_interconnect_0/inst/u_full_interconnect/u_AR_Channel_Controller_Top/u_Read_Arbiter/ACLK
    SLICE_X3Y112         FDCE                                         r  design_1_i/axi_interconnect_0/inst/u_full_interconnect/u_AR_Channel_Controller_Top/u_Read_Arbiter/Selected_Master_reg[0]_rep__1/C
                         clock pessimism             -0.132     1.371    
    SLICE_X3Y112         FDCE (Remov_EFF2_SLICEL_C_CLR)
                                                     -0.020     1.351    design_1_i/axi_interconnect_0/inst/u_full_interconnect/u_AR_Channel_Controller_Top/u_Read_Arbiter/Selected_Master_reg[0]_rep__1
  -------------------------------------------------------------------
                         required time                         -1.351    
                         arrival time                           1.445    
  -------------------------------------------------------------------
                         slack                                  0.095    

Slack (MET) :             0.208ns  (arrival time - required time)
  Source:                 design_1_i/rst_ps8_0_99M/U0/ACTIVE_LOW_BSR_OUT_DFF[0].FDRE_BSR_N/C
                            (rising edge-triggered cell FDRE clocked by clk_pl_0  {rise@0.000ns fall@5.000ns period=10.000ns})
  Destination:            design_1_i/axi_interconnect_0/inst/u_full_interconnect/u_AR_Channel_Controller_Top/u_AR_HandShake_Checker/HandShake_Done_reg/PRE
                            (removal check against rising-edge clock clk_pl_0  {rise@0.000ns fall@5.000ns period=10.000ns})
  Path Group:             **async_default**
  Path Type:              Removal (Min at Fast Process Corner)
  Requirement:            0.000ns  (clk_pl_0 rise@0.000ns - clk_pl_0 rise@0.000ns)
  Data Path Delay:        0.250ns  (logic 0.039ns (15.622%)  route 0.211ns (84.378%))
  Logic Levels:           0  
  Clock Path Skew:        0.062ns (DCD - SCD - CPR)
    Destination Clock Delay (DCD):    1.508ns
    Source Clock Delay      (SCD):    1.314ns
    Clock Pessimism Removal (CPR):    0.132ns
  Clock Net Delay (Source):      1.203ns (routing 0.658ns, distribution 0.545ns)
  Clock Net Delay (Destination): 1.370ns (routing 0.738ns, distribution 0.632ns)

    Location             Delay type                Incr(ns)  Path(ns)    Netlist Resource(s)
  -------------------------------------------------------------------    -------------------
                         (clock clk_pl_0 rise edge)
                                                      0.000     0.000 r  
    PS8_X0Y0             PS8                          0.000     0.000 r  design_1_i/zynq_ultra_ps_e_0/inst/PS8_i/PLCLK[0]
                         net (fo=1, routed)           0.094     0.094    design_1_i/zynq_ultra_ps_e_0/inst/pl_clk_unbuffered[0]
    BUFG_PS_X0Y80        BUFG_PS (Prop_BUFG_PS_I_O)
                                                      0.017     0.111 r  design_1_i/zynq_ultra_ps_e_0/inst/buffer_pl_clk_0.PL_CLK_0_BUFG/O
    X1Y1 (CLOCK_ROOT)    net (fo=1324, routed)        1.203     1.314    design_1_i/rst_ps8_0_99M/U0/slowest_sync_clk
    SLICE_X0Y112         FDRE                                         r  design_1_i/rst_ps8_0_99M/U0/ACTIVE_LOW_BSR_OUT_DFF[0].FDRE_BSR_N/C
  -------------------------------------------------------------------    -------------------
    SLICE_X0Y112         FDRE (Prop_DFF_SLICEL_C_Q)
                                                      0.039     1.353 r  design_1_i/rst_ps8_0_99M/U0/ACTIVE_LOW_BSR_OUT_DFF[0].FDRE_BSR_N/Q
                         net (fo=38, routed)          0.211     1.564    design_1_i/axi_interconnect_0/inst/u_full_interconnect/u_AR_Channel_Controller_Top/u_AR_HandShake_Checker/HandShake_Done_reg_0
    SLICE_X2Y111         FDPE                                         f  design_1_i/axi_interconnect_0/inst/u_full_interconnect/u_AR_Channel_Controller_Top/u_AR_HandShake_Checker/HandShake_Done_reg/PRE  (IS_INVERTED)
  -------------------------------------------------------------------    -------------------

                         (clock clk_pl_0 rise edge)
                                                      0.000     0.000 r  
    PS8_X0Y0             PS8                          0.000     0.000 r  design_1_i/zynq_ultra_ps_e_0/inst/PS8_i/PLCLK[0]
                         net (fo=1, routed)           0.120     0.120    design_1_i/zynq_ultra_ps_e_0/inst/pl_clk_unbuffered[0]
    BUFG_PS_X0Y80        BUFG_PS (Prop_BUFG_PS_I_O)
                                                      0.018     0.138 r  design_1_i/zynq_ultra_ps_e_0/inst/buffer_pl_clk_0.PL_CLK_0_BUFG/O
    X1Y1 (CLOCK_ROOT)    net (fo=1324, routed)        1.370     1.508    design_1_i/axi_interconnect_0/inst/u_full_interconnect/u_AR_Channel_Controller_Top/u_AR_HandShake_Checker/ACLK
    SLICE_X2Y111         FDPE                                         r  design_1_i/axi_interconnect_0/inst/u_full_interconnect/u_AR_Channel_Controller_Top/u_AR_HandShake_Checker/HandShake_Done_reg/C
                         clock pessimism             -0.132     1.376    
    SLICE_X2Y111         FDPE (Remov_DFF2_SLICEM_C_PRE)
                                                     -0.020     1.356    design_1_i/axi_interconnect_0/inst/u_full_interconnect/u_AR_Channel_Controller_Top/u_AR_HandShake_Checker/HandShake_Done_reg
  -------------------------------------------------------------------
                         required time                         -1.356    
                         arrival time                           1.564    
  -------------------------------------------------------------------
                         slack                                  0.208    

Slack (MET) :             0.209ns  (arrival time - required time)
  Source:                 design_1_i/rst_ps8_0_99M/U0/ACTIVE_LOW_BSR_OUT_DFF[0].FDRE_BSR_N/C
                            (rising edge-triggered cell FDRE clocked by clk_pl_0  {rise@0.000ns fall@5.000ns period=10.000ns})
  Destination:            design_1_i/axi_interconnect_0/inst/u_full_interconnect/u_AR_Channel_Controller_Top/u_Read_Arbiter/Selected_Master_reg[0]/CLR
                            (removal check against rising-edge clock clk_pl_0  {rise@0.000ns fall@5.000ns period=10.000ns})
  Path Group:             **async_default**
  Path Type:              Removal (Min at Fast Process Corner)
  Requirement:            0.000ns  (clk_pl_0 rise@0.000ns - clk_pl_0 rise@0.000ns)
  Data Path Delay:        0.249ns  (logic 0.039ns (15.685%)  route 0.210ns (84.315%))
  Logic Levels:           0  
  Clock Path Skew:        0.060ns (DCD - SCD - CPR)
    Destination Clock Delay (DCD):    1.506ns
    Source Clock Delay      (SCD):    1.314ns
    Clock Pessimism Removal (CPR):    0.132ns
  Clock Net Delay (Source):      1.203ns (routing 0.658ns, distribution 0.545ns)
  Clock Net Delay (Destination): 1.368ns (routing 0.738ns, distribution 0.630ns)

    Location             Delay type                Incr(ns)  Path(ns)    Netlist Resource(s)
  -------------------------------------------------------------------    -------------------
                         (clock clk_pl_0 rise edge)
                                                      0.000     0.000 r  
    PS8_X0Y0             PS8                          0.000     0.000 r  design_1_i/zynq_ultra_ps_e_0/inst/PS8_i/PLCLK[0]
                         net (fo=1, routed)           0.094     0.094    design_1_i/zynq_ultra_ps_e_0/inst/pl_clk_unbuffered[0]
    BUFG_PS_X0Y80        BUFG_PS (Prop_BUFG_PS_I_O)
                                                      0.017     0.111 r  design_1_i/zynq_ultra_ps_e_0/inst/buffer_pl_clk_0.PL_CLK_0_BUFG/O
    X1Y1 (CLOCK_ROOT)    net (fo=1324, routed)        1.203     1.314    design_1_i/rst_ps8_0_99M/U0/slowest_sync_clk
    SLICE_X0Y112         FDRE                                         r  design_1_i/rst_ps8_0_99M/U0/ACTIVE_LOW_BSR_OUT_DFF[0].FDRE_BSR_N/C
  -------------------------------------------------------------------    -------------------
    SLICE_X0Y112         FDRE (Prop_DFF_SLICEL_C_Q)
                                                      0.039     1.353 r  design_1_i/rst_ps8_0_99M/U0/ACTIVE_LOW_BSR_OUT_DFF[0].FDRE_BSR_N/Q
                         net (fo=38, routed)          0.210     1.563    design_1_i/axi_interconnect_0/inst/u_full_interconnect/u_AR_Channel_Controller_Top/u_Read_Arbiter/Selected_Master_reg[0]_rep__1_0
    SLICE_X2Y111         FDCE                                         f  design_1_i/axi_interconnect_0/inst/u_full_interconnect/u_AR_Channel_Controller_Top/u_Read_Arbiter/Selected_Master_reg[0]/CLR  (IS_INVERTED)
  -------------------------------------------------------------------    -------------------

                         (clock clk_pl_0 rise edge)
                                                      0.000     0.000 r  
    PS8_X0Y0             PS8                          0.000     0.000 r  design_1_i/zynq_ultra_ps_e_0/inst/PS8_i/PLCLK[0]
                         net (fo=1, routed)           0.120     0.120    design_1_i/zynq_ultra_ps_e_0/inst/pl_clk_unbuffered[0]
    BUFG_PS_X0Y80        BUFG_PS (Prop_BUFG_PS_I_O)
                                                      0.018     0.138 r  design_1_i/zynq_ultra_ps_e_0/inst/buffer_pl_clk_0.PL_CLK_0_BUFG/O
    X1Y1 (CLOCK_ROOT)    net (fo=1324, routed)        1.368     1.506    design_1_i/axi_interconnect_0/inst/u_full_interconnect/u_AR_Channel_Controller_Top/u_Read_Arbiter/ACLK
    SLICE_X2Y111         FDCE                                         r  design_1_i/axi_interconnect_0/inst/u_full_interconnect/u_AR_Channel_Controller_Top/u_Read_Arbiter/Selected_Master_reg[0]/C
                         clock pessimism             -0.132     1.374    
    SLICE_X2Y111         FDCE (Remov_EFF_SLICEM_C_CLR)
                                                     -0.020     1.354    design_1_i/axi_interconnect_0/inst/u_full_interconnect/u_AR_Channel_Controller_Top/u_Read_Arbiter/Selected_Master_reg[0]
  -------------------------------------------------------------------
                         required time                         -1.354    
                         arrival time                           1.563    
  -------------------------------------------------------------------
                         slack                                  0.209    

Slack (MET) :             0.274ns  (arrival time - required time)
  Source:                 design_1_i/rst_ps8_0_99M/U0/ACTIVE_LOW_BSR_OUT_DFF[0].FDRE_BSR_N/C
                            (rising edge-triggered cell FDRE clocked by clk_pl_0  {rise@0.000ns fall@5.000ns period=10.000ns})
  Destination:            design_1_i/axi_interconnect_0/inst/u_full_interconnect/Read_controller/FSM_sequential_curr_state_slave_reg[0]/CLR
                            (removal check against rising-edge clock clk_pl_0  {rise@0.000ns fall@5.000ns period=10.000ns})
  Path Group:             **async_default**
  Path Type:              Removal (Min at Fast Process Corner)
  Requirement:            0.000ns  (clk_pl_0 rise@0.000ns - clk_pl_0 rise@0.000ns)
  Data Path Delay:        0.310ns  (logic 0.039ns (12.591%)  route 0.271ns (87.409%))
  Logic Levels:           0  
  Clock Path Skew:        0.056ns (DCD - SCD - CPR)
    Destination Clock Delay (DCD):    1.502ns
    Source Clock Delay      (SCD):    1.314ns
    Clock Pessimism Removal (CPR):    0.132ns
  Clock Net Delay (Source):      1.203ns (routing 0.658ns, distribution 0.545ns)
  Clock Net Delay (Destination): 1.364ns (routing 0.738ns, distribution 0.626ns)

    Location             Delay type                Incr(ns)  Path(ns)    Netlist Resource(s)
  -------------------------------------------------------------------    -------------------
                         (clock clk_pl_0 rise edge)
                                                      0.000     0.000 r  
    PS8_X0Y0             PS8                          0.000     0.000 r  design_1_i/zynq_ultra_ps_e_0/inst/PS8_i/PLCLK[0]
                         net (fo=1, routed)           0.094     0.094    design_1_i/zynq_ultra_ps_e_0/inst/pl_clk_unbuffered[0]
    BUFG_PS_X0Y80        BUFG_PS (Prop_BUFG_PS_I_O)
                                                      0.017     0.111 r  design_1_i/zynq_ultra_ps_e_0/inst/buffer_pl_clk_0.PL_CLK_0_BUFG/O
    X1Y1 (CLOCK_ROOT)    net (fo=1324, routed)        1.203     1.314    design_1_i/rst_ps8_0_99M/U0/slowest_sync_clk
    SLICE_X0Y112         FDRE                                         r  design_1_i/rst_ps8_0_99M/U0/ACTIVE_LOW_BSR_OUT_DFF[0].FDRE_BSR_N/C
  -------------------------------------------------------------------    -------------------
    SLICE_X0Y112         FDRE (Prop_DFF_SLICEL_C_Q)
                                                      0.039     1.353 r  design_1_i/rst_ps8_0_99M/U0/ACTIVE_LOW_BSR_OUT_DFF[0].FDRE_BSR_N/Q
                         net (fo=38, routed)          0.271     1.624    design_1_i/axi_interconnect_0/inst/u_full_interconnect/Read_controller/FSM_onehot_curr_state_slave2_reg[0]_0
    SLICE_X3Y106         FDCE                                         f  design_1_i/axi_interconnect_0/inst/u_full_interconnect/Read_controller/FSM_sequential_curr_state_slave_reg[0]/CLR  (IS_INVERTED)
  -------------------------------------------------------------------    -------------------

                         (clock clk_pl_0 rise edge)
                                                      0.000     0.000 r  
    PS8_X0Y0             PS8                          0.000     0.000 r  design_1_i/zynq_ultra_ps_e_0/inst/PS8_i/PLCLK[0]
                         net (fo=1, routed)           0.120     0.120    design_1_i/zynq_ultra_ps_e_0/inst/pl_clk_unbuffered[0]
    BUFG_PS_X0Y80        BUFG_PS (Prop_BUFG_PS_I_O)
                                                      0.018     0.138 r  design_1_i/zynq_ultra_ps_e_0/inst/buffer_pl_clk_0.PL_CLK_0_BUFG/O
    X1Y1 (CLOCK_ROOT)    net (fo=1324, routed)        1.364     1.502    design_1_i/axi_interconnect_0/inst/u_full_interconnect/Read_controller/ACLK
    SLICE_X3Y106         FDCE                                         r  design_1_i/axi_interconnect_0/inst/u_full_interconnect/Read_controller/FSM_sequential_curr_state_slave_reg[0]/C
                         clock pessimism             -0.132     1.370    
    SLICE_X3Y106         FDCE (Remov_DFF_SLICEL_C_CLR)
                                                     -0.020     1.350    design_1_i/axi_interconnect_0/inst/u_full_interconnect/Read_controller/FSM_sequential_curr_state_slave_reg[0]
  -------------------------------------------------------------------
                         required time                         -1.350    
                         arrival time                           1.624    
  -------------------------------------------------------------------
                         slack                                  0.274    

Slack (MET) :             0.274ns  (arrival time - required time)
  Source:                 design_1_i/rst_ps8_0_99M/U0/ACTIVE_LOW_BSR_OUT_DFF[0].FDRE_BSR_N/C
                            (rising edge-triggered cell FDRE clocked by clk_pl_0  {rise@0.000ns fall@5.000ns period=10.000ns})
  Destination:            design_1_i/axi_interconnect_0/inst/u_full_interconnect/Read_controller/FSM_sequential_curr_state_slave_reg[1]/CLR
                            (removal check against rising-edge clock clk_pl_0  {rise@0.000ns fall@5.000ns period=10.000ns})
  Path Group:             **async_default**
  Path Type:              Removal (Min at Fast Process Corner)
  Requirement:            0.000ns  (clk_pl_0 rise@0.000ns - clk_pl_0 rise@0.000ns)
  Data Path Delay:        0.310ns  (logic 0.039ns (12.591%)  route 0.271ns (87.409%))
  Logic Levels:           0  
  Clock Path Skew:        0.056ns (DCD - SCD - CPR)
    Destination Clock Delay (DCD):    1.502ns
    Source Clock Delay      (SCD):    1.314ns
    Clock Pessimism Removal (CPR):    0.132ns
  Clock Net Delay (Source):      1.203ns (routing 0.658ns, distribution 0.545ns)
  Clock Net Delay (Destination): 1.364ns (routing 0.738ns, distribution 0.626ns)

    Location             Delay type                Incr(ns)  Path(ns)    Netlist Resource(s)
  -------------------------------------------------------------------    -------------------
                         (clock clk_pl_0 rise edge)
                                                      0.000     0.000 r  
    PS8_X0Y0             PS8                          0.000     0.000 r  design_1_i/zynq_ultra_ps_e_0/inst/PS8_i/PLCLK[0]
                         net (fo=1, routed)           0.094     0.094    design_1_i/zynq_ultra_ps_e_0/inst/pl_clk_unbuffered[0]
    BUFG_PS_X0Y80        BUFG_PS (Prop_BUFG_PS_I_O)
                                                      0.017     0.111 r  design_1_i/zynq_ultra_ps_e_0/inst/buffer_pl_clk_0.PL_CLK_0_BUFG/O
    X1Y1 (CLOCK_ROOT)    net (fo=1324, routed)        1.203     1.314    design_1_i/rst_ps8_0_99M/U0/slowest_sync_clk
    SLICE_X0Y112         FDRE                                         r  design_1_i/rst_ps8_0_99M/U0/ACTIVE_LOW_BSR_OUT_DFF[0].FDRE_BSR_N/C
  -------------------------------------------------------------------    -------------------
    SLICE_X0Y112         FDRE (Prop_DFF_SLICEL_C_Q)
                                                      0.039     1.353 r  design_1_i/rst_ps8_0_99M/U0/ACTIVE_LOW_BSR_OUT_DFF[0].FDRE_BSR_N/Q
                         net (fo=38, routed)          0.271     1.624    design_1_i/axi_interconnect_0/inst/u_full_interconnect/Read_controller/FSM_onehot_curr_state_slave2_reg[0]_0
    SLICE_X3Y106         FDCE                                         f  design_1_i/axi_interconnect_0/inst/u_full_interconnect/Read_controller/FSM_sequential_curr_state_slave_reg[1]/CLR  (IS_INVERTED)
  -------------------------------------------------------------------    -------------------

                         (clock clk_pl_0 rise edge)
                                                      0.000     0.000 r  
    PS8_X0Y0             PS8                          0.000     0.000 r  design_1_i/zynq_ultra_ps_e_0/inst/PS8_i/PLCLK[0]
                         net (fo=1, routed)           0.120     0.120    design_1_i/zynq_ultra_ps_e_0/inst/pl_clk_unbuffered[0]
    BUFG_PS_X0Y80        BUFG_PS (Prop_BUFG_PS_I_O)
                                                      0.018     0.138 r  design_1_i/zynq_ultra_ps_e_0/inst/buffer_pl_clk_0.PL_CLK_0_BUFG/O
    X1Y1 (CLOCK_ROOT)    net (fo=1324, routed)        1.364     1.502    design_1_i/axi_interconnect_0/inst/u_full_interconnect/Read_controller/ACLK
    SLICE_X3Y106         FDCE                                         r  design_1_i/axi_interconnect_0/inst/u_full_interconnect/Read_controller/FSM_sequential_curr_state_slave_reg[1]/C
                         clock pessimism             -0.132     1.370    
    SLICE_X3Y106         FDCE (Remov_CFF_SLICEL_C_CLR)
                                                     -0.020     1.350    design_1_i/axi_interconnect_0/inst/u_full_interconnect/Read_controller/FSM_sequential_curr_state_slave_reg[1]
  -------------------------------------------------------------------
                         required time                         -1.350    
                         arrival time                           1.624    
  -------------------------------------------------------------------
                         slack                                  0.274    

Slack (MET) :             0.274ns  (arrival time - required time)
  Source:                 design_1_i/rst_ps8_0_99M/U0/ACTIVE_LOW_BSR_OUT_DFF[0].FDRE_BSR_N/C
                            (rising edge-triggered cell FDRE clocked by clk_pl_0  {rise@0.000ns fall@5.000ns period=10.000ns})
  Destination:            design_1_i/axi_interconnect_0/inst/u_full_interconnect/Read_controller/FSM_sequential_curr_state_slave_reg[2]/CLR
                            (removal check against rising-edge clock clk_pl_0  {rise@0.000ns fall@5.000ns period=10.000ns})
  Path Group:             **async_default**
  Path Type:              Removal (Min at Fast Process Corner)
  Requirement:            0.000ns  (clk_pl_0 rise@0.000ns - clk_pl_0 rise@0.000ns)
  Data Path Delay:        0.310ns  (logic 0.039ns (12.591%)  route 0.271ns (87.409%))
  Logic Levels:           0  
  Clock Path Skew:        0.056ns (DCD - SCD - CPR)
    Destination Clock Delay (DCD):    1.502ns
    Source Clock Delay      (SCD):    1.314ns
    Clock Pessimism Removal (CPR):    0.132ns
  Clock Net Delay (Source):      1.203ns (routing 0.658ns, distribution 0.545ns)
  Clock Net Delay (Destination): 1.364ns (routing 0.738ns, distribution 0.626ns)

    Location             Delay type                Incr(ns)  Path(ns)    Netlist Resource(s)
  -------------------------------------------------------------------    -------------------
                         (clock clk_pl_0 rise edge)
                                                      0.000     0.000 r  
    PS8_X0Y0             PS8                          0.000     0.000 r  design_1_i/zynq_ultra_ps_e_0/inst/PS8_i/PLCLK[0]
                         net (fo=1, routed)           0.094     0.094    design_1_i/zynq_ultra_ps_e_0/inst/pl_clk_unbuffered[0]
    BUFG_PS_X0Y80        BUFG_PS (Prop_BUFG_PS_I_O)
                                                      0.017     0.111 r  design_1_i/zynq_ultra_ps_e_0/inst/buffer_pl_clk_0.PL_CLK_0_BUFG/O
    X1Y1 (CLOCK_ROOT)    net (fo=1324, routed)        1.203     1.314    design_1_i/rst_ps8_0_99M/U0/slowest_sync_clk
    SLICE_X0Y112         FDRE                                         r  design_1_i/rst_ps8_0_99M/U0/ACTIVE_LOW_BSR_OUT_DFF[0].FDRE_BSR_N/C
  -------------------------------------------------------------------    -------------------
    SLICE_X0Y112         FDRE (Prop_DFF_SLICEL_C_Q)
                                                      0.039     1.353 r  design_1_i/rst_ps8_0_99M/U0/ACTIVE_LOW_BSR_OUT_DFF[0].FDRE_BSR_N/Q
                         net (fo=38, routed)          0.271     1.624    design_1_i/axi_interconnect_0/inst/u_full_interconnect/Read_controller/FSM_onehot_curr_state_slave2_reg[0]_0
    SLICE_X3Y106         FDCE                                         f  design_1_i/axi_interconnect_0/inst/u_full_interconnect/Read_controller/FSM_sequential_curr_state_slave_reg[2]/CLR  (IS_INVERTED)
  -------------------------------------------------------------------    -------------------

                         (clock clk_pl_0 rise edge)
                                                      0.000     0.000 r  
    PS8_X0Y0             PS8                          0.000     0.000 r  design_1_i/zynq_ultra_ps_e_0/inst/PS8_i/PLCLK[0]
                         net (fo=1, routed)           0.120     0.120    design_1_i/zynq_ultra_ps_e_0/inst/pl_clk_unbuffered[0]
    BUFG_PS_X0Y80        BUFG_PS (Prop_BUFG_PS_I_O)
                                                      0.018     0.138 r  design_1_i/zynq_ultra_ps_e_0/inst/buffer_pl_clk_0.PL_CLK_0_BUFG/O
    X1Y1 (CLOCK_ROOT)    net (fo=1324, routed)        1.364     1.502    design_1_i/axi_interconnect_0/inst/u_full_interconnect/Read_controller/ACLK
    SLICE_X3Y106         FDCE                                         r  design_1_i/axi_interconnect_0/inst/u_full_interconnect/Read_controller/FSM_sequential_curr_state_slave_reg[2]/C
                         clock pessimism             -0.132     1.370    
    SLICE_X3Y106         FDCE (Remov_BFF_SLICEL_C_CLR)
                                                     -0.020     1.350    design_1_i/axi_interconnect_0/inst/u_full_interconnect/Read_controller/FSM_sequential_curr_state_slave_reg[2]
  -------------------------------------------------------------------
                         required time                         -1.350    
                         arrival time                           1.624    
  -------------------------------------------------------------------
                         slack                                  0.274    

Slack (MET) :             0.274ns  (arrival time - required time)
  Source:                 design_1_i/rst_ps8_0_99M/U0/ACTIVE_LOW_BSR_OUT_DFF[0].FDRE_BSR_N/C
                            (rising edge-triggered cell FDRE clocked by clk_pl_0  {rise@0.000ns fall@5.000ns period=10.000ns})
  Destination:            design_1_i/axi_interconnect_0/inst/u_full_interconnect/Read_controller/FSM_onehot_curr_state_slave2_reg[2]/CLR
                            (removal check against rising-edge clock clk_pl_0  {rise@0.000ns fall@5.000ns period=10.000ns})
  Path Group:             **async_default**
  Path Type:              Removal (Min at Fast Process Corner)
  Requirement:            0.000ns  (clk_pl_0 rise@0.000ns - clk_pl_0 rise@0.000ns)
  Data Path Delay:        0.317ns  (logic 0.039ns (12.298%)  route 0.278ns (87.702%))
  Logic Levels:           0  
  Clock Path Skew:        0.063ns (DCD - SCD - CPR)
    Destination Clock Delay (DCD):    1.509ns
    Source Clock Delay      (SCD):    1.314ns
    Clock Pessimism Removal (CPR):    0.132ns
  Clock Net Delay (Source):      1.203ns (routing 0.658ns, distribution 0.545ns)
  Clock Net Delay (Destination): 1.371ns (routing 0.738ns, distribution 0.633ns)

    Location             Delay type                Incr(ns)  Path(ns)    Netlist Resource(s)
  -------------------------------------------------------------------    -------------------
                         (clock clk_pl_0 rise edge)
                                                      0.000     0.000 r  
    PS8_X0Y0             PS8                          0.000     0.000 r  design_1_i/zynq_ultra_ps_e_0/inst/PS8_i/PLCLK[0]
                         net (fo=1, routed)           0.094     0.094    design_1_i/zynq_ultra_ps_e_0/inst/pl_clk_unbuffered[0]
    BUFG_PS_X0Y80        BUFG_PS (Prop_BUFG_PS_I_O)
                                                      0.017     0.111 r  design_1_i/zynq_ultra_ps_e_0/inst/buffer_pl_clk_0.PL_CLK_0_BUFG/O
    X1Y1 (CLOCK_ROOT)    net (fo=1324, routed)        1.203     1.314    design_1_i/rst_ps8_0_99M/U0/slowest_sync_clk
    SLICE_X0Y112         FDRE                                         r  design_1_i/rst_ps8_0_99M/U0/ACTIVE_LOW_BSR_OUT_DFF[0].FDRE_BSR_N/C
  -------------------------------------------------------------------    -------------------
    SLICE_X0Y112         FDRE (Prop_DFF_SLICEL_C_Q)
                                                      0.039     1.353 r  design_1_i/rst_ps8_0_99M/U0/ACTIVE_LOW_BSR_OUT_DFF[0].FDRE_BSR_N/Q
                         net (fo=38, routed)          0.278     1.631    design_1_i/axi_interconnect_0/inst/u_full_interconnect/Read_controller/FSM_onehot_curr_state_slave2_reg[0]_0
    SLICE_X3Y105         FDCE                                         f  design_1_i/axi_interconnect_0/inst/u_full_interconnect/Read_controller/FSM_onehot_curr_state_slave2_reg[2]/CLR  (IS_INVERTED)
  -------------------------------------------------------------------    -------------------

                         (clock clk_pl_0 rise edge)
                                                      0.000     0.000 r  
    PS8_X0Y0             PS8                          0.000     0.000 r  design_1_i/zynq_ultra_ps_e_0/inst/PS8_i/PLCLK[0]
                         net (fo=1, routed)           0.120     0.120    design_1_i/zynq_ultra_ps_e_0/inst/pl_clk_unbuffered[0]
    BUFG_PS_X0Y80        BUFG_PS (Prop_BUFG_PS_I_O)
                                                      0.018     0.138 r  design_1_i/zynq_ultra_ps_e_0/inst/buffer_pl_clk_0.PL_CLK_0_BUFG/O
    X1Y1 (CLOCK_ROOT)    net (fo=1324, routed)        1.371     1.509    design_1_i/axi_interconnect_0/inst/u_full_interconnect/Read_controller/ACLK
    SLICE_X3Y105         FDCE                                         r  design_1_i/axi_interconnect_0/inst/u_full_interconnect/Read_controller/FSM_onehot_curr_state_slave2_reg[2]/C
                         clock pessimism             -0.132     1.377    
    SLICE_X3Y105         FDCE (Remov_HFF2_SLICEL_C_CLR)
                                                     -0.020     1.357    design_1_i/axi_interconnect_0/inst/u_full_interconnect/Read_controller/FSM_onehot_curr_state_slave2_reg[2]
  -------------------------------------------------------------------
                         required time                         -1.357    
                         arrival time                           1.631    
  -------------------------------------------------------------------
                         slack                                  0.274    

Slack (MET) :             0.274ns  (arrival time - required time)
  Source:                 design_1_i/rst_ps8_0_99M/U0/ACTIVE_LOW_BSR_OUT_DFF[0].FDRE_BSR_N/C
                            (rising edge-triggered cell FDRE clocked by clk_pl_0  {rise@0.000ns fall@5.000ns period=10.000ns})
  Destination:            design_1_i/axi_interconnect_0/inst/u_full_interconnect/Read_controller/FSM_onehot_curr_state_slave2_reg[4]/CLR
                            (removal check against rising-edge clock clk_pl_0  {rise@0.000ns fall@5.000ns period=10.000ns})
  Path Group:             **async_default**
  Path Type:              Removal (Min at Fast Process Corner)
  Requirement:            0.000ns  (clk_pl_0 rise@0.000ns - clk_pl_0 rise@0.000ns)
  Data Path Delay:        0.317ns  (logic 0.039ns (12.298%)  route 0.278ns (87.702%))
  Logic Levels:           0  
  Clock Path Skew:        0.063ns (DCD - SCD - CPR)
    Destination Clock Delay (DCD):    1.509ns
    Source Clock Delay      (SCD):    1.314ns
    Clock Pessimism Removal (CPR):    0.132ns
  Clock Net Delay (Source):      1.203ns (routing 0.658ns, distribution 0.545ns)
  Clock Net Delay (Destination): 1.371ns (routing 0.738ns, distribution 0.633ns)

    Location             Delay type                Incr(ns)  Path(ns)    Netlist Resource(s)
  -------------------------------------------------------------------    -------------------
                         (clock clk_pl_0 rise edge)
                                                      0.000     0.000 r  
    PS8_X0Y0             PS8                          0.000     0.000 r  design_1_i/zynq_ultra_ps_e_0/inst/PS8_i/PLCLK[0]
                         net (fo=1, routed)           0.094     0.094    design_1_i/zynq_ultra_ps_e_0/inst/pl_clk_unbuffered[0]
    BUFG_PS_X0Y80        BUFG_PS (Prop_BUFG_PS_I_O)
                                                      0.017     0.111 r  design_1_i/zynq_ultra_ps_e_0/inst/buffer_pl_clk_0.PL_CLK_0_BUFG/O
    X1Y1 (CLOCK_ROOT)    net (fo=1324, routed)        1.203     1.314    design_1_i/rst_ps8_0_99M/U0/slowest_sync_clk
    SLICE_X0Y112         FDRE                                         r  design_1_i/rst_ps8_0_99M/U0/ACTIVE_LOW_BSR_OUT_DFF[0].FDRE_BSR_N/C
  -------------------------------------------------------------------    -------------------
    SLICE_X0Y112         FDRE (Prop_DFF_SLICEL_C_Q)
                                                      0.039     1.353 r  design_1_i/rst_ps8_0_99M/U0/ACTIVE_LOW_BSR_OUT_DFF[0].FDRE_BSR_N/Q
                         net (fo=38, routed)          0.278     1.631    design_1_i/axi_interconnect_0/inst/u_full_interconnect/Read_controller/FSM_onehot_curr_state_slave2_reg[0]_0
    SLICE_X3Y105         FDCE                                         f  design_1_i/axi_interconnect_0/inst/u_full_interconnect/Read_controller/FSM_onehot_curr_state_slave2_reg[4]/CLR  (IS_INVERTED)
  -------------------------------------------------------------------    -------------------

                         (clock clk_pl_0 rise edge)
                                                      0.000     0.000 r  
    PS8_X0Y0             PS8                          0.000     0.000 r  design_1_i/zynq_ultra_ps_e_0/inst/PS8_i/PLCLK[0]
                         net (fo=1, routed)           0.120     0.120    design_1_i/zynq_ultra_ps_e_0/inst/pl_clk_unbuffered[0]
    BUFG_PS_X0Y80        BUFG_PS (Prop_BUFG_PS_I_O)
                                                      0.018     0.138 r  design_1_i/zynq_ultra_ps_e_0/inst/buffer_pl_clk_0.PL_CLK_0_BUFG/O
    X1Y1 (CLOCK_ROOT)    net (fo=1324, routed)        1.371     1.509    design_1_i/axi_interconnect_0/inst/u_full_interconnect/Read_controller/ACLK
    SLICE_X3Y105         FDCE                                         r  design_1_i/axi_interconnect_0/inst/u_full_interconnect/Read_controller/FSM_onehot_curr_state_slave2_reg[4]/C
                         clock pessimism             -0.132     1.377    
    SLICE_X3Y105         FDCE (Remov_GFF_SLICEL_C_CLR)
                                                     -0.020     1.357    design_1_i/axi_interconnect_0/inst/u_full_interconnect/Read_controller/FSM_onehot_curr_state_slave2_reg[4]
  -------------------------------------------------------------------
                         required time                         -1.357    
                         arrival time                           1.631    
  -------------------------------------------------------------------
                         slack                                  0.274    

Slack (MET) :             0.278ns  (arrival time - required time)
  Source:                 design_1_i/rst_ps8_0_99M/U0/ACTIVE_LOW_BSR_OUT_DFF[0].FDRE_BSR_N/C
                            (rising edge-triggered cell FDRE clocked by clk_pl_0  {rise@0.000ns fall@5.000ns period=10.000ns})
  Destination:            design_1_i/axi_interconnect_0/inst/u_full_interconnect/Read_controller/FSM_onehot_curr_state_slave2_reg[3]/CLR
                            (removal check against rising-edge clock clk_pl_0  {rise@0.000ns fall@5.000ns period=10.000ns})
  Path Group:             **async_default**
  Path Type:              Removal (Min at Fast Process Corner)
  Requirement:            0.000ns  (clk_pl_0 rise@0.000ns - clk_pl_0 rise@0.000ns)
  Data Path Delay:        0.317ns  (logic 0.039ns (12.298%)  route 0.278ns (87.702%))
  Logic Levels:           0  
  Clock Path Skew:        0.059ns (DCD - SCD - CPR)
    Destination Clock Delay (DCD):    1.505ns
    Source Clock Delay      (SCD):    1.314ns
    Clock Pessimism Removal (CPR):    0.132ns
  Clock Net Delay (Source):      1.203ns (routing 0.658ns, distribution 0.545ns)
  Clock Net Delay (Destination): 1.367ns (routing 0.738ns, distribution 0.629ns)

    Location             Delay type                Incr(ns)  Path(ns)    Netlist Resource(s)
  -------------------------------------------------------------------    -------------------
                         (clock clk_pl_0 rise edge)
                                                      0.000     0.000 r  
    PS8_X0Y0             PS8                          0.000     0.000 r  design_1_i/zynq_ultra_ps_e_0/inst/PS8_i/PLCLK[0]
                         net (fo=1, routed)           0.094     0.094    design_1_i/zynq_ultra_ps_e_0/inst/pl_clk_unbuffered[0]
    BUFG_PS_X0Y80        BUFG_PS (Prop_BUFG_PS_I_O)
                                                      0.017     0.111 r  design_1_i/zynq_ultra_ps_e_0/inst/buffer_pl_clk_0.PL_CLK_0_BUFG/O
    X1Y1 (CLOCK_ROOT)    net (fo=1324, routed)        1.203     1.314    design_1_i/rst_ps8_0_99M/U0/slowest_sync_clk
    SLICE_X0Y112         FDRE                                         r  design_1_i/rst_ps8_0_99M/U0/ACTIVE_LOW_BSR_OUT_DFF[0].FDRE_BSR_N/C
  -------------------------------------------------------------------    -------------------
    SLICE_X0Y112         FDRE (Prop_DFF_SLICEL_C_Q)
                                                      0.039     1.353 r  design_1_i/rst_ps8_0_99M/U0/ACTIVE_LOW_BSR_OUT_DFF[0].FDRE_BSR_N/Q
                         net (fo=38, routed)          0.278     1.631    design_1_i/axi_interconnect_0/inst/u_full_interconnect/Read_controller/FSM_onehot_curr_state_slave2_reg[0]_0
    SLICE_X3Y105         FDCE                                         f  design_1_i/axi_interconnect_0/inst/u_full_interconnect/Read_controller/FSM_onehot_curr_state_slave2_reg[3]/CLR  (IS_INVERTED)
  -------------------------------------------------------------------    -------------------

                         (clock clk_pl_0 rise edge)
                                                      0.000     0.000 r  
    PS8_X0Y0             PS8                          0.000     0.000 r  design_1_i/zynq_ultra_ps_e_0/inst/PS8_i/PLCLK[0]
                         net (fo=1, routed)           0.120     0.120    design_1_i/zynq_ultra_ps_e_0/inst/pl_clk_unbuffered[0]
    BUFG_PS_X0Y80        BUFG_PS (Prop_BUFG_PS_I_O)
                                                      0.018     0.138 r  design_1_i/zynq_ultra_ps_e_0/inst/buffer_pl_clk_0.PL_CLK_0_BUFG/O
    X1Y1 (CLOCK_ROOT)    net (fo=1324, routed)        1.367     1.505    design_1_i/axi_interconnect_0/inst/u_full_interconnect/Read_controller/ACLK
    SLICE_X3Y105         FDCE                                         r  design_1_i/axi_interconnect_0/inst/u_full_interconnect/Read_controller/FSM_onehot_curr_state_slave2_reg[3]/C
                         clock pessimism             -0.132     1.373    
    SLICE_X3Y105         FDCE (Remov_DFF_SLICEL_C_CLR)
                                                     -0.020     1.353    design_1_i/axi_interconnect_0/inst/u_full_interconnect/Read_controller/FSM_onehot_curr_state_slave2_reg[3]
  -------------------------------------------------------------------
                         required time                         -1.353    
                         arrival time                           1.631    
  -------------------------------------------------------------------
                         slack                                  0.278    





--------------------------------------------------------------------------------------
Path Group:  (none)
From Clock:  
  To Clock:  clk_pl_0

Max Delay             1 Endpoint
Min Delay             1 Endpoint
--------------------------------------------------------------------------------------


Max Delay Paths
--------------------------------------------------------------------------------------
Slack:                    inf
  Source:                 design_1_i/zynq_ultra_ps_e_0/inst/PS8_i/EMIOGPIOO[95]
                            (internal pin)
  Destination:            design_1_i/rst_ps8_0_99M/U0/EXT_LPF/ACTIVE_LOW_EXT.ACT_LO_EXT/GENERATE_LEVEL_P_S_CDC.SINGLE_BIT.CROSS_PLEVEL_IN2SCNDRY_IN_cdc_to/D
                            (rising edge-triggered cell FDRE clocked by clk_pl_0  {rise@0.000ns fall@5.000ns period=10.000ns})
  Path Group:             (none)
  Path Type:              Setup (Max at Slow Process Corner)
  Data Path Delay:        1.725ns  (logic 0.179ns (10.377%)  route 1.546ns (89.623%))
  Logic Levels:           1  (LUT1=1)
  Clock Uncertainty:      0.172ns  ((TSJ^2 + DJ^2)^1/2) / 2 + PE
    Total System Jitter     (TSJ):    0.050ns
    Discrete Jitter          (DJ):    0.340ns
    Phase Error              (PE):    0.000ns
  Clock Net Delay (Destination): 2.170ns (routing 1.184ns, distribution 0.986ns)
  Timing Exception:       False Path

    Location             Delay type                Incr(ns)  Path(ns)    Netlist Resource(s)
  -------------------------------------------------------------------    -------------------
    PS8_X0Y0             PS8                          0.000     0.000 f  design_1_i/zynq_ultra_ps_e_0/inst/PS8_i/EMIOGPIOO[95]
                         net (fo=1, routed)           1.214     1.214    design_1_i/rst_ps8_0_99M/U0/EXT_LPF/ACTIVE_LOW_EXT.ACT_LO_EXT/ext_reset_in
    SLICE_X0Y128         LUT1 (Prop_H6LUT_SLICEL_I0_O)
                                                      0.179     1.393 r  design_1_i/rst_ps8_0_99M/U0/EXT_LPF/ACTIVE_LOW_EXT.ACT_LO_EXT/GENERATE_LEVEL_P_S_CDC.SINGLE_BIT.CROSS_PLEVEL_IN2SCNDRY_IN_cdc_to_i_1/O
                         net (fo=1, routed)           0.332     1.725    design_1_i/rst_ps8_0_99M/U0/EXT_LPF/ACTIVE_LOW_EXT.ACT_LO_EXT/exr_d1
    SLICE_X0Y128         FDRE                                         r  design_1_i/rst_ps8_0_99M/U0/EXT_LPF/ACTIVE_LOW_EXT.ACT_LO_EXT/GENERATE_LEVEL_P_S_CDC.SINGLE_BIT.CROSS_PLEVEL_IN2SCNDRY_IN_cdc_to/D
  -------------------------------------------------------------------    -------------------

                         (clock clk_pl_0 rise edge)
                                                      0.000     0.000 r  
    PS8_X0Y0             PS8                          0.000     0.000 r  design_1_i/zynq_ultra_ps_e_0/inst/PS8_i/PLCLK[0]
                         net (fo=1, routed)           0.140     0.140    design_1_i/zynq_ultra_ps_e_0/inst/pl_clk_unbuffered[0]
    BUFG_PS_X0Y80        BUFG_PS (Prop_BUFG_PS_I_O)
                                                      0.027     0.167 r  design_1_i/zynq_ultra_ps_e_0/inst/buffer_pl_clk_0.PL_CLK_0_BUFG/O
    X1Y1 (CLOCK_ROOT)    net (fo=1324, routed)        2.170     2.337    design_1_i/rst_ps8_0_99M/U0/EXT_LPF/ACTIVE_LOW_EXT.ACT_LO_EXT/slowest_sync_clk
    SLICE_X0Y128         FDRE                                         r  design_1_i/rst_ps8_0_99M/U0/EXT_LPF/ACTIVE_LOW_EXT.ACT_LO_EXT/GENERATE_LEVEL_P_S_CDC.SINGLE_BIT.CROSS_PLEVEL_IN2SCNDRY_IN_cdc_to/C





Min Delay Paths
--------------------------------------------------------------------------------------
Slack:                    inf
  Source:                 design_1_i/zynq_ultra_ps_e_0/inst/PS8_i/EMIOGPIOO[95]
                            (internal pin)
  Destination:            design_1_i/rst_ps8_0_99M/U0/EXT_LPF/ACTIVE_LOW_EXT.ACT_LO_EXT/GENERATE_LEVEL_P_S_CDC.SINGLE_BIT.CROSS_PLEVEL_IN2SCNDRY_IN_cdc_to/D
                            (rising edge-triggered cell FDRE clocked by clk_pl_0  {rise@0.000ns fall@5.000ns period=10.000ns})
  Path Group:             (none)
  Path Type:              Hold (Min at Fast Process Corner)
  Data Path Delay:        0.733ns  (logic 0.060ns (8.186%)  route 0.673ns (91.814%))
  Logic Levels:           1  (LUT1=1)
  Clock Uncertainty:      0.172ns  ((TSJ^2 + DJ^2)^1/2) / 2 + PE
    Total System Jitter     (TSJ):    0.050ns
    Discrete Jitter          (DJ):    0.340ns
    Phase Error              (PE):    0.000ns
  Clock Net Delay (Destination): 1.391ns (routing 0.738ns, distribution 0.653ns)
  Timing Exception:       False Path

    Location             Delay type                Incr(ns)  Path(ns)    Netlist Resource(s)
  -------------------------------------------------------------------    -------------------
    PS8_X0Y0             PS8                          0.000     0.000 f  design_1_i/zynq_ultra_ps_e_0/inst/PS8_i/EMIOGPIOO[95]
                         net (fo=1, routed)           0.568     0.568    design_1_i/rst_ps8_0_99M/U0/EXT_LPF/ACTIVE_LOW_EXT.ACT_LO_EXT/ext_reset_in
    SLICE_X0Y128         LUT1 (Prop_H6LUT_SLICEL_I0_O)
                                                      0.060     0.628 r  design_1_i/rst_ps8_0_99M/U0/EXT_LPF/ACTIVE_LOW_EXT.ACT_LO_EXT/GENERATE_LEVEL_P_S_CDC.SINGLE_BIT.CROSS_PLEVEL_IN2SCNDRY_IN_cdc_to_i_1/O
                         net (fo=1, routed)           0.105     0.733    design_1_i/rst_ps8_0_99M/U0/EXT_LPF/ACTIVE_LOW_EXT.ACT_LO_EXT/exr_d1
    SLICE_X0Y128         FDRE                                         r  design_1_i/rst_ps8_0_99M/U0/EXT_LPF/ACTIVE_LOW_EXT.ACT_LO_EXT/GENERATE_LEVEL_P_S_CDC.SINGLE_BIT.CROSS_PLEVEL_IN2SCNDRY_IN_cdc_to/D
  -------------------------------------------------------------------    -------------------

                         (clock clk_pl_0 rise edge)
                                                      0.000     0.000 r  
    PS8_X0Y0             PS8                          0.000     0.000 r  design_1_i/zynq_ultra_ps_e_0/inst/PS8_i/PLCLK[0]
                         net (fo=1, routed)           0.120     0.120    design_1_i/zynq_ultra_ps_e_0/inst/pl_clk_unbuffered[0]
    BUFG_PS_X0Y80        BUFG_PS (Prop_BUFG_PS_I_O)
                                                      0.018     0.138 r  design_1_i/zynq_ultra_ps_e_0/inst/buffer_pl_clk_0.PL_CLK_0_BUFG/O
    X1Y1 (CLOCK_ROOT)    net (fo=1324, routed)        1.391     1.529    design_1_i/rst_ps8_0_99M/U0/EXT_LPF/ACTIVE_LOW_EXT.ACT_LO_EXT/slowest_sync_clk
    SLICE_X0Y128         FDRE                                         r  design_1_i/rst_ps8_0_99M/U0/EXT_LPF/ACTIVE_LOW_EXT.ACT_LO_EXT/GENERATE_LEVEL_P_S_CDC.SINGLE_BIT.CROSS_PLEVEL_IN2SCNDRY_IN_cdc_to/C





--------------------------------------------------------------------------------------
Path Group:  (none)
From Clock:  clk_pl_0
  To Clock:  clk_pl_0

Max Delay             4 Endpoints
Min Delay            12 Endpoints
--------------------------------------------------------------------------------------


Max Delay Paths
--------------------------------------------------------------------------------------
Slack:                    inf
  Source:                 design_1_i/axi_quad_spi_0/U0/NO_DUAL_QUAD_MODE.QSPI_NORMAL/QSPI_LEGACY_MD_GEN.QSPI_CORE_INTERFACE_I/FIFO_EXISTS.RX_FIFO_II/gnuram_async_fifo.xpm_fifo_base_inst/xpm_fifo_rst_inst/gen_rst_ic.fifo_rd_rst_ic_reg/C
                            (rising edge-triggered cell FDRE clocked by clk_pl_0  {rise@0.000ns fall@5.000ns period=10.000ns})
  Destination:            design_1_i/axi_quad_spi_0/U0/NO_DUAL_QUAD_MODE.QSPI_NORMAL/QSPI_LEGACY_MD_GEN.QSPI_CORE_INTERFACE_I/FIFO_EXISTS.RX_FIFO_II/gnuram_async_fifo.xpm_fifo_base_inst/xpm_fifo_rst_inst/gen_rst_ic.rrst_wr_inst/syncstages_ff_reg[0]/D
                            (rising edge-triggered cell FDRE clocked by clk_pl_0  {rise@0.000ns fall@5.000ns period=10.000ns})
  Path Group:             (none)
  Path Type:              Setup (Max at Slow Process Corner)
  Data Path Delay:        0.672ns  (logic 0.095ns (14.137%)  route 0.577ns (85.863%))
  Logic Levels:           0  
  Clock Path Skew:        -0.336ns (DCD - SCD + CPR)
    Destination Clock Delay (DCD):    2.295ns
    Source Clock Delay      (SCD):    2.631ns
    Clock Pessimism Removal (CPR):    0.000ns
  Clock Uncertainty:      0.174ns  ((TSJ^2 + DJ^2)^1/2) / 2 + PE
    Total System Jitter     (TSJ):    0.071ns
    Discrete Jitter          (DJ):    0.340ns
    Phase Error              (PE):    0.000ns
  Clock Net Delay (Source):      2.424ns (routing 1.302ns, distribution 1.122ns)
  Clock Net Delay (Destination): 2.128ns (routing 1.184ns, distribution 0.944ns)
  Timing Exception:       False Path

    Location             Delay type                Incr(ns)  Path(ns)    Netlist Resource(s)
  -------------------------------------------------------------------    -------------------
                         (clock clk_pl_0 rise edge)
                                                      0.000     0.000 r  
    PS8_X0Y0             PS8                          0.000     0.000 r  design_1_i/zynq_ultra_ps_e_0/inst/PS8_i/PLCLK[0]
                         net (fo=1, routed)           0.178     0.178    design_1_i/zynq_ultra_ps_e_0/inst/pl_clk_unbuffered[0]
    BUFG_PS_X0Y80        BUFG_PS (Prop_BUFG_PS_I_O)
                                                      0.029     0.207 r  design_1_i/zynq_ultra_ps_e_0/inst/buffer_pl_clk_0.PL_CLK_0_BUFG/O
    X1Y1 (CLOCK_ROOT)    net (fo=1324, routed)        2.424     2.631    design_1_i/axi_quad_spi_0/U0/NO_DUAL_QUAD_MODE.QSPI_NORMAL/QSPI_LEGACY_MD_GEN.QSPI_CORE_INTERFACE_I/FIFO_EXISTS.RX_FIFO_II/gnuram_async_fifo.xpm_fifo_base_inst/xpm_fifo_rst_inst/rd_clk
    SLICE_X8Y113         FDRE                                         r  design_1_i/axi_quad_spi_0/U0/NO_DUAL_QUAD_MODE.QSPI_NORMAL/QSPI_LEGACY_MD_GEN.QSPI_CORE_INTERFACE_I/FIFO_EXISTS.RX_FIFO_II/gnuram_async_fifo.xpm_fifo_base_inst/xpm_fifo_rst_inst/gen_rst_ic.fifo_rd_rst_ic_reg/C
  -------------------------------------------------------------------    -------------------
    SLICE_X8Y113         FDRE (Prop_BFF_SLICEM_C_Q)
                                                      0.095     2.726 r  design_1_i/axi_quad_spi_0/U0/NO_DUAL_QUAD_MODE.QSPI_NORMAL/QSPI_LEGACY_MD_GEN.QSPI_CORE_INTERFACE_I/FIFO_EXISTS.RX_FIFO_II/gnuram_async_fifo.xpm_fifo_base_inst/xpm_fifo_rst_inst/gen_rst_ic.fifo_rd_rst_ic_reg/Q
                         net (fo=33, routed)          0.577     3.303    design_1_i/axi_quad_spi_0/U0/NO_DUAL_QUAD_MODE.QSPI_NORMAL/QSPI_LEGACY_MD_GEN.QSPI_CORE_INTERFACE_I/FIFO_EXISTS.RX_FIFO_II/gnuram_async_fifo.xpm_fifo_base_inst/xpm_fifo_rst_inst/gen_rst_ic.rrst_wr_inst/src_rst
    SLICE_X10Y114        FDRE                                         r  design_1_i/axi_quad_spi_0/U0/NO_DUAL_QUAD_MODE.QSPI_NORMAL/QSPI_LEGACY_MD_GEN.QSPI_CORE_INTERFACE_I/FIFO_EXISTS.RX_FIFO_II/gnuram_async_fifo.xpm_fifo_base_inst/xpm_fifo_rst_inst/gen_rst_ic.rrst_wr_inst/syncstages_ff_reg[0]/D
  -------------------------------------------------------------------    -------------------

                         (clock clk_pl_0 rise edge)
                                                      0.000     0.000 r  
    PS8_X0Y0             PS8                          0.000     0.000 r  design_1_i/zynq_ultra_ps_e_0/inst/PS8_i/PLCLK[0]
                         net (fo=1, routed)           0.140     0.140    design_1_i/zynq_ultra_ps_e_0/inst/pl_clk_unbuffered[0]
    BUFG_PS_X0Y80        BUFG_PS (Prop_BUFG_PS_I_O)
                                                      0.027     0.167 r  design_1_i/zynq_ultra_ps_e_0/inst/buffer_pl_clk_0.PL_CLK_0_BUFG/O
    X1Y1 (CLOCK_ROOT)    net (fo=1324, routed)        2.128     2.295    design_1_i/axi_quad_spi_0/U0/NO_DUAL_QUAD_MODE.QSPI_NORMAL/QSPI_LEGACY_MD_GEN.QSPI_CORE_INTERFACE_I/FIFO_EXISTS.RX_FIFO_II/gnuram_async_fifo.xpm_fifo_base_inst/xpm_fifo_rst_inst/gen_rst_ic.rrst_wr_inst/dest_clk
    SLICE_X10Y114        FDRE                                         r  design_1_i/axi_quad_spi_0/U0/NO_DUAL_QUAD_MODE.QSPI_NORMAL/QSPI_LEGACY_MD_GEN.QSPI_CORE_INTERFACE_I/FIFO_EXISTS.RX_FIFO_II/gnuram_async_fifo.xpm_fifo_base_inst/xpm_fifo_rst_inst/gen_rst_ic.rrst_wr_inst/syncstages_ff_reg[0]/C

Slack:                    inf
  Source:                 design_1_i/axi_quad_spi_0/U0/NO_DUAL_QUAD_MODE.QSPI_NORMAL/QSPI_LEGACY_MD_GEN.QSPI_CORE_INTERFACE_I/FIFO_EXISTS.TX_FIFO_II/xpm_fifo_instance.xpm_fifo_async_inst/gnuram_async_fifo.xpm_fifo_base_inst/xpm_fifo_rst_inst/gen_rst_ic.fifo_rd_rst_ic_reg/C
                            (rising edge-triggered cell FDRE clocked by clk_pl_0  {rise@0.000ns fall@5.000ns period=10.000ns})
  Destination:            design_1_i/axi_quad_spi_0/U0/NO_DUAL_QUAD_MODE.QSPI_NORMAL/QSPI_LEGACY_MD_GEN.QSPI_CORE_INTERFACE_I/FIFO_EXISTS.TX_FIFO_II/xpm_fifo_instance.xpm_fifo_async_inst/gnuram_async_fifo.xpm_fifo_base_inst/xpm_fifo_rst_inst/gen_rst_ic.rrst_wr_inst/syncstages_ff_reg[0]/D
                            (rising edge-triggered cell FDRE clocked by clk_pl_0  {rise@0.000ns fall@5.000ns period=10.000ns})
  Path Group:             (none)
  Path Type:              Setup (Max at Slow Process Corner)
  Data Path Delay:        0.351ns  (logic 0.096ns (27.338%)  route 0.255ns (72.662%))
  Logic Levels:           0  
  Clock Path Skew:        -0.328ns (DCD - SCD + CPR)
    Destination Clock Delay (DCD):    2.299ns
    Source Clock Delay      (SCD):    2.627ns
    Clock Pessimism Removal (CPR):    0.000ns
  Clock Uncertainty:      0.174ns  ((TSJ^2 + DJ^2)^1/2) / 2 + PE
    Total System Jitter     (TSJ):    0.071ns
    Discrete Jitter          (DJ):    0.340ns
    Phase Error              (PE):    0.000ns
  Clock Net Delay (Source):      2.420ns (routing 1.302ns, distribution 1.118ns)
  Clock Net Delay (Destination): 2.132ns (routing 1.184ns, distribution 0.948ns)
  Timing Exception:       False Path

    Location             Delay type                Incr(ns)  Path(ns)    Netlist Resource(s)
  -------------------------------------------------------------------    -------------------
                         (clock clk_pl_0 rise edge)
                                                      0.000     0.000 r  
    PS8_X0Y0             PS8                          0.000     0.000 r  design_1_i/zynq_ultra_ps_e_0/inst/PS8_i/PLCLK[0]
                         net (fo=1, routed)           0.178     0.178    design_1_i/zynq_ultra_ps_e_0/inst/pl_clk_unbuffered[0]
    BUFG_PS_X0Y80        BUFG_PS (Prop_BUFG_PS_I_O)
                                                      0.029     0.207 r  design_1_i/zynq_ultra_ps_e_0/inst/buffer_pl_clk_0.PL_CLK_0_BUFG/O
    X1Y1 (CLOCK_ROOT)    net (fo=1324, routed)        2.420     2.627    design_1_i/axi_quad_spi_0/U0/NO_DUAL_QUAD_MODE.QSPI_NORMAL/QSPI_LEGACY_MD_GEN.QSPI_CORE_INTERFACE_I/FIFO_EXISTS.TX_FIFO_II/xpm_fifo_instance.xpm_fifo_async_inst/gnuram_async_fifo.xpm_fifo_base_inst/xpm_fifo_rst_inst/rd_clk
    SLICE_X6Y116         FDRE                                         r  design_1_i/axi_quad_spi_0/U0/NO_DUAL_QUAD_MODE.QSPI_NORMAL/QSPI_LEGACY_MD_GEN.QSPI_CORE_INTERFACE_I/FIFO_EXISTS.TX_FIFO_II/xpm_fifo_instance.xpm_fifo_async_inst/gnuram_async_fifo.xpm_fifo_base_inst/xpm_fifo_rst_inst/gen_rst_ic.fifo_rd_rst_ic_reg/C
  -------------------------------------------------------------------    -------------------
    SLICE_X6Y116         FDRE (Prop_BFF_SLICEL_C_Q)
                                                      0.096     2.723 r  design_1_i/axi_quad_spi_0/U0/NO_DUAL_QUAD_MODE.QSPI_NORMAL/QSPI_LEGACY_MD_GEN.QSPI_CORE_INTERFACE_I/FIFO_EXISTS.TX_FIFO_II/xpm_fifo_instance.xpm_fifo_async_inst/gnuram_async_fifo.xpm_fifo_base_inst/xpm_fifo_rst_inst/gen_rst_ic.fifo_rd_rst_ic_reg/Q
                         net (fo=19, routed)          0.255     2.978    design_1_i/axi_quad_spi_0/U0/NO_DUAL_QUAD_MODE.QSPI_NORMAL/QSPI_LEGACY_MD_GEN.QSPI_CORE_INTERFACE_I/FIFO_EXISTS.TX_FIFO_II/xpm_fifo_instance.xpm_fifo_async_inst/gnuram_async_fifo.xpm_fifo_base_inst/xpm_fifo_rst_inst/gen_rst_ic.rrst_wr_inst/src_rst
    SLICE_X7Y115         FDRE                                         r  design_1_i/axi_quad_spi_0/U0/NO_DUAL_QUAD_MODE.QSPI_NORMAL/QSPI_LEGACY_MD_GEN.QSPI_CORE_INTERFACE_I/FIFO_EXISTS.TX_FIFO_II/xpm_fifo_instance.xpm_fifo_async_inst/gnuram_async_fifo.xpm_fifo_base_inst/xpm_fifo_rst_inst/gen_rst_ic.rrst_wr_inst/syncstages_ff_reg[0]/D
  -------------------------------------------------------------------    -------------------

                         (clock clk_pl_0 rise edge)
                                                      0.000     0.000 r  
    PS8_X0Y0             PS8                          0.000     0.000 r  design_1_i/zynq_ultra_ps_e_0/inst/PS8_i/PLCLK[0]
                         net (fo=1, routed)           0.140     0.140    design_1_i/zynq_ultra_ps_e_0/inst/pl_clk_unbuffered[0]
    BUFG_PS_X0Y80        BUFG_PS (Prop_BUFG_PS_I_O)
                                                      0.027     0.167 r  design_1_i/zynq_ultra_ps_e_0/inst/buffer_pl_clk_0.PL_CLK_0_BUFG/O
    X1Y1 (CLOCK_ROOT)    net (fo=1324, routed)        2.132     2.299    design_1_i/axi_quad_spi_0/U0/NO_DUAL_QUAD_MODE.QSPI_NORMAL/QSPI_LEGACY_MD_GEN.QSPI_CORE_INTERFACE_I/FIFO_EXISTS.TX_FIFO_II/xpm_fifo_instance.xpm_fifo_async_inst/gnuram_async_fifo.xpm_fifo_base_inst/xpm_fifo_rst_inst/gen_rst_ic.rrst_wr_inst/dest_clk
    SLICE_X7Y115         FDRE                                         r  design_1_i/axi_quad_spi_0/U0/NO_DUAL_QUAD_MODE.QSPI_NORMAL/QSPI_LEGACY_MD_GEN.QSPI_CORE_INTERFACE_I/FIFO_EXISTS.TX_FIFO_II/xpm_fifo_instance.xpm_fifo_async_inst/gnuram_async_fifo.xpm_fifo_base_inst/xpm_fifo_rst_inst/gen_rst_ic.rrst_wr_inst/syncstages_ff_reg[0]/C

Slack:                    inf
  Source:                 design_1_i/axi_quad_spi_0/U0/NO_DUAL_QUAD_MODE.QSPI_NORMAL/QSPI_LEGACY_MD_GEN.QSPI_CORE_INTERFACE_I/FIFO_EXISTS.RX_FIFO_II/gnuram_async_fifo.xpm_fifo_base_inst/xpm_fifo_rst_inst/gen_rst_ic.fifo_wr_rst_ic_reg/C
                            (rising edge-triggered cell FDRE clocked by clk_pl_0  {rise@0.000ns fall@5.000ns period=10.000ns})
  Destination:            design_1_i/axi_quad_spi_0/U0/NO_DUAL_QUAD_MODE.QSPI_NORMAL/QSPI_LEGACY_MD_GEN.QSPI_CORE_INTERFACE_I/FIFO_EXISTS.RX_FIFO_II/gnuram_async_fifo.xpm_fifo_base_inst/xpm_fifo_rst_inst/gen_rst_ic.wrst_rd_inst/syncstages_ff_reg[0]/D
                            (rising edge-triggered cell FDRE clocked by clk_pl_0  {rise@0.000ns fall@5.000ns period=10.000ns})
  Path Group:             (none)
  Path Type:              Setup (Max at Slow Process Corner)
  Data Path Delay:        0.242ns  (logic 0.096ns (39.662%)  route 0.146ns (60.338%))
  Logic Levels:           0  
  Clock Path Skew:        -0.313ns (DCD - SCD + CPR)
    Destination Clock Delay (DCD):    2.295ns
    Source Clock Delay      (SCD):    2.608ns
    Clock Pessimism Removal (CPR):    0.000ns
  Clock Uncertainty:      0.174ns  ((TSJ^2 + DJ^2)^1/2) / 2 + PE
    Total System Jitter     (TSJ):    0.071ns
    Discrete Jitter          (DJ):    0.340ns
    Phase Error              (PE):    0.000ns
  Clock Net Delay (Source):      2.401ns (routing 1.302ns, distribution 1.099ns)
  Clock Net Delay (Destination): 2.128ns (routing 1.184ns, distribution 0.944ns)
  Timing Exception:       False Path

    Location             Delay type                Incr(ns)  Path(ns)    Netlist Resource(s)
  -------------------------------------------------------------------    -------------------
                         (clock clk_pl_0 rise edge)
                                                      0.000     0.000 r  
    PS8_X0Y0             PS8                          0.000     0.000 r  design_1_i/zynq_ultra_ps_e_0/inst/PS8_i/PLCLK[0]
                         net (fo=1, routed)           0.178     0.178    design_1_i/zynq_ultra_ps_e_0/inst/pl_clk_unbuffered[0]
    BUFG_PS_X0Y80        BUFG_PS (Prop_BUFG_PS_I_O)
                                                      0.029     0.207 r  design_1_i/zynq_ultra_ps_e_0/inst/buffer_pl_clk_0.PL_CLK_0_BUFG/O
    X1Y1 (CLOCK_ROOT)    net (fo=1324, routed)        2.401     2.608    design_1_i/axi_quad_spi_0/U0/NO_DUAL_QUAD_MODE.QSPI_NORMAL/QSPI_LEGACY_MD_GEN.QSPI_CORE_INTERFACE_I/FIFO_EXISTS.RX_FIFO_II/gnuram_async_fifo.xpm_fifo_base_inst/xpm_fifo_rst_inst/wr_clk
    SLICE_X10Y113        FDRE                                         r  design_1_i/axi_quad_spi_0/U0/NO_DUAL_QUAD_MODE.QSPI_NORMAL/QSPI_LEGACY_MD_GEN.QSPI_CORE_INTERFACE_I/FIFO_EXISTS.RX_FIFO_II/gnuram_async_fifo.xpm_fifo_base_inst/xpm_fifo_rst_inst/gen_rst_ic.fifo_wr_rst_ic_reg/C
  -------------------------------------------------------------------    -------------------
    SLICE_X10Y113        FDRE (Prop_DFF_SLICEM_C_Q)
                                                      0.096     2.704 r  design_1_i/axi_quad_spi_0/U0/NO_DUAL_QUAD_MODE.QSPI_NORMAL/QSPI_LEGACY_MD_GEN.QSPI_CORE_INTERFACE_I/FIFO_EXISTS.RX_FIFO_II/gnuram_async_fifo.xpm_fifo_base_inst/xpm_fifo_rst_inst/gen_rst_ic.fifo_wr_rst_ic_reg/Q
                         net (fo=2, routed)           0.146     2.850    design_1_i/axi_quad_spi_0/U0/NO_DUAL_QUAD_MODE.QSPI_NORMAL/QSPI_LEGACY_MD_GEN.QSPI_CORE_INTERFACE_I/FIFO_EXISTS.RX_FIFO_II/gnuram_async_fifo.xpm_fifo_base_inst/xpm_fifo_rst_inst/gen_rst_ic.wrst_rd_inst/src_rst
    SLICE_X10Y113        FDRE                                         r  design_1_i/axi_quad_spi_0/U0/NO_DUAL_QUAD_MODE.QSPI_NORMAL/QSPI_LEGACY_MD_GEN.QSPI_CORE_INTERFACE_I/FIFO_EXISTS.RX_FIFO_II/gnuram_async_fifo.xpm_fifo_base_inst/xpm_fifo_rst_inst/gen_rst_ic.wrst_rd_inst/syncstages_ff_reg[0]/D
  -------------------------------------------------------------------    -------------------

                         (clock clk_pl_0 rise edge)
                                                      0.000     0.000 r  
    PS8_X0Y0             PS8                          0.000     0.000 r  design_1_i/zynq_ultra_ps_e_0/inst/PS8_i/PLCLK[0]
                         net (fo=1, routed)           0.140     0.140    design_1_i/zynq_ultra_ps_e_0/inst/pl_clk_unbuffered[0]
    BUFG_PS_X0Y80        BUFG_PS (Prop_BUFG_PS_I_O)
                                                      0.027     0.167 r  design_1_i/zynq_ultra_ps_e_0/inst/buffer_pl_clk_0.PL_CLK_0_BUFG/O
    X1Y1 (CLOCK_ROOT)    net (fo=1324, routed)        2.128     2.295    design_1_i/axi_quad_spi_0/U0/NO_DUAL_QUAD_MODE.QSPI_NORMAL/QSPI_LEGACY_MD_GEN.QSPI_CORE_INTERFACE_I/FIFO_EXISTS.RX_FIFO_II/gnuram_async_fifo.xpm_fifo_base_inst/xpm_fifo_rst_inst/gen_rst_ic.wrst_rd_inst/dest_clk
    SLICE_X10Y113        FDRE                                         r  design_1_i/axi_quad_spi_0/U0/NO_DUAL_QUAD_MODE.QSPI_NORMAL/QSPI_LEGACY_MD_GEN.QSPI_CORE_INTERFACE_I/FIFO_EXISTS.RX_FIFO_II/gnuram_async_fifo.xpm_fifo_base_inst/xpm_fifo_rst_inst/gen_rst_ic.wrst_rd_inst/syncstages_ff_reg[0]/C

Slack:                    inf
  Source:                 design_1_i/axi_quad_spi_0/U0/NO_DUAL_QUAD_MODE.QSPI_NORMAL/QSPI_LEGACY_MD_GEN.QSPI_CORE_INTERFACE_I/FIFO_EXISTS.TX_FIFO_II/xpm_fifo_instance.xpm_fifo_async_inst/gnuram_async_fifo.xpm_fifo_base_inst/xpm_fifo_rst_inst/gen_rst_ic.fifo_wr_rst_ic_reg/C
                            (rising edge-triggered cell FDRE clocked by clk_pl_0  {rise@0.000ns fall@5.000ns period=10.000ns})
  Destination:            design_1_i/axi_quad_spi_0/U0/NO_DUAL_QUAD_MODE.QSPI_NORMAL/QSPI_LEGACY_MD_GEN.QSPI_CORE_INTERFACE_I/FIFO_EXISTS.TX_FIFO_II/xpm_fifo_instance.xpm_fifo_async_inst/gnuram_async_fifo.xpm_fifo_base_inst/xpm_fifo_rst_inst/gen_rst_ic.wrst_rd_inst/syncstages_ff_reg[0]/D
                            (rising edge-triggered cell FDRE clocked by clk_pl_0  {rise@0.000ns fall@5.000ns period=10.000ns})
  Path Group:             (none)
  Path Type:              Setup (Max at Slow Process Corner)
  Data Path Delay:        0.229ns  (logic 0.096ns (41.914%)  route 0.133ns (58.086%))
  Logic Levels:           0  
  Clock Path Skew:        -0.312ns (DCD - SCD + CPR)
    Destination Clock Delay (DCD):    2.299ns
    Source Clock Delay      (SCD):    2.611ns
    Clock Pessimism Removal (CPR):    0.000ns
  Clock Uncertainty:      0.174ns  ((TSJ^2 + DJ^2)^1/2) / 2 + PE
    Total System Jitter     (TSJ):    0.071ns
    Discrete Jitter          (DJ):    0.340ns
    Phase Error              (PE):    0.000ns
  Clock Net Delay (Source):      2.404ns (routing 1.302ns, distribution 1.102ns)
  Clock Net Delay (Destination): 2.132ns (routing 1.184ns, distribution 0.948ns)
  Timing Exception:       False Path

    Location             Delay type                Incr(ns)  Path(ns)    Netlist Resource(s)
  -------------------------------------------------------------------    -------------------
                         (clock clk_pl_0 rise edge)
                                                      0.000     0.000 r  
    PS8_X0Y0             PS8                          0.000     0.000 r  design_1_i/zynq_ultra_ps_e_0/inst/PS8_i/PLCLK[0]
                         net (fo=1, routed)           0.178     0.178    design_1_i/zynq_ultra_ps_e_0/inst/pl_clk_unbuffered[0]
    BUFG_PS_X0Y80        BUFG_PS (Prop_BUFG_PS_I_O)
                                                      0.029     0.207 r  design_1_i/zynq_ultra_ps_e_0/inst/buffer_pl_clk_0.PL_CLK_0_BUFG/O
    X1Y1 (CLOCK_ROOT)    net (fo=1324, routed)        2.404     2.611    design_1_i/axi_quad_spi_0/U0/NO_DUAL_QUAD_MODE.QSPI_NORMAL/QSPI_LEGACY_MD_GEN.QSPI_CORE_INTERFACE_I/FIFO_EXISTS.TX_FIFO_II/xpm_fifo_instance.xpm_fifo_async_inst/gnuram_async_fifo.xpm_fifo_base_inst/xpm_fifo_rst_inst/wr_clk
    SLICE_X7Y116         FDRE                                         r  design_1_i/axi_quad_spi_0/U0/NO_DUAL_QUAD_MODE.QSPI_NORMAL/QSPI_LEGACY_MD_GEN.QSPI_CORE_INTERFACE_I/FIFO_EXISTS.TX_FIFO_II/xpm_fifo_instance.xpm_fifo_async_inst/gnuram_async_fifo.xpm_fifo_base_inst/xpm_fifo_rst_inst/gen_rst_ic.fifo_wr_rst_ic_reg/C
  -------------------------------------------------------------------    -------------------
    SLICE_X7Y116         FDRE (Prop_HFF_SLICEM_C_Q)
                                                      0.096     2.707 r  design_1_i/axi_quad_spi_0/U0/NO_DUAL_QUAD_MODE.QSPI_NORMAL/QSPI_LEGACY_MD_GEN.QSPI_CORE_INTERFACE_I/FIFO_EXISTS.TX_FIFO_II/xpm_fifo_instance.xpm_fifo_async_inst/gnuram_async_fifo.xpm_fifo_base_inst/xpm_fifo_rst_inst/gen_rst_ic.fifo_wr_rst_ic_reg/Q
                         net (fo=2, routed)           0.133     2.840    design_1_i/axi_quad_spi_0/U0/NO_DUAL_QUAD_MODE.QSPI_NORMAL/QSPI_LEGACY_MD_GEN.QSPI_CORE_INTERFACE_I/FIFO_EXISTS.TX_FIFO_II/xpm_fifo_instance.xpm_fifo_async_inst/gnuram_async_fifo.xpm_fifo_base_inst/xpm_fifo_rst_inst/gen_rst_ic.wrst_rd_inst/src_rst
    SLICE_X7Y116         FDRE                                         r  design_1_i/axi_quad_spi_0/U0/NO_DUAL_QUAD_MODE.QSPI_NORMAL/QSPI_LEGACY_MD_GEN.QSPI_CORE_INTERFACE_I/FIFO_EXISTS.TX_FIFO_II/xpm_fifo_instance.xpm_fifo_async_inst/gnuram_async_fifo.xpm_fifo_base_inst/xpm_fifo_rst_inst/gen_rst_ic.wrst_rd_inst/syncstages_ff_reg[0]/D
  -------------------------------------------------------------------    -------------------

                         (clock clk_pl_0 rise edge)
                                                      0.000     0.000 r  
    PS8_X0Y0             PS8                          0.000     0.000 r  design_1_i/zynq_ultra_ps_e_0/inst/PS8_i/PLCLK[0]
                         net (fo=1, routed)           0.140     0.140    design_1_i/zynq_ultra_ps_e_0/inst/pl_clk_unbuffered[0]
    BUFG_PS_X0Y80        BUFG_PS (Prop_BUFG_PS_I_O)
                                                      0.027     0.167 r  design_1_i/zynq_ultra_ps_e_0/inst/buffer_pl_clk_0.PL_CLK_0_BUFG/O
    X1Y1 (CLOCK_ROOT)    net (fo=1324, routed)        2.132     2.299    design_1_i/axi_quad_spi_0/U0/NO_DUAL_QUAD_MODE.QSPI_NORMAL/QSPI_LEGACY_MD_GEN.QSPI_CORE_INTERFACE_I/FIFO_EXISTS.TX_FIFO_II/xpm_fifo_instance.xpm_fifo_async_inst/gnuram_async_fifo.xpm_fifo_base_inst/xpm_fifo_rst_inst/gen_rst_ic.wrst_rd_inst/dest_clk
    SLICE_X7Y116         FDRE                                         r  design_1_i/axi_quad_spi_0/U0/NO_DUAL_QUAD_MODE.QSPI_NORMAL/QSPI_LEGACY_MD_GEN.QSPI_CORE_INTERFACE_I/FIFO_EXISTS.TX_FIFO_II/xpm_fifo_instance.xpm_fifo_async_inst/gnuram_async_fifo.xpm_fifo_base_inst/xpm_fifo_rst_inst/gen_rst_ic.wrst_rd_inst/syncstages_ff_reg[0]/C





Min Delay Paths
--------------------------------------------------------------------------------------
Slack:                    inf
  Source:                 design_1_i/axi_quad_spi_0/U0/NO_DUAL_QUAD_MODE.QSPI_NORMAL/QSPI_LEGACY_MD_GEN.QSPI_CORE_INTERFACE_I/FIFO_EXISTS.TX_FIFO_II/xpm_fifo_instance.xpm_fifo_async_inst/gnuram_async_fifo.xpm_fifo_base_inst/xpm_fifo_rst_inst/gen_rst_ic.fifo_wr_rst_ic_reg/C
                            (rising edge-triggered cell FDRE clocked by clk_pl_0  {rise@0.000ns fall@5.000ns period=10.000ns})
  Destination:            design_1_i/axi_quad_spi_0/U0/NO_DUAL_QUAD_MODE.QSPI_NORMAL/QSPI_LEGACY_MD_GEN.QSPI_CORE_INTERFACE_I/FIFO_EXISTS.TX_FIFO_II/xpm_fifo_instance.xpm_fifo_async_inst/gnuram_async_fifo.xpm_fifo_base_inst/xpm_fifo_rst_inst/gen_rst_ic.wrst_rd_inst/syncstages_ff_reg[0]/D
                            (rising edge-triggered cell FDRE clocked by clk_pl_0  {rise@0.000ns fall@5.000ns period=10.000ns})
  Path Group:             (none)
  Path Type:              Hold (Min at Fast Process Corner)
  Data Path Delay:        0.079ns  (logic 0.039ns (49.357%)  route 0.040ns (50.643%))
  Logic Levels:           0  
  Clock Path Skew:        0.187ns (DCD - SCD - CPR)
    Destination Clock Delay (DCD):    1.505ns
    Source Clock Delay      (SCD):    1.319ns
    Clock Pessimism Removal (CPR):    -0.000ns
  Clock Uncertainty:      0.174ns  ((TSJ^2 + DJ^2)^1/2) / 2 + PE
    Total System Jitter     (TSJ):    0.071ns
    Discrete Jitter          (DJ):    0.340ns
    Phase Error              (PE):    0.000ns
  Clock Net Delay (Source):      1.208ns (routing 0.658ns, distribution 0.550ns)
  Clock Net Delay (Destination): 1.367ns (routing 0.738ns, distribution 0.629ns)
  Timing Exception:       False Path

    Location             Delay type                Incr(ns)  Path(ns)    Netlist Resource(s)
  -------------------------------------------------------------------    -------------------
                         (clock clk_pl_0 rise edge)
                                                      0.000     0.000 r  
    PS8_X0Y0             PS8                          0.000     0.000 r  design_1_i/zynq_ultra_ps_e_0/inst/PS8_i/PLCLK[0]
                         net (fo=1, routed)           0.094     0.094    design_1_i/zynq_ultra_ps_e_0/inst/pl_clk_unbuffered[0]
    BUFG_PS_X0Y80        BUFG_PS (Prop_BUFG_PS_I_O)
                                                      0.017     0.111 r  design_1_i/zynq_ultra_ps_e_0/inst/buffer_pl_clk_0.PL_CLK_0_BUFG/O
    X1Y1 (CLOCK_ROOT)    net (fo=1324, routed)        1.208     1.319    design_1_i/axi_quad_spi_0/U0/NO_DUAL_QUAD_MODE.QSPI_NORMAL/QSPI_LEGACY_MD_GEN.QSPI_CORE_INTERFACE_I/FIFO_EXISTS.TX_FIFO_II/xpm_fifo_instance.xpm_fifo_async_inst/gnuram_async_fifo.xpm_fifo_base_inst/xpm_fifo_rst_inst/wr_clk
    SLICE_X7Y116         FDRE                                         r  design_1_i/axi_quad_spi_0/U0/NO_DUAL_QUAD_MODE.QSPI_NORMAL/QSPI_LEGACY_MD_GEN.QSPI_CORE_INTERFACE_I/FIFO_EXISTS.TX_FIFO_II/xpm_fifo_instance.xpm_fifo_async_inst/gnuram_async_fifo.xpm_fifo_base_inst/xpm_fifo_rst_inst/gen_rst_ic.fifo_wr_rst_ic_reg/C
  -------------------------------------------------------------------    -------------------
    SLICE_X7Y116         FDRE (Prop_HFF_SLICEM_C_Q)
                                                      0.039     1.358 r  design_1_i/axi_quad_spi_0/U0/NO_DUAL_QUAD_MODE.QSPI_NORMAL/QSPI_LEGACY_MD_GEN.QSPI_CORE_INTERFACE_I/FIFO_EXISTS.TX_FIFO_II/xpm_fifo_instance.xpm_fifo_async_inst/gnuram_async_fifo.xpm_fifo_base_inst/xpm_fifo_rst_inst/gen_rst_ic.fifo_wr_rst_ic_reg/Q
                         net (fo=2, routed)           0.040     1.398    design_1_i/axi_quad_spi_0/U0/NO_DUAL_QUAD_MODE.QSPI_NORMAL/QSPI_LEGACY_MD_GEN.QSPI_CORE_INTERFACE_I/FIFO_EXISTS.TX_FIFO_II/xpm_fifo_instance.xpm_fifo_async_inst/gnuram_async_fifo.xpm_fifo_base_inst/xpm_fifo_rst_inst/gen_rst_ic.wrst_rd_inst/src_rst
    SLICE_X7Y116         FDRE                                         r  design_1_i/axi_quad_spi_0/U0/NO_DUAL_QUAD_MODE.QSPI_NORMAL/QSPI_LEGACY_MD_GEN.QSPI_CORE_INTERFACE_I/FIFO_EXISTS.TX_FIFO_II/xpm_fifo_instance.xpm_fifo_async_inst/gnuram_async_fifo.xpm_fifo_base_inst/xpm_fifo_rst_inst/gen_rst_ic.wrst_rd_inst/syncstages_ff_reg[0]/D
  -------------------------------------------------------------------    -------------------

                         (clock clk_pl_0 rise edge)
                                                      0.000     0.000 r  
    PS8_X0Y0             PS8                          0.000     0.000 r  design_1_i/zynq_ultra_ps_e_0/inst/PS8_i/PLCLK[0]
                         net (fo=1, routed)           0.120     0.120    design_1_i/zynq_ultra_ps_e_0/inst/pl_clk_unbuffered[0]
    BUFG_PS_X0Y80        BUFG_PS (Prop_BUFG_PS_I_O)
                                                      0.018     0.138 r  design_1_i/zynq_ultra_ps_e_0/inst/buffer_pl_clk_0.PL_CLK_0_BUFG/O
    X1Y1 (CLOCK_ROOT)    net (fo=1324, routed)        1.367     1.505    design_1_i/axi_quad_spi_0/U0/NO_DUAL_QUAD_MODE.QSPI_NORMAL/QSPI_LEGACY_MD_GEN.QSPI_CORE_INTERFACE_I/FIFO_EXISTS.TX_FIFO_II/xpm_fifo_instance.xpm_fifo_async_inst/gnuram_async_fifo.xpm_fifo_base_inst/xpm_fifo_rst_inst/gen_rst_ic.wrst_rd_inst/dest_clk
    SLICE_X7Y116         FDRE                                         r  design_1_i/axi_quad_spi_0/U0/NO_DUAL_QUAD_MODE.QSPI_NORMAL/QSPI_LEGACY_MD_GEN.QSPI_CORE_INTERFACE_I/FIFO_EXISTS.TX_FIFO_II/xpm_fifo_instance.xpm_fifo_async_inst/gnuram_async_fifo.xpm_fifo_base_inst/xpm_fifo_rst_inst/gen_rst_ic.wrst_rd_inst/syncstages_ff_reg[0]/C

Slack:                    inf
  Source:                 design_1_i/axi_quad_spi_0/U0/NO_DUAL_QUAD_MODE.QSPI_NORMAL/QSPI_LEGACY_MD_GEN.QSPI_CORE_INTERFACE_I/FIFO_EXISTS.RX_FIFO_II/gnuram_async_fifo.xpm_fifo_base_inst/xpm_fifo_rst_inst/gen_rst_ic.fifo_wr_rst_ic_reg/C
                            (rising edge-triggered cell FDRE clocked by clk_pl_0  {rise@0.000ns fall@5.000ns period=10.000ns})
  Destination:            design_1_i/axi_quad_spi_0/U0/NO_DUAL_QUAD_MODE.QSPI_NORMAL/QSPI_LEGACY_MD_GEN.QSPI_CORE_INTERFACE_I/FIFO_EXISTS.RX_FIFO_II/gnuram_async_fifo.xpm_fifo_base_inst/xpm_fifo_rst_inst/gen_rst_ic.wrst_rd_inst/syncstages_ff_reg[0]/D
                            (rising edge-triggered cell FDRE clocked by clk_pl_0  {rise@0.000ns fall@5.000ns period=10.000ns})
  Path Group:             (none)
  Path Type:              Hold (Min at Fast Process Corner)
  Data Path Delay:        0.083ns  (logic 0.039ns (46.979%)  route 0.044ns (53.021%))
  Logic Levels:           0  
  Clock Path Skew:        0.189ns (DCD - SCD - CPR)
    Destination Clock Delay (DCD):    1.505ns
    Source Clock Delay      (SCD):    1.317ns
    Clock Pessimism Removal (CPR):    -0.000ns
  Clock Uncertainty:      0.174ns  ((TSJ^2 + DJ^2)^1/2) / 2 + PE
    Total System Jitter     (TSJ):    0.071ns
    Discrete Jitter          (DJ):    0.340ns
    Phase Error              (PE):    0.000ns
  Clock Net Delay (Source):      1.206ns (routing 0.658ns, distribution 0.548ns)
  Clock Net Delay (Destination): 1.367ns (routing 0.738ns, distribution 0.629ns)
  Timing Exception:       False Path

    Location             Delay type                Incr(ns)  Path(ns)    Netlist Resource(s)
  -------------------------------------------------------------------    -------------------
                         (clock clk_pl_0 rise edge)
                                                      0.000     0.000 r  
    PS8_X0Y0             PS8                          0.000     0.000 r  design_1_i/zynq_ultra_ps_e_0/inst/PS8_i/PLCLK[0]
                         net (fo=1, routed)           0.094     0.094    design_1_i/zynq_ultra_ps_e_0/inst/pl_clk_unbuffered[0]
    BUFG_PS_X0Y80        BUFG_PS (Prop_BUFG_PS_I_O)
                                                      0.017     0.111 r  design_1_i/zynq_ultra_ps_e_0/inst/buffer_pl_clk_0.PL_CLK_0_BUFG/O
    X1Y1 (CLOCK_ROOT)    net (fo=1324, routed)        1.206     1.317    design_1_i/axi_quad_spi_0/U0/NO_DUAL_QUAD_MODE.QSPI_NORMAL/QSPI_LEGACY_MD_GEN.QSPI_CORE_INTERFACE_I/FIFO_EXISTS.RX_FIFO_II/gnuram_async_fifo.xpm_fifo_base_inst/xpm_fifo_rst_inst/wr_clk
    SLICE_X10Y113        FDRE                                         r  design_1_i/axi_quad_spi_0/U0/NO_DUAL_QUAD_MODE.QSPI_NORMAL/QSPI_LEGACY_MD_GEN.QSPI_CORE_INTERFACE_I/FIFO_EXISTS.RX_FIFO_II/gnuram_async_fifo.xpm_fifo_base_inst/xpm_fifo_rst_inst/gen_rst_ic.fifo_wr_rst_ic_reg/C
  -------------------------------------------------------------------    -------------------
    SLICE_X10Y113        FDRE (Prop_DFF_SLICEM_C_Q)
                                                      0.039     1.356 r  design_1_i/axi_quad_spi_0/U0/NO_DUAL_QUAD_MODE.QSPI_NORMAL/QSPI_LEGACY_MD_GEN.QSPI_CORE_INTERFACE_I/FIFO_EXISTS.RX_FIFO_II/gnuram_async_fifo.xpm_fifo_base_inst/xpm_fifo_rst_inst/gen_rst_ic.fifo_wr_rst_ic_reg/Q
                         net (fo=2, routed)           0.044     1.400    design_1_i/axi_quad_spi_0/U0/NO_DUAL_QUAD_MODE.QSPI_NORMAL/QSPI_LEGACY_MD_GEN.QSPI_CORE_INTERFACE_I/FIFO_EXISTS.RX_FIFO_II/gnuram_async_fifo.xpm_fifo_base_inst/xpm_fifo_rst_inst/gen_rst_ic.wrst_rd_inst/src_rst
    SLICE_X10Y113        FDRE                                         r  design_1_i/axi_quad_spi_0/U0/NO_DUAL_QUAD_MODE.QSPI_NORMAL/QSPI_LEGACY_MD_GEN.QSPI_CORE_INTERFACE_I/FIFO_EXISTS.RX_FIFO_II/gnuram_async_fifo.xpm_fifo_base_inst/xpm_fifo_rst_inst/gen_rst_ic.wrst_rd_inst/syncstages_ff_reg[0]/D
  -------------------------------------------------------------------    -------------------

                         (clock clk_pl_0 rise edge)
                                                      0.000     0.000 r  
    PS8_X0Y0             PS8                          0.000     0.000 r  design_1_i/zynq_ultra_ps_e_0/inst/PS8_i/PLCLK[0]
                         net (fo=1, routed)           0.120     0.120    design_1_i/zynq_ultra_ps_e_0/inst/pl_clk_unbuffered[0]
    BUFG_PS_X0Y80        BUFG_PS (Prop_BUFG_PS_I_O)
                                                      0.018     0.138 r  design_1_i/zynq_ultra_ps_e_0/inst/buffer_pl_clk_0.PL_CLK_0_BUFG/O
    X1Y1 (CLOCK_ROOT)    net (fo=1324, routed)        1.367     1.505    design_1_i/axi_quad_spi_0/U0/NO_DUAL_QUAD_MODE.QSPI_NORMAL/QSPI_LEGACY_MD_GEN.QSPI_CORE_INTERFACE_I/FIFO_EXISTS.RX_FIFO_II/gnuram_async_fifo.xpm_fifo_base_inst/xpm_fifo_rst_inst/gen_rst_ic.wrst_rd_inst/dest_clk
    SLICE_X10Y113        FDRE                                         r  design_1_i/axi_quad_spi_0/U0/NO_DUAL_QUAD_MODE.QSPI_NORMAL/QSPI_LEGACY_MD_GEN.QSPI_CORE_INTERFACE_I/FIFO_EXISTS.RX_FIFO_II/gnuram_async_fifo.xpm_fifo_base_inst/xpm_fifo_rst_inst/gen_rst_ic.wrst_rd_inst/syncstages_ff_reg[0]/C

Slack:                    inf
  Source:                 design_1_i/axi_quad_spi_0/U0/NO_DUAL_QUAD_MODE.QSPI_NORMAL/QSPI_LEGACY_MD_GEN.QSPI_CORE_INTERFACE_I/FIFO_EXISTS.RX_FIFO_II/gnuram_async_fifo.xpm_fifo_base_inst/gen_sdpram.xpm_memory_base_inst/gen_wr_a.gen_word_narrow.mem_reg_0_15_0_7/RAMA/CLK
                            (rising edge-triggered cell RAMD32 clocked by clk_pl_0  {rise@0.000ns fall@5.000ns period=10.000ns})
  Destination:            design_1_i/axi_quad_spi_0/U0/NO_DUAL_QUAD_MODE.QSPI_NORMAL/QSPI_LEGACY_MD_GEN.QSPI_CORE_INTERFACE_I/FIFO_EXISTS.RX_FIFO_II/gnuram_async_fifo.xpm_fifo_base_inst/gen_sdpram.xpm_memory_base_inst/gen_rd_b.gen_rd_b_synth_template.gen_nc_narrow_pipe.doutb_reg_reg[0]/D
                            (rising edge-triggered cell FDRE clocked by clk_pl_0  {rise@0.000ns fall@5.000ns period=10.000ns})
  Path Group:             (none)
  Path Type:              Hold (Min at Fast Process Corner)
  Data Path Delay:        0.116ns  (logic 0.109ns (93.966%)  route 0.007ns (6.034%))
  Logic Levels:           0  
  Clock Path Skew:        0.175ns (DCD - SCD - CPR)
    Destination Clock Delay (DCD):    1.509ns
    Source Clock Delay      (SCD):    1.334ns
    Clock Pessimism Removal (CPR):    -0.000ns
  Clock Uncertainty:      0.174ns  ((TSJ^2 + DJ^2)^1/2) / 2 + PE
    Total System Jitter     (TSJ):    0.071ns
    Discrete Jitter          (DJ):    0.340ns
    Phase Error              (PE):    0.000ns
  Clock Net Delay (Source):      1.223ns (routing 0.658ns, distribution 0.565ns)
  Clock Net Delay (Destination): 1.371ns (routing 0.738ns, distribution 0.633ns)
  Timing Exception:       False Path

    Location             Delay type                Incr(ns)  Path(ns)    Netlist Resource(s)
  -------------------------------------------------------------------    -------------------
                         (clock clk_pl_0 rise edge)
                                                      0.000     0.000 r  
    PS8_X0Y0             PS8                          0.000     0.000 r  design_1_i/zynq_ultra_ps_e_0/inst/PS8_i/PLCLK[0]
                         net (fo=1, routed)           0.094     0.094    design_1_i/zynq_ultra_ps_e_0/inst/pl_clk_unbuffered[0]
    BUFG_PS_X0Y80        BUFG_PS (Prop_BUFG_PS_I_O)
                                                      0.017     0.111 r  design_1_i/zynq_ultra_ps_e_0/inst/buffer_pl_clk_0.PL_CLK_0_BUFG/O
    X1Y1 (CLOCK_ROOT)    net (fo=1324, routed)        1.223     1.334    design_1_i/axi_quad_spi_0/U0/NO_DUAL_QUAD_MODE.QSPI_NORMAL/QSPI_LEGACY_MD_GEN.QSPI_CORE_INTERFACE_I/FIFO_EXISTS.RX_FIFO_II/gnuram_async_fifo.xpm_fifo_base_inst/gen_sdpram.xpm_memory_base_inst/gen_wr_a.gen_word_narrow.mem_reg_0_15_0_7/WCLK
    SLICE_X8Y109         RAMD32                                       r  design_1_i/axi_quad_spi_0/U0/NO_DUAL_QUAD_MODE.QSPI_NORMAL/QSPI_LEGACY_MD_GEN.QSPI_CORE_INTERFACE_I/FIFO_EXISTS.RX_FIFO_II/gnuram_async_fifo.xpm_fifo_base_inst/gen_sdpram.xpm_memory_base_inst/gen_wr_a.gen_word_narrow.mem_reg_0_15_0_7/RAMA/CLK
  -------------------------------------------------------------------    -------------------
    SLICE_X8Y109         RAMD32 (Prop_A5LUT_SLICEM_CLK_O)
                                                      0.109     1.443 r  design_1_i/axi_quad_spi_0/U0/NO_DUAL_QUAD_MODE.QSPI_NORMAL/QSPI_LEGACY_MD_GEN.QSPI_CORE_INTERFACE_I/FIFO_EXISTS.RX_FIFO_II/gnuram_async_fifo.xpm_fifo_base_inst/gen_sdpram.xpm_memory_base_inst/gen_wr_a.gen_word_narrow.mem_reg_0_15_0_7/RAMA/O
                         net (fo=1, routed)           0.007     1.450    design_1_i/axi_quad_spi_0/U0/NO_DUAL_QUAD_MODE.QSPI_NORMAL/QSPI_LEGACY_MD_GEN.QSPI_CORE_INTERFACE_I/FIFO_EXISTS.RX_FIFO_II/gnuram_async_fifo.xpm_fifo_base_inst/gen_sdpram.xpm_memory_base_inst/gen_rd_b.gen_rd_b_synth_template.gen_nc_narrow_pipe.doutb_reg_reg0[0]
    SLICE_X8Y109         FDRE                                         r  design_1_i/axi_quad_spi_0/U0/NO_DUAL_QUAD_MODE.QSPI_NORMAL/QSPI_LEGACY_MD_GEN.QSPI_CORE_INTERFACE_I/FIFO_EXISTS.RX_FIFO_II/gnuram_async_fifo.xpm_fifo_base_inst/gen_sdpram.xpm_memory_base_inst/gen_rd_b.gen_rd_b_synth_template.gen_nc_narrow_pipe.doutb_reg_reg[0]/D
  -------------------------------------------------------------------    -------------------

                         (clock clk_pl_0 rise edge)
                                                      0.000     0.000 r  
    PS8_X0Y0             PS8                          0.000     0.000 r  design_1_i/zynq_ultra_ps_e_0/inst/PS8_i/PLCLK[0]
                         net (fo=1, routed)           0.120     0.120    design_1_i/zynq_ultra_ps_e_0/inst/pl_clk_unbuffered[0]
    BUFG_PS_X0Y80        BUFG_PS (Prop_BUFG_PS_I_O)
                                                      0.018     0.138 r  design_1_i/zynq_ultra_ps_e_0/inst/buffer_pl_clk_0.PL_CLK_0_BUFG/O
    X1Y1 (CLOCK_ROOT)    net (fo=1324, routed)        1.371     1.509    design_1_i/axi_quad_spi_0/U0/NO_DUAL_QUAD_MODE.QSPI_NORMAL/QSPI_LEGACY_MD_GEN.QSPI_CORE_INTERFACE_I/FIFO_EXISTS.RX_FIFO_II/gnuram_async_fifo.xpm_fifo_base_inst/gen_sdpram.xpm_memory_base_inst/clkb
    SLICE_X8Y109         FDRE                                         r  design_1_i/axi_quad_spi_0/U0/NO_DUAL_QUAD_MODE.QSPI_NORMAL/QSPI_LEGACY_MD_GEN.QSPI_CORE_INTERFACE_I/FIFO_EXISTS.RX_FIFO_II/gnuram_async_fifo.xpm_fifo_base_inst/gen_sdpram.xpm_memory_base_inst/gen_rd_b.gen_rd_b_synth_template.gen_nc_narrow_pipe.doutb_reg_reg[0]/C

Slack:                    inf
  Source:                 design_1_i/axi_quad_spi_0/U0/NO_DUAL_QUAD_MODE.QSPI_NORMAL/QSPI_LEGACY_MD_GEN.QSPI_CORE_INTERFACE_I/FIFO_EXISTS.RX_FIFO_II/gnuram_async_fifo.xpm_fifo_base_inst/gen_sdpram.xpm_memory_base_inst/gen_wr_a.gen_word_narrow.mem_reg_0_15_0_7/RAMB/CLK
                            (rising edge-triggered cell RAMD32 clocked by clk_pl_0  {rise@0.000ns fall@5.000ns period=10.000ns})
  Destination:            design_1_i/axi_quad_spi_0/U0/NO_DUAL_QUAD_MODE.QSPI_NORMAL/QSPI_LEGACY_MD_GEN.QSPI_CORE_INTERFACE_I/FIFO_EXISTS.RX_FIFO_II/gnuram_async_fifo.xpm_fifo_base_inst/gen_sdpram.xpm_memory_base_inst/gen_rd_b.gen_rd_b_synth_template.gen_nc_narrow_pipe.doutb_reg_reg[2]/D
                            (rising edge-triggered cell FDRE clocked by clk_pl_0  {rise@0.000ns fall@5.000ns period=10.000ns})
  Path Group:             (none)
  Path Type:              Hold (Min at Fast Process Corner)
  Data Path Delay:        0.118ns  (logic 0.110ns (93.220%)  route 0.008ns (6.780%))
  Logic Levels:           0  
  Clock Path Skew:        0.175ns (DCD - SCD - CPR)
    Destination Clock Delay (DCD):    1.509ns
    Source Clock Delay      (SCD):    1.334ns
    Clock Pessimism Removal (CPR):    -0.000ns
  Clock Uncertainty:      0.174ns  ((TSJ^2 + DJ^2)^1/2) / 2 + PE
    Total System Jitter     (TSJ):    0.071ns
    Discrete Jitter          (DJ):    0.340ns
    Phase Error              (PE):    0.000ns
  Clock Net Delay (Source):      1.223ns (routing 0.658ns, distribution 0.565ns)
  Clock Net Delay (Destination): 1.371ns (routing 0.738ns, distribution 0.633ns)
  Timing Exception:       False Path

    Location             Delay type                Incr(ns)  Path(ns)    Netlist Resource(s)
  -------------------------------------------------------------------    -------------------
                         (clock clk_pl_0 rise edge)
                                                      0.000     0.000 r  
    PS8_X0Y0             PS8                          0.000     0.000 r  design_1_i/zynq_ultra_ps_e_0/inst/PS8_i/PLCLK[0]
                         net (fo=1, routed)           0.094     0.094    design_1_i/zynq_ultra_ps_e_0/inst/pl_clk_unbuffered[0]
    BUFG_PS_X0Y80        BUFG_PS (Prop_BUFG_PS_I_O)
                                                      0.017     0.111 r  design_1_i/zynq_ultra_ps_e_0/inst/buffer_pl_clk_0.PL_CLK_0_BUFG/O
    X1Y1 (CLOCK_ROOT)    net (fo=1324, routed)        1.223     1.334    design_1_i/axi_quad_spi_0/U0/NO_DUAL_QUAD_MODE.QSPI_NORMAL/QSPI_LEGACY_MD_GEN.QSPI_CORE_INTERFACE_I/FIFO_EXISTS.RX_FIFO_II/gnuram_async_fifo.xpm_fifo_base_inst/gen_sdpram.xpm_memory_base_inst/gen_wr_a.gen_word_narrow.mem_reg_0_15_0_7/WCLK
    SLICE_X8Y109         RAMD32                                       r  design_1_i/axi_quad_spi_0/U0/NO_DUAL_QUAD_MODE.QSPI_NORMAL/QSPI_LEGACY_MD_GEN.QSPI_CORE_INTERFACE_I/FIFO_EXISTS.RX_FIFO_II/gnuram_async_fifo.xpm_fifo_base_inst/gen_sdpram.xpm_memory_base_inst/gen_wr_a.gen_word_narrow.mem_reg_0_15_0_7/RAMB/CLK
  -------------------------------------------------------------------    -------------------
    SLICE_X8Y109         RAMD32 (Prop_B5LUT_SLICEM_CLK_O)
                                                      0.110     1.444 r  design_1_i/axi_quad_spi_0/U0/NO_DUAL_QUAD_MODE.QSPI_NORMAL/QSPI_LEGACY_MD_GEN.QSPI_CORE_INTERFACE_I/FIFO_EXISTS.RX_FIFO_II/gnuram_async_fifo.xpm_fifo_base_inst/gen_sdpram.xpm_memory_base_inst/gen_wr_a.gen_word_narrow.mem_reg_0_15_0_7/RAMB/O
                         net (fo=1, routed)           0.008     1.452    design_1_i/axi_quad_spi_0/U0/NO_DUAL_QUAD_MODE.QSPI_NORMAL/QSPI_LEGACY_MD_GEN.QSPI_CORE_INTERFACE_I/FIFO_EXISTS.RX_FIFO_II/gnuram_async_fifo.xpm_fifo_base_inst/gen_sdpram.xpm_memory_base_inst/gen_rd_b.gen_rd_b_synth_template.gen_nc_narrow_pipe.doutb_reg_reg0[2]
    SLICE_X8Y109         FDRE                                         r  design_1_i/axi_quad_spi_0/U0/NO_DUAL_QUAD_MODE.QSPI_NORMAL/QSPI_LEGACY_MD_GEN.QSPI_CORE_INTERFACE_I/FIFO_EXISTS.RX_FIFO_II/gnuram_async_fifo.xpm_fifo_base_inst/gen_sdpram.xpm_memory_base_inst/gen_rd_b.gen_rd_b_synth_template.gen_nc_narrow_pipe.doutb_reg_reg[2]/D
  -------------------------------------------------------------------    -------------------

                         (clock clk_pl_0 rise edge)
                                                      0.000     0.000 r  
    PS8_X0Y0             PS8                          0.000     0.000 r  design_1_i/zynq_ultra_ps_e_0/inst/PS8_i/PLCLK[0]
                         net (fo=1, routed)           0.120     0.120    design_1_i/zynq_ultra_ps_e_0/inst/pl_clk_unbuffered[0]
    BUFG_PS_X0Y80        BUFG_PS (Prop_BUFG_PS_I_O)
                                                      0.018     0.138 r  design_1_i/zynq_ultra_ps_e_0/inst/buffer_pl_clk_0.PL_CLK_0_BUFG/O
    X1Y1 (CLOCK_ROOT)    net (fo=1324, routed)        1.371     1.509    design_1_i/axi_quad_spi_0/U0/NO_DUAL_QUAD_MODE.QSPI_NORMAL/QSPI_LEGACY_MD_GEN.QSPI_CORE_INTERFACE_I/FIFO_EXISTS.RX_FIFO_II/gnuram_async_fifo.xpm_fifo_base_inst/gen_sdpram.xpm_memory_base_inst/clkb
    SLICE_X8Y109         FDRE                                         r  design_1_i/axi_quad_spi_0/U0/NO_DUAL_QUAD_MODE.QSPI_NORMAL/QSPI_LEGACY_MD_GEN.QSPI_CORE_INTERFACE_I/FIFO_EXISTS.RX_FIFO_II/gnuram_async_fifo.xpm_fifo_base_inst/gen_sdpram.xpm_memory_base_inst/gen_rd_b.gen_rd_b_synth_template.gen_nc_narrow_pipe.doutb_reg_reg[2]/C

Slack:                    inf
  Source:                 design_1_i/axi_quad_spi_0/U0/NO_DUAL_QUAD_MODE.QSPI_NORMAL/QSPI_LEGACY_MD_GEN.QSPI_CORE_INTERFACE_I/FIFO_EXISTS.RX_FIFO_II/gnuram_async_fifo.xpm_fifo_base_inst/gen_sdpram.xpm_memory_base_inst/gen_wr_a.gen_word_narrow.mem_reg_0_15_0_7/RAMC/CLK
                            (rising edge-triggered cell RAMD32 clocked by clk_pl_0  {rise@0.000ns fall@5.000ns period=10.000ns})
  Destination:            design_1_i/axi_quad_spi_0/U0/NO_DUAL_QUAD_MODE.QSPI_NORMAL/QSPI_LEGACY_MD_GEN.QSPI_CORE_INTERFACE_I/FIFO_EXISTS.RX_FIFO_II/gnuram_async_fifo.xpm_fifo_base_inst/gen_sdpram.xpm_memory_base_inst/gen_rd_b.gen_rd_b_synth_template.gen_nc_narrow_pipe.doutb_reg_reg[4]/D
                            (rising edge-triggered cell FDRE clocked by clk_pl_0  {rise@0.000ns fall@5.000ns period=10.000ns})
  Path Group:             (none)
  Path Type:              Hold (Min at Fast Process Corner)
  Data Path Delay:        0.120ns  (logic 0.112ns (93.333%)  route 0.008ns (6.667%))
  Logic Levels:           0  
  Clock Path Skew:        0.175ns (DCD - SCD - CPR)
    Destination Clock Delay (DCD):    1.509ns
    Source Clock Delay      (SCD):    1.334ns
    Clock Pessimism Removal (CPR):    -0.000ns
  Clock Uncertainty:      0.174ns  ((TSJ^2 + DJ^2)^1/2) / 2 + PE
    Total System Jitter     (TSJ):    0.071ns
    Discrete Jitter          (DJ):    0.340ns
    Phase Error              (PE):    0.000ns
  Clock Net Delay (Source):      1.223ns (routing 0.658ns, distribution 0.565ns)
  Clock Net Delay (Destination): 1.371ns (routing 0.738ns, distribution 0.633ns)
  Timing Exception:       False Path

    Location             Delay type                Incr(ns)  Path(ns)    Netlist Resource(s)
  -------------------------------------------------------------------    -------------------
                         (clock clk_pl_0 rise edge)
                                                      0.000     0.000 r  
    PS8_X0Y0             PS8                          0.000     0.000 r  design_1_i/zynq_ultra_ps_e_0/inst/PS8_i/PLCLK[0]
                         net (fo=1, routed)           0.094     0.094    design_1_i/zynq_ultra_ps_e_0/inst/pl_clk_unbuffered[0]
    BUFG_PS_X0Y80        BUFG_PS (Prop_BUFG_PS_I_O)
                                                      0.017     0.111 r  design_1_i/zynq_ultra_ps_e_0/inst/buffer_pl_clk_0.PL_CLK_0_BUFG/O
    X1Y1 (CLOCK_ROOT)    net (fo=1324, routed)        1.223     1.334    design_1_i/axi_quad_spi_0/U0/NO_DUAL_QUAD_MODE.QSPI_NORMAL/QSPI_LEGACY_MD_GEN.QSPI_CORE_INTERFACE_I/FIFO_EXISTS.RX_FIFO_II/gnuram_async_fifo.xpm_fifo_base_inst/gen_sdpram.xpm_memory_base_inst/gen_wr_a.gen_word_narrow.mem_reg_0_15_0_7/WCLK
    SLICE_X8Y109         RAMD32                                       r  design_1_i/axi_quad_spi_0/U0/NO_DUAL_QUAD_MODE.QSPI_NORMAL/QSPI_LEGACY_MD_GEN.QSPI_CORE_INTERFACE_I/FIFO_EXISTS.RX_FIFO_II/gnuram_async_fifo.xpm_fifo_base_inst/gen_sdpram.xpm_memory_base_inst/gen_wr_a.gen_word_narrow.mem_reg_0_15_0_7/RAMC/CLK
  -------------------------------------------------------------------    -------------------
    SLICE_X8Y109         RAMD32 (Prop_C5LUT_SLICEM_CLK_O)
                                                      0.112     1.446 r  design_1_i/axi_quad_spi_0/U0/NO_DUAL_QUAD_MODE.QSPI_NORMAL/QSPI_LEGACY_MD_GEN.QSPI_CORE_INTERFACE_I/FIFO_EXISTS.RX_FIFO_II/gnuram_async_fifo.xpm_fifo_base_inst/gen_sdpram.xpm_memory_base_inst/gen_wr_a.gen_word_narrow.mem_reg_0_15_0_7/RAMC/O
                         net (fo=1, routed)           0.008     1.454    design_1_i/axi_quad_spi_0/U0/NO_DUAL_QUAD_MODE.QSPI_NORMAL/QSPI_LEGACY_MD_GEN.QSPI_CORE_INTERFACE_I/FIFO_EXISTS.RX_FIFO_II/gnuram_async_fifo.xpm_fifo_base_inst/gen_sdpram.xpm_memory_base_inst/gen_rd_b.gen_rd_b_synth_template.gen_nc_narrow_pipe.doutb_reg_reg0[4]
    SLICE_X8Y109         FDRE                                         r  design_1_i/axi_quad_spi_0/U0/NO_DUAL_QUAD_MODE.QSPI_NORMAL/QSPI_LEGACY_MD_GEN.QSPI_CORE_INTERFACE_I/FIFO_EXISTS.RX_FIFO_II/gnuram_async_fifo.xpm_fifo_base_inst/gen_sdpram.xpm_memory_base_inst/gen_rd_b.gen_rd_b_synth_template.gen_nc_narrow_pipe.doutb_reg_reg[4]/D
  -------------------------------------------------------------------    -------------------

                         (clock clk_pl_0 rise edge)
                                                      0.000     0.000 r  
    PS8_X0Y0             PS8                          0.000     0.000 r  design_1_i/zynq_ultra_ps_e_0/inst/PS8_i/PLCLK[0]
                         net (fo=1, routed)           0.120     0.120    design_1_i/zynq_ultra_ps_e_0/inst/pl_clk_unbuffered[0]
    BUFG_PS_X0Y80        BUFG_PS (Prop_BUFG_PS_I_O)
                                                      0.018     0.138 r  design_1_i/zynq_ultra_ps_e_0/inst/buffer_pl_clk_0.PL_CLK_0_BUFG/O
    X1Y1 (CLOCK_ROOT)    net (fo=1324, routed)        1.371     1.509    design_1_i/axi_quad_spi_0/U0/NO_DUAL_QUAD_MODE.QSPI_NORMAL/QSPI_LEGACY_MD_GEN.QSPI_CORE_INTERFACE_I/FIFO_EXISTS.RX_FIFO_II/gnuram_async_fifo.xpm_fifo_base_inst/gen_sdpram.xpm_memory_base_inst/clkb
    SLICE_X8Y109         FDRE                                         r  design_1_i/axi_quad_spi_0/U0/NO_DUAL_QUAD_MODE.QSPI_NORMAL/QSPI_LEGACY_MD_GEN.QSPI_CORE_INTERFACE_I/FIFO_EXISTS.RX_FIFO_II/gnuram_async_fifo.xpm_fifo_base_inst/gen_sdpram.xpm_memory_base_inst/gen_rd_b.gen_rd_b_synth_template.gen_nc_narrow_pipe.doutb_reg_reg[4]/C

Slack:                    inf
  Source:                 design_1_i/axi_quad_spi_0/U0/NO_DUAL_QUAD_MODE.QSPI_NORMAL/QSPI_LEGACY_MD_GEN.QSPI_CORE_INTERFACE_I/FIFO_EXISTS.TX_FIFO_II/xpm_fifo_instance.xpm_fifo_async_inst/gnuram_async_fifo.xpm_fifo_base_inst/xpm_fifo_rst_inst/gen_rst_ic.fifo_rd_rst_ic_reg/C
                            (rising edge-triggered cell FDRE clocked by clk_pl_0  {rise@0.000ns fall@5.000ns period=10.000ns})
  Destination:            design_1_i/axi_quad_spi_0/U0/NO_DUAL_QUAD_MODE.QSPI_NORMAL/QSPI_LEGACY_MD_GEN.QSPI_CORE_INTERFACE_I/FIFO_EXISTS.TX_FIFO_II/xpm_fifo_instance.xpm_fifo_async_inst/gnuram_async_fifo.xpm_fifo_base_inst/xpm_fifo_rst_inst/gen_rst_ic.rrst_wr_inst/syncstages_ff_reg[0]/D
                            (rising edge-triggered cell FDRE clocked by clk_pl_0  {rise@0.000ns fall@5.000ns period=10.000ns})
  Path Group:             (none)
  Path Type:              Hold (Min at Fast Process Corner)
  Data Path Delay:        0.132ns  (logic 0.039ns (29.617%)  route 0.093ns (70.383%))
  Logic Levels:           0  
  Clock Path Skew:        0.182ns (DCD - SCD - CPR)
    Destination Clock Delay (DCD):    1.505ns
    Source Clock Delay      (SCD):    1.324ns
    Clock Pessimism Removal (CPR):    -0.000ns
  Clock Uncertainty:      0.174ns  ((TSJ^2 + DJ^2)^1/2) / 2 + PE
    Total System Jitter     (TSJ):    0.071ns
    Discrete Jitter          (DJ):    0.340ns
    Phase Error              (PE):    0.000ns
  Clock Net Delay (Source):      1.213ns (routing 0.658ns, distribution 0.555ns)
  Clock Net Delay (Destination): 1.367ns (routing 0.738ns, distribution 0.629ns)
  Timing Exception:       False Path

    Location             Delay type                Incr(ns)  Path(ns)    Netlist Resource(s)
  -------------------------------------------------------------------    -------------------
                         (clock clk_pl_0 rise edge)
                                                      0.000     0.000 r  
    PS8_X0Y0             PS8                          0.000     0.000 r  design_1_i/zynq_ultra_ps_e_0/inst/PS8_i/PLCLK[0]
                         net (fo=1, routed)           0.094     0.094    design_1_i/zynq_ultra_ps_e_0/inst/pl_clk_unbuffered[0]
    BUFG_PS_X0Y80        BUFG_PS (Prop_BUFG_PS_I_O)
                                                      0.017     0.111 r  design_1_i/zynq_ultra_ps_e_0/inst/buffer_pl_clk_0.PL_CLK_0_BUFG/O
    X1Y1 (CLOCK_ROOT)    net (fo=1324, routed)        1.213     1.324    design_1_i/axi_quad_spi_0/U0/NO_DUAL_QUAD_MODE.QSPI_NORMAL/QSPI_LEGACY_MD_GEN.QSPI_CORE_INTERFACE_I/FIFO_EXISTS.TX_FIFO_II/xpm_fifo_instance.xpm_fifo_async_inst/gnuram_async_fifo.xpm_fifo_base_inst/xpm_fifo_rst_inst/rd_clk
    SLICE_X6Y116         FDRE                                         r  design_1_i/axi_quad_spi_0/U0/NO_DUAL_QUAD_MODE.QSPI_NORMAL/QSPI_LEGACY_MD_GEN.QSPI_CORE_INTERFACE_I/FIFO_EXISTS.TX_FIFO_II/xpm_fifo_instance.xpm_fifo_async_inst/gnuram_async_fifo.xpm_fifo_base_inst/xpm_fifo_rst_inst/gen_rst_ic.fifo_rd_rst_ic_reg/C
  -------------------------------------------------------------------    -------------------
    SLICE_X6Y116         FDRE (Prop_BFF_SLICEL_C_Q)
                                                      0.039     1.363 r  design_1_i/axi_quad_spi_0/U0/NO_DUAL_QUAD_MODE.QSPI_NORMAL/QSPI_LEGACY_MD_GEN.QSPI_CORE_INTERFACE_I/FIFO_EXISTS.TX_FIFO_II/xpm_fifo_instance.xpm_fifo_async_inst/gnuram_async_fifo.xpm_fifo_base_inst/xpm_fifo_rst_inst/gen_rst_ic.fifo_rd_rst_ic_reg/Q
                         net (fo=19, routed)          0.093     1.455    design_1_i/axi_quad_spi_0/U0/NO_DUAL_QUAD_MODE.QSPI_NORMAL/QSPI_LEGACY_MD_GEN.QSPI_CORE_INTERFACE_I/FIFO_EXISTS.TX_FIFO_II/xpm_fifo_instance.xpm_fifo_async_inst/gnuram_async_fifo.xpm_fifo_base_inst/xpm_fifo_rst_inst/gen_rst_ic.rrst_wr_inst/src_rst
    SLICE_X7Y115         FDRE                                         r  design_1_i/axi_quad_spi_0/U0/NO_DUAL_QUAD_MODE.QSPI_NORMAL/QSPI_LEGACY_MD_GEN.QSPI_CORE_INTERFACE_I/FIFO_EXISTS.TX_FIFO_II/xpm_fifo_instance.xpm_fifo_async_inst/gnuram_async_fifo.xpm_fifo_base_inst/xpm_fifo_rst_inst/gen_rst_ic.rrst_wr_inst/syncstages_ff_reg[0]/D
  -------------------------------------------------------------------    -------------------

                         (clock clk_pl_0 rise edge)
                                                      0.000     0.000 r  
    PS8_X0Y0             PS8                          0.000     0.000 r  design_1_i/zynq_ultra_ps_e_0/inst/PS8_i/PLCLK[0]
                         net (fo=1, routed)           0.120     0.120    design_1_i/zynq_ultra_ps_e_0/inst/pl_clk_unbuffered[0]
    BUFG_PS_X0Y80        BUFG_PS (Prop_BUFG_PS_I_O)
                                                      0.018     0.138 r  design_1_i/zynq_ultra_ps_e_0/inst/buffer_pl_clk_0.PL_CLK_0_BUFG/O
    X1Y1 (CLOCK_ROOT)    net (fo=1324, routed)        1.367     1.505    design_1_i/axi_quad_spi_0/U0/NO_DUAL_QUAD_MODE.QSPI_NORMAL/QSPI_LEGACY_MD_GEN.QSPI_CORE_INTERFACE_I/FIFO_EXISTS.TX_FIFO_II/xpm_fifo_instance.xpm_fifo_async_inst/gnuram_async_fifo.xpm_fifo_base_inst/xpm_fifo_rst_inst/gen_rst_ic.rrst_wr_inst/dest_clk
    SLICE_X7Y115         FDRE                                         r  design_1_i/axi_quad_spi_0/U0/NO_DUAL_QUAD_MODE.QSPI_NORMAL/QSPI_LEGACY_MD_GEN.QSPI_CORE_INTERFACE_I/FIFO_EXISTS.TX_FIFO_II/xpm_fifo_instance.xpm_fifo_async_inst/gnuram_async_fifo.xpm_fifo_base_inst/xpm_fifo_rst_inst/gen_rst_ic.rrst_wr_inst/syncstages_ff_reg[0]/C

Slack:                    inf
  Source:                 design_1_i/axi_quad_spi_0/U0/NO_DUAL_QUAD_MODE.QSPI_NORMAL/QSPI_LEGACY_MD_GEN.QSPI_CORE_INTERFACE_I/FIFO_EXISTS.RX_FIFO_II/gnuram_async_fifo.xpm_fifo_base_inst/gen_sdpram.xpm_memory_base_inst/gen_wr_a.gen_word_narrow.mem_reg_0_15_0_7/RAMD/CLK
                            (rising edge-triggered cell RAMD32 clocked by clk_pl_0  {rise@0.000ns fall@5.000ns period=10.000ns})
  Destination:            design_1_i/axi_quad_spi_0/U0/NO_DUAL_QUAD_MODE.QSPI_NORMAL/QSPI_LEGACY_MD_GEN.QSPI_CORE_INTERFACE_I/FIFO_EXISTS.RX_FIFO_II/gnuram_async_fifo.xpm_fifo_base_inst/gen_sdpram.xpm_memory_base_inst/gen_rd_b.gen_rd_b_synth_template.gen_nc_narrow_pipe.doutb_reg_reg[6]/D
                            (rising edge-triggered cell FDRE clocked by clk_pl_0  {rise@0.000ns fall@5.000ns period=10.000ns})
  Path Group:             (none)
  Path Type:              Hold (Min at Fast Process Corner)
  Data Path Delay:        0.122ns  (logic 0.113ns (92.623%)  route 0.009ns (7.377%))
  Logic Levels:           0  
  Clock Path Skew:        0.175ns (DCD - SCD - CPR)
    Destination Clock Delay (DCD):    1.509ns
    Source Clock Delay      (SCD):    1.334ns
    Clock Pessimism Removal (CPR):    -0.000ns
  Clock Uncertainty:      0.174ns  ((TSJ^2 + DJ^2)^1/2) / 2 + PE
    Total System Jitter     (TSJ):    0.071ns
    Discrete Jitter          (DJ):    0.340ns
    Phase Error              (PE):    0.000ns
  Clock Net Delay (Source):      1.223ns (routing 0.658ns, distribution 0.565ns)
  Clock Net Delay (Destination): 1.371ns (routing 0.738ns, distribution 0.633ns)
  Timing Exception:       False Path

    Location             Delay type                Incr(ns)  Path(ns)    Netlist Resource(s)
  -------------------------------------------------------------------    -------------------
                         (clock clk_pl_0 rise edge)
                                                      0.000     0.000 r  
    PS8_X0Y0             PS8                          0.000     0.000 r  design_1_i/zynq_ultra_ps_e_0/inst/PS8_i/PLCLK[0]
                         net (fo=1, routed)           0.094     0.094    design_1_i/zynq_ultra_ps_e_0/inst/pl_clk_unbuffered[0]
    BUFG_PS_X0Y80        BUFG_PS (Prop_BUFG_PS_I_O)
                                                      0.017     0.111 r  design_1_i/zynq_ultra_ps_e_0/inst/buffer_pl_clk_0.PL_CLK_0_BUFG/O
    X1Y1 (CLOCK_ROOT)    net (fo=1324, routed)        1.223     1.334    design_1_i/axi_quad_spi_0/U0/NO_DUAL_QUAD_MODE.QSPI_NORMAL/QSPI_LEGACY_MD_GEN.QSPI_CORE_INTERFACE_I/FIFO_EXISTS.RX_FIFO_II/gnuram_async_fifo.xpm_fifo_base_inst/gen_sdpram.xpm_memory_base_inst/gen_wr_a.gen_word_narrow.mem_reg_0_15_0_7/WCLK
    SLICE_X8Y109         RAMD32                                       r  design_1_i/axi_quad_spi_0/U0/NO_DUAL_QUAD_MODE.QSPI_NORMAL/QSPI_LEGACY_MD_GEN.QSPI_CORE_INTERFACE_I/FIFO_EXISTS.RX_FIFO_II/gnuram_async_fifo.xpm_fifo_base_inst/gen_sdpram.xpm_memory_base_inst/gen_wr_a.gen_word_narrow.mem_reg_0_15_0_7/RAMD/CLK
  -------------------------------------------------------------------    -------------------
    SLICE_X8Y109         RAMD32 (Prop_D5LUT_SLICEM_CLK_O)
                                                      0.113     1.447 r  design_1_i/axi_quad_spi_0/U0/NO_DUAL_QUAD_MODE.QSPI_NORMAL/QSPI_LEGACY_MD_GEN.QSPI_CORE_INTERFACE_I/FIFO_EXISTS.RX_FIFO_II/gnuram_async_fifo.xpm_fifo_base_inst/gen_sdpram.xpm_memory_base_inst/gen_wr_a.gen_word_narrow.mem_reg_0_15_0_7/RAMD/O
                         net (fo=1, routed)           0.009     1.456    design_1_i/axi_quad_spi_0/U0/NO_DUAL_QUAD_MODE.QSPI_NORMAL/QSPI_LEGACY_MD_GEN.QSPI_CORE_INTERFACE_I/FIFO_EXISTS.RX_FIFO_II/gnuram_async_fifo.xpm_fifo_base_inst/gen_sdpram.xpm_memory_base_inst/gen_rd_b.gen_rd_b_synth_template.gen_nc_narrow_pipe.doutb_reg_reg0[6]
    SLICE_X8Y109         FDRE                                         r  design_1_i/axi_quad_spi_0/U0/NO_DUAL_QUAD_MODE.QSPI_NORMAL/QSPI_LEGACY_MD_GEN.QSPI_CORE_INTERFACE_I/FIFO_EXISTS.RX_FIFO_II/gnuram_async_fifo.xpm_fifo_base_inst/gen_sdpram.xpm_memory_base_inst/gen_rd_b.gen_rd_b_synth_template.gen_nc_narrow_pipe.doutb_reg_reg[6]/D
  -------------------------------------------------------------------    -------------------

                         (clock clk_pl_0 rise edge)
                                                      0.000     0.000 r  
    PS8_X0Y0             PS8                          0.000     0.000 r  design_1_i/zynq_ultra_ps_e_0/inst/PS8_i/PLCLK[0]
                         net (fo=1, routed)           0.120     0.120    design_1_i/zynq_ultra_ps_e_0/inst/pl_clk_unbuffered[0]
    BUFG_PS_X0Y80        BUFG_PS (Prop_BUFG_PS_I_O)
                                                      0.018     0.138 r  design_1_i/zynq_ultra_ps_e_0/inst/buffer_pl_clk_0.PL_CLK_0_BUFG/O
    X1Y1 (CLOCK_ROOT)    net (fo=1324, routed)        1.371     1.509    design_1_i/axi_quad_spi_0/U0/NO_DUAL_QUAD_MODE.QSPI_NORMAL/QSPI_LEGACY_MD_GEN.QSPI_CORE_INTERFACE_I/FIFO_EXISTS.RX_FIFO_II/gnuram_async_fifo.xpm_fifo_base_inst/gen_sdpram.xpm_memory_base_inst/clkb
    SLICE_X8Y109         FDRE                                         r  design_1_i/axi_quad_spi_0/U0/NO_DUAL_QUAD_MODE.QSPI_NORMAL/QSPI_LEGACY_MD_GEN.QSPI_CORE_INTERFACE_I/FIFO_EXISTS.RX_FIFO_II/gnuram_async_fifo.xpm_fifo_base_inst/gen_sdpram.xpm_memory_base_inst/gen_rd_b.gen_rd_b_synth_template.gen_nc_narrow_pipe.doutb_reg_reg[6]/C

Slack:                    inf
  Source:                 design_1_i/axi_quad_spi_0/U0/NO_DUAL_QUAD_MODE.QSPI_NORMAL/QSPI_LEGACY_MD_GEN.QSPI_CORE_INTERFACE_I/FIFO_EXISTS.RX_FIFO_II/gnuram_async_fifo.xpm_fifo_base_inst/gen_sdpram.xpm_memory_base_inst/gen_wr_a.gen_word_narrow.mem_reg_0_15_0_7/RAMA_D1/CLK
                            (rising edge-triggered cell RAMD32 clocked by clk_pl_0  {rise@0.000ns fall@5.000ns period=10.000ns})
  Destination:            design_1_i/axi_quad_spi_0/U0/NO_DUAL_QUAD_MODE.QSPI_NORMAL/QSPI_LEGACY_MD_GEN.QSPI_CORE_INTERFACE_I/FIFO_EXISTS.RX_FIFO_II/gnuram_async_fifo.xpm_fifo_base_inst/gen_sdpram.xpm_memory_base_inst/gen_rd_b.gen_rd_b_synth_template.gen_nc_narrow_pipe.doutb_reg_reg[1]/D
                            (rising edge-triggered cell FDRE clocked by clk_pl_0  {rise@0.000ns fall@5.000ns period=10.000ns})
  Path Group:             (none)
  Path Type:              Hold (Min at Fast Process Corner)
  Data Path Delay:        0.129ns  (logic 0.111ns (86.046%)  route 0.018ns (13.953%))
  Logic Levels:           0  
  Clock Path Skew:        0.175ns (DCD - SCD - CPR)
    Destination Clock Delay (DCD):    1.509ns
    Source Clock Delay      (SCD):    1.334ns
    Clock Pessimism Removal (CPR):    -0.000ns
  Clock Uncertainty:      0.174ns  ((TSJ^2 + DJ^2)^1/2) / 2 + PE
    Total System Jitter     (TSJ):    0.071ns
    Discrete Jitter          (DJ):    0.340ns
    Phase Error              (PE):    0.000ns
  Clock Net Delay (Source):      1.223ns (routing 0.658ns, distribution 0.565ns)
  Clock Net Delay (Destination): 1.371ns (routing 0.738ns, distribution 0.633ns)
  Timing Exception:       False Path

    Location             Delay type                Incr(ns)  Path(ns)    Netlist Resource(s)
  -------------------------------------------------------------------    -------------------
                         (clock clk_pl_0 rise edge)
                                                      0.000     0.000 r  
    PS8_X0Y0             PS8                          0.000     0.000 r  design_1_i/zynq_ultra_ps_e_0/inst/PS8_i/PLCLK[0]
                         net (fo=1, routed)           0.094     0.094    design_1_i/zynq_ultra_ps_e_0/inst/pl_clk_unbuffered[0]
    BUFG_PS_X0Y80        BUFG_PS (Prop_BUFG_PS_I_O)
                                                      0.017     0.111 r  design_1_i/zynq_ultra_ps_e_0/inst/buffer_pl_clk_0.PL_CLK_0_BUFG/O
    X1Y1 (CLOCK_ROOT)    net (fo=1324, routed)        1.223     1.334    design_1_i/axi_quad_spi_0/U0/NO_DUAL_QUAD_MODE.QSPI_NORMAL/QSPI_LEGACY_MD_GEN.QSPI_CORE_INTERFACE_I/FIFO_EXISTS.RX_FIFO_II/gnuram_async_fifo.xpm_fifo_base_inst/gen_sdpram.xpm_memory_base_inst/gen_wr_a.gen_word_narrow.mem_reg_0_15_0_7/WCLK
    SLICE_X8Y109         RAMD32                                       r  design_1_i/axi_quad_spi_0/U0/NO_DUAL_QUAD_MODE.QSPI_NORMAL/QSPI_LEGACY_MD_GEN.QSPI_CORE_INTERFACE_I/FIFO_EXISTS.RX_FIFO_II/gnuram_async_fifo.xpm_fifo_base_inst/gen_sdpram.xpm_memory_base_inst/gen_wr_a.gen_word_narrow.mem_reg_0_15_0_7/RAMA_D1/CLK
  -------------------------------------------------------------------    -------------------
    SLICE_X8Y109         RAMD32 (Prop_A6LUT_SLICEM_CLK_O)
                                                      0.111     1.445 r  design_1_i/axi_quad_spi_0/U0/NO_DUAL_QUAD_MODE.QSPI_NORMAL/QSPI_LEGACY_MD_GEN.QSPI_CORE_INTERFACE_I/FIFO_EXISTS.RX_FIFO_II/gnuram_async_fifo.xpm_fifo_base_inst/gen_sdpram.xpm_memory_base_inst/gen_wr_a.gen_word_narrow.mem_reg_0_15_0_7/RAMA_D1/O
                         net (fo=1, routed)           0.018     1.463    design_1_i/axi_quad_spi_0/U0/NO_DUAL_QUAD_MODE.QSPI_NORMAL/QSPI_LEGACY_MD_GEN.QSPI_CORE_INTERFACE_I/FIFO_EXISTS.RX_FIFO_II/gnuram_async_fifo.xpm_fifo_base_inst/gen_sdpram.xpm_memory_base_inst/gen_rd_b.gen_rd_b_synth_template.gen_nc_narrow_pipe.doutb_reg_reg0[1]
    SLICE_X8Y109         FDRE                                         r  design_1_i/axi_quad_spi_0/U0/NO_DUAL_QUAD_MODE.QSPI_NORMAL/QSPI_LEGACY_MD_GEN.QSPI_CORE_INTERFACE_I/FIFO_EXISTS.RX_FIFO_II/gnuram_async_fifo.xpm_fifo_base_inst/gen_sdpram.xpm_memory_base_inst/gen_rd_b.gen_rd_b_synth_template.gen_nc_narrow_pipe.doutb_reg_reg[1]/D
  -------------------------------------------------------------------    -------------------

                         (clock clk_pl_0 rise edge)
                                                      0.000     0.000 r  
    PS8_X0Y0             PS8                          0.000     0.000 r  design_1_i/zynq_ultra_ps_e_0/inst/PS8_i/PLCLK[0]
                         net (fo=1, routed)           0.120     0.120    design_1_i/zynq_ultra_ps_e_0/inst/pl_clk_unbuffered[0]
    BUFG_PS_X0Y80        BUFG_PS (Prop_BUFG_PS_I_O)
                                                      0.018     0.138 r  design_1_i/zynq_ultra_ps_e_0/inst/buffer_pl_clk_0.PL_CLK_0_BUFG/O
    X1Y1 (CLOCK_ROOT)    net (fo=1324, routed)        1.371     1.509    design_1_i/axi_quad_spi_0/U0/NO_DUAL_QUAD_MODE.QSPI_NORMAL/QSPI_LEGACY_MD_GEN.QSPI_CORE_INTERFACE_I/FIFO_EXISTS.RX_FIFO_II/gnuram_async_fifo.xpm_fifo_base_inst/gen_sdpram.xpm_memory_base_inst/clkb
    SLICE_X8Y109         FDRE                                         r  design_1_i/axi_quad_spi_0/U0/NO_DUAL_QUAD_MODE.QSPI_NORMAL/QSPI_LEGACY_MD_GEN.QSPI_CORE_INTERFACE_I/FIFO_EXISTS.RX_FIFO_II/gnuram_async_fifo.xpm_fifo_base_inst/gen_sdpram.xpm_memory_base_inst/gen_rd_b.gen_rd_b_synth_template.gen_nc_narrow_pipe.doutb_reg_reg[1]/C

Slack:                    inf
  Source:                 design_1_i/axi_quad_spi_0/U0/NO_DUAL_QUAD_MODE.QSPI_NORMAL/QSPI_LEGACY_MD_GEN.QSPI_CORE_INTERFACE_I/FIFO_EXISTS.RX_FIFO_II/gnuram_async_fifo.xpm_fifo_base_inst/gen_sdpram.xpm_memory_base_inst/gen_wr_a.gen_word_narrow.mem_reg_0_15_0_7/RAMB_D1/CLK
                            (rising edge-triggered cell RAMD32 clocked by clk_pl_0  {rise@0.000ns fall@5.000ns period=10.000ns})
  Destination:            design_1_i/axi_quad_spi_0/U0/NO_DUAL_QUAD_MODE.QSPI_NORMAL/QSPI_LEGACY_MD_GEN.QSPI_CORE_INTERFACE_I/FIFO_EXISTS.RX_FIFO_II/gnuram_async_fifo.xpm_fifo_base_inst/gen_sdpram.xpm_memory_base_inst/gen_rd_b.gen_rd_b_synth_template.gen_nc_narrow_pipe.doutb_reg_reg[3]/D
                            (rising edge-triggered cell FDRE clocked by clk_pl_0  {rise@0.000ns fall@5.000ns period=10.000ns})
  Path Group:             (none)
  Path Type:              Hold (Min at Fast Process Corner)
  Data Path Delay:        0.131ns  (logic 0.110ns (83.969%)  route 0.021ns (16.031%))
  Logic Levels:           0  
  Clock Path Skew:        0.175ns (DCD - SCD - CPR)
    Destination Clock Delay (DCD):    1.509ns
    Source Clock Delay      (SCD):    1.334ns
    Clock Pessimism Removal (CPR):    -0.000ns
  Clock Uncertainty:      0.174ns  ((TSJ^2 + DJ^2)^1/2) / 2 + PE
    Total System Jitter     (TSJ):    0.071ns
    Discrete Jitter          (DJ):    0.340ns
    Phase Error              (PE):    0.000ns
  Clock Net Delay (Source):      1.223ns (routing 0.658ns, distribution 0.565ns)
  Clock Net Delay (Destination): 1.371ns (routing 0.738ns, distribution 0.633ns)
  Timing Exception:       False Path

    Location             Delay type                Incr(ns)  Path(ns)    Netlist Resource(s)
  -------------------------------------------------------------------    -------------------
                         (clock clk_pl_0 rise edge)
                                                      0.000     0.000 r  
    PS8_X0Y0             PS8                          0.000     0.000 r  design_1_i/zynq_ultra_ps_e_0/inst/PS8_i/PLCLK[0]
                         net (fo=1, routed)           0.094     0.094    design_1_i/zynq_ultra_ps_e_0/inst/pl_clk_unbuffered[0]
    BUFG_PS_X0Y80        BUFG_PS (Prop_BUFG_PS_I_O)
                                                      0.017     0.111 r  design_1_i/zynq_ultra_ps_e_0/inst/buffer_pl_clk_0.PL_CLK_0_BUFG/O
    X1Y1 (CLOCK_ROOT)    net (fo=1324, routed)        1.223     1.334    design_1_i/axi_quad_spi_0/U0/NO_DUAL_QUAD_MODE.QSPI_NORMAL/QSPI_LEGACY_MD_GEN.QSPI_CORE_INTERFACE_I/FIFO_EXISTS.RX_FIFO_II/gnuram_async_fifo.xpm_fifo_base_inst/gen_sdpram.xpm_memory_base_inst/gen_wr_a.gen_word_narrow.mem_reg_0_15_0_7/WCLK
    SLICE_X8Y109         RAMD32                                       r  design_1_i/axi_quad_spi_0/U0/NO_DUAL_QUAD_MODE.QSPI_NORMAL/QSPI_LEGACY_MD_GEN.QSPI_CORE_INTERFACE_I/FIFO_EXISTS.RX_FIFO_II/gnuram_async_fifo.xpm_fifo_base_inst/gen_sdpram.xpm_memory_base_inst/gen_wr_a.gen_word_narrow.mem_reg_0_15_0_7/RAMB_D1/CLK
  -------------------------------------------------------------------    -------------------
    SLICE_X8Y109         RAMD32 (Prop_B6LUT_SLICEM_CLK_O)
                                                      0.110     1.444 r  design_1_i/axi_quad_spi_0/U0/NO_DUAL_QUAD_MODE.QSPI_NORMAL/QSPI_LEGACY_MD_GEN.QSPI_CORE_INTERFACE_I/FIFO_EXISTS.RX_FIFO_II/gnuram_async_fifo.xpm_fifo_base_inst/gen_sdpram.xpm_memory_base_inst/gen_wr_a.gen_word_narrow.mem_reg_0_15_0_7/RAMB_D1/O
                         net (fo=1, routed)           0.021     1.465    design_1_i/axi_quad_spi_0/U0/NO_DUAL_QUAD_MODE.QSPI_NORMAL/QSPI_LEGACY_MD_GEN.QSPI_CORE_INTERFACE_I/FIFO_EXISTS.RX_FIFO_II/gnuram_async_fifo.xpm_fifo_base_inst/gen_sdpram.xpm_memory_base_inst/gen_rd_b.gen_rd_b_synth_template.gen_nc_narrow_pipe.doutb_reg_reg0[3]
    SLICE_X8Y109         FDRE                                         r  design_1_i/axi_quad_spi_0/U0/NO_DUAL_QUAD_MODE.QSPI_NORMAL/QSPI_LEGACY_MD_GEN.QSPI_CORE_INTERFACE_I/FIFO_EXISTS.RX_FIFO_II/gnuram_async_fifo.xpm_fifo_base_inst/gen_sdpram.xpm_memory_base_inst/gen_rd_b.gen_rd_b_synth_template.gen_nc_narrow_pipe.doutb_reg_reg[3]/D
  -------------------------------------------------------------------    -------------------

                         (clock clk_pl_0 rise edge)
                                                      0.000     0.000 r  
    PS8_X0Y0             PS8                          0.000     0.000 r  design_1_i/zynq_ultra_ps_e_0/inst/PS8_i/PLCLK[0]
                         net (fo=1, routed)           0.120     0.120    design_1_i/zynq_ultra_ps_e_0/inst/pl_clk_unbuffered[0]
    BUFG_PS_X0Y80        BUFG_PS (Prop_BUFG_PS_I_O)
                                                      0.018     0.138 r  design_1_i/zynq_ultra_ps_e_0/inst/buffer_pl_clk_0.PL_CLK_0_BUFG/O
    X1Y1 (CLOCK_ROOT)    net (fo=1324, routed)        1.371     1.509    design_1_i/axi_quad_spi_0/U0/NO_DUAL_QUAD_MODE.QSPI_NORMAL/QSPI_LEGACY_MD_GEN.QSPI_CORE_INTERFACE_I/FIFO_EXISTS.RX_FIFO_II/gnuram_async_fifo.xpm_fifo_base_inst/gen_sdpram.xpm_memory_base_inst/clkb
    SLICE_X8Y109         FDRE                                         r  design_1_i/axi_quad_spi_0/U0/NO_DUAL_QUAD_MODE.QSPI_NORMAL/QSPI_LEGACY_MD_GEN.QSPI_CORE_INTERFACE_I/FIFO_EXISTS.RX_FIFO_II/gnuram_async_fifo.xpm_fifo_base_inst/gen_sdpram.xpm_memory_base_inst/gen_rd_b.gen_rd_b_synth_template.gen_nc_narrow_pipe.doutb_reg_reg[3]/C

Slack:                    inf
  Source:                 design_1_i/axi_quad_spi_0/U0/NO_DUAL_QUAD_MODE.QSPI_NORMAL/QSPI_LEGACY_MD_GEN.QSPI_CORE_INTERFACE_I/FIFO_EXISTS.RX_FIFO_II/gnuram_async_fifo.xpm_fifo_base_inst/gen_sdpram.xpm_memory_base_inst/gen_wr_a.gen_word_narrow.mem_reg_0_15_0_7/RAMC_D1/CLK
                            (rising edge-triggered cell RAMD32 clocked by clk_pl_0  {rise@0.000ns fall@5.000ns period=10.000ns})
  Destination:            design_1_i/axi_quad_spi_0/U0/NO_DUAL_QUAD_MODE.QSPI_NORMAL/QSPI_LEGACY_MD_GEN.QSPI_CORE_INTERFACE_I/FIFO_EXISTS.RX_FIFO_II/gnuram_async_fifo.xpm_fifo_base_inst/gen_sdpram.xpm_memory_base_inst/gen_rd_b.gen_rd_b_synth_template.gen_nc_narrow_pipe.doutb_reg_reg[5]/D
                            (rising edge-triggered cell FDRE clocked by clk_pl_0  {rise@0.000ns fall@5.000ns period=10.000ns})
  Path Group:             (none)
  Path Type:              Hold (Min at Fast Process Corner)
  Data Path Delay:        0.134ns  (logic 0.110ns (82.090%)  route 0.024ns (17.910%))
  Logic Levels:           0  
  Clock Path Skew:        0.175ns (DCD - SCD - CPR)
    Destination Clock Delay (DCD):    1.509ns
    Source Clock Delay      (SCD):    1.334ns
    Clock Pessimism Removal (CPR):    -0.000ns
  Clock Uncertainty:      0.174ns  ((TSJ^2 + DJ^2)^1/2) / 2 + PE
    Total System Jitter     (TSJ):    0.071ns
    Discrete Jitter          (DJ):    0.340ns
    Phase Error              (PE):    0.000ns
  Clock Net Delay (Source):      1.223ns (routing 0.658ns, distribution 0.565ns)
  Clock Net Delay (Destination): 1.371ns (routing 0.738ns, distribution 0.633ns)
  Timing Exception:       False Path

    Location             Delay type                Incr(ns)  Path(ns)    Netlist Resource(s)
  -------------------------------------------------------------------    -------------------
                         (clock clk_pl_0 rise edge)
                                                      0.000     0.000 r  
    PS8_X0Y0             PS8                          0.000     0.000 r  design_1_i/zynq_ultra_ps_e_0/inst/PS8_i/PLCLK[0]
                         net (fo=1, routed)           0.094     0.094    design_1_i/zynq_ultra_ps_e_0/inst/pl_clk_unbuffered[0]
    BUFG_PS_X0Y80        BUFG_PS (Prop_BUFG_PS_I_O)
                                                      0.017     0.111 r  design_1_i/zynq_ultra_ps_e_0/inst/buffer_pl_clk_0.PL_CLK_0_BUFG/O
    X1Y1 (CLOCK_ROOT)    net (fo=1324, routed)        1.223     1.334    design_1_i/axi_quad_spi_0/U0/NO_DUAL_QUAD_MODE.QSPI_NORMAL/QSPI_LEGACY_MD_GEN.QSPI_CORE_INTERFACE_I/FIFO_EXISTS.RX_FIFO_II/gnuram_async_fifo.xpm_fifo_base_inst/gen_sdpram.xpm_memory_base_inst/gen_wr_a.gen_word_narrow.mem_reg_0_15_0_7/WCLK
    SLICE_X8Y109         RAMD32                                       r  design_1_i/axi_quad_spi_0/U0/NO_DUAL_QUAD_MODE.QSPI_NORMAL/QSPI_LEGACY_MD_GEN.QSPI_CORE_INTERFACE_I/FIFO_EXISTS.RX_FIFO_II/gnuram_async_fifo.xpm_fifo_base_inst/gen_sdpram.xpm_memory_base_inst/gen_wr_a.gen_word_narrow.mem_reg_0_15_0_7/RAMC_D1/CLK
  -------------------------------------------------------------------    -------------------
    SLICE_X8Y109         RAMD32 (Prop_C6LUT_SLICEM_CLK_O)
                                                      0.110     1.444 r  design_1_i/axi_quad_spi_0/U0/NO_DUAL_QUAD_MODE.QSPI_NORMAL/QSPI_LEGACY_MD_GEN.QSPI_CORE_INTERFACE_I/FIFO_EXISTS.RX_FIFO_II/gnuram_async_fifo.xpm_fifo_base_inst/gen_sdpram.xpm_memory_base_inst/gen_wr_a.gen_word_narrow.mem_reg_0_15_0_7/RAMC_D1/O
                         net (fo=1, routed)           0.024     1.468    design_1_i/axi_quad_spi_0/U0/NO_DUAL_QUAD_MODE.QSPI_NORMAL/QSPI_LEGACY_MD_GEN.QSPI_CORE_INTERFACE_I/FIFO_EXISTS.RX_FIFO_II/gnuram_async_fifo.xpm_fifo_base_inst/gen_sdpram.xpm_memory_base_inst/gen_rd_b.gen_rd_b_synth_template.gen_nc_narrow_pipe.doutb_reg_reg0[5]
    SLICE_X8Y109         FDRE                                         r  design_1_i/axi_quad_spi_0/U0/NO_DUAL_QUAD_MODE.QSPI_NORMAL/QSPI_LEGACY_MD_GEN.QSPI_CORE_INTERFACE_I/FIFO_EXISTS.RX_FIFO_II/gnuram_async_fifo.xpm_fifo_base_inst/gen_sdpram.xpm_memory_base_inst/gen_rd_b.gen_rd_b_synth_template.gen_nc_narrow_pipe.doutb_reg_reg[5]/D
  -------------------------------------------------------------------    -------------------

                         (clock clk_pl_0 rise edge)
                                                      0.000     0.000 r  
    PS8_X0Y0             PS8                          0.000     0.000 r  design_1_i/zynq_ultra_ps_e_0/inst/PS8_i/PLCLK[0]
                         net (fo=1, routed)           0.120     0.120    design_1_i/zynq_ultra_ps_e_0/inst/pl_clk_unbuffered[0]
    BUFG_PS_X0Y80        BUFG_PS (Prop_BUFG_PS_I_O)
                                                      0.018     0.138 r  design_1_i/zynq_ultra_ps_e_0/inst/buffer_pl_clk_0.PL_CLK_0_BUFG/O
    X1Y1 (CLOCK_ROOT)    net (fo=1324, routed)        1.371     1.509    design_1_i/axi_quad_spi_0/U0/NO_DUAL_QUAD_MODE.QSPI_NORMAL/QSPI_LEGACY_MD_GEN.QSPI_CORE_INTERFACE_I/FIFO_EXISTS.RX_FIFO_II/gnuram_async_fifo.xpm_fifo_base_inst/gen_sdpram.xpm_memory_base_inst/clkb
    SLICE_X8Y109         FDRE                                         r  design_1_i/axi_quad_spi_0/U0/NO_DUAL_QUAD_MODE.QSPI_NORMAL/QSPI_LEGACY_MD_GEN.QSPI_CORE_INTERFACE_I/FIFO_EXISTS.RX_FIFO_II/gnuram_async_fifo.xpm_fifo_base_inst/gen_sdpram.xpm_memory_base_inst/gen_rd_b.gen_rd_b_synth_template.gen_nc_narrow_pipe.doutb_reg_reg[5]/C





